date,rank,pool,project,chain,tvl,tvl_raw,apy,base_apy,reward_apy,base_apy_7d,il_7d,avg_30d,inception_apy,top_10_pct,total_pool,total_borrowed,avail_liquidity,supply_cap_util,collateral_exposure
2026-04-17,1,STEAKUSDC,Morpho V1,,$516.11m,516110000.0,4.0,4.0,,,,3.89,,84.0,,,,,
2026-04-17,1,USDC.E-USDT.E,Yuzu Finance,,"$744,213",744213.0,26.74,0.16,,,,26.58,,25.41,,,,,
2026-04-17,2,GTUSDCP,Morpho V1,,$368.56m,368560000.0,4.0,4.0,,,,3.89,,80.0,,,,,
2026-04-17,2,USDC / monUSD,AUTOfinance,,"$506,537",506537.0,18.01,13.4,,,,30.71,,100.0,,,,,
2026-04-17,3,SUSDS,Sky Lending,,$357.5m,357500000.0,3.75,3.75,,,,3.75,,97.5,,,,,
2026-04-17,4,USDD,JustLend,,$334.83m,334830000.0,4.27,0.0,,,,4.26,,4.66,,,,,
2026-04-17,6,SUSDAI / 30d unlock,USD AI,,$257.72m,257720000.00000003,6.83,6.83,,,,6.24,,86.8,,,,,
2026-04-17,6,APXUSD / For buying PT-apxUSD-18JUN2026,Pendle,,$1.11m,1110000.0,13.96,13.96,,,,14.42,,97.0,,,,,
2026-04-17,7,USDY / US Dollar Yield,Ondo Yield Assets,,$180.08m,180080000.0,3.55,3.55,,,,3.55,,3.55,,,,,
2026-04-17,7,USDC-MSUSD / stable - 0.05%,Velodrome V2,,$1.22m,1220000.0,13.91,13.91,,,,10.59,,100.0,,,,,
2026-04-17,8,USDT,JustLend,,$130.31m,130310000.0,1.49,1.49,,,,1.49,,1.63,,,,,
2026-04-17,9,GTUSDT,Morpho V1,,$96.43m,96430000.0,1.08,1.08,,,,1.08,,0.75,,,,,
2026-04-17,9,MSUSD-USDC,Extra Finance Leverage Farming,,$1.22m,1220000.0,13.52,13.52,,,,11.58,,99.9,,,,,
2026-04-17,10,USDC,Aave V3,,$95.26m,95260000.0,1.6,1.6,,,,1.55,,25.6,,,,,
2026-04-17,10,WNUSDT0-WNAUSD-WNUSDC / Balancer,Beefy,,$2.7m,2700000.0,13.43,13.98,,,,13.98,,76.0,,,,,
2026-04-17,12,MSUSD-USDC / Aerodrome,Beefy,,"$507,245",507245.0,12.21,10.53,,,,10.53,,46.3,,,,,
2026-04-17,13,USDC / vault,Avantis,,$61.55m,61550000.0,11.28,11.28,,,,9.56,,32.0,,,,,
2026-04-17,13,DJED,Liqwid,,$1.65m,1650000.0,11.94,11.94,,,,11.94,,12.03,,,,,
2026-04-17,14,USDC,Tectonic,,$55.21m,55210000.0,0.12,0.11,,,,0.0,,0.12,,,,,
2026-04-17,14,USDC / arbUSD,AUTOfinance,,$2.08m,2080000.0,11.87,10.15,,,,7.66,,100.0,,,,,
2026-04-17,15,USDC,Sprinter,,$2.96m,2960000.0,11.35,9.96,,,,,,9.96,,,,,
2026-04-17,16,SUSDU,Unitas,,$47.33m,47330000.0,10.65,10.65,,,,10.65,,12.14,,,,,
2026-04-17,17,USDT,Tectonic,,$44.81m,44810000.0,0.15,0.15,,,,0.0,,0.15,,,,,
2026-04-17,17,USDC,Abyss,,$1.9m,1900000.0,11.29,11.29,,,,11.29,,8.77,,,,,
2026-04-17,18,EARNAUSD,Upshift,,$38.95m,38950000.0,9.74,4.64,,,,5.1,,8.09,,,,,
2026-04-17,19,USDAI / For buying PT-USDai-18JUN2026,Pendle,,$35.91m,35910000.0,5.42,5.42,,,,5.18,,99.5,,,,,
2026-04-17,20,USDAI / For LP | Maturity 18JUN2026,Pendle,,$35.91m,35910000.0,0.76,0.69,,,,3.56,,99.9,,,,,
2026-04-17,20,MSUSD-FRXUSD,Aerodrome V1,,"$581,979",581979.0,10.97,10.97,,,,14.88,,100.0,,,,,
2026-04-17,21,BBQUSDT0,Morpho V1,,$34.58m,34580000.0,2.56,2.56,,,,3.06,,100.0,,,,,
2026-04-17,22,MIM-USDT0 / Mim,Beefy,,$1.15m,1150000.0,10.34,10.38,,,,10.38,,81.6,,,,,
2026-04-17,23,USDX / USDX (Hex Trust),Clearpool Lending,,$33.62m,33620000.0,3.5,3.5,,,,3.5,,3.5,,,,,
2026-04-17,23,USDC.E,Kinetic,,"$554,519",554519.0,10.19,3.01,,,,7.18,,11.08,,,,,
2026-04-17,24,USDC,Fluid Lending,,$32.91m,32910000.0,5.4,4.39,,,,6.02,,47.7,,,,,
2026-04-17,24,ALUSD-USDC,Curve DEX,,"$718,712",718712.0,10.18,0.85,,,,10.08,,100.0,,,,,
2026-04-17,25,FEUSDC,Morpho V1,,$31.66m,31660000.0,4.86,4.86,,,,5.37,,71.0,,,,,
2026-04-17,25,ALUSD-USDC / Curve,Stake DAO,,"$682,390",682390.0,9.66,0.13,,,,9.78,,95.9,,,,,
2026-04-17,27,VBUSDC,Yearn Finance,,$29.92m,29920000.0,0.94,0.94,,,,0.94,,1.86,,,,,
2026-04-17,28,USDC / yoUSD,YO Protocol,,$26.17m,26170000.0,15.92,3.92,,,,14.09,,59.0,,,,,
2026-04-17,28,APXUSD / For LP | Maturity 18JUN2026,Pendle,,$1.11m,1110000.0,9.5,6.19,,,,9.3,,100.0,,,,,
2026-04-17,29,HYPERUSDCA,Morpho V1,,$25.45m,25450000.0,4.12,4.12,,,,6.84,,100.0,,,,,
2026-04-17,29,SUPERUSDC / SuperVault,Superform,,$2.22m,2220000.0,9.44,4.48,,,,5.58,,57.0,,,,,
2026-04-17,30,USDT0,Neverland,,$3.65m,3650000.0,9.33,3.84,,,,9.21,,85.7,,,,,
2026-04-17,31,SYRUPUSDC-USDC,Kamino Liquidity,,$25.25m,25250000.0,1.05,1.05,,,,0.66,,1.0,,,,,
2026-04-17,31,DAI-USDT / 0.00%,Uniswap V4,,"$535,004",535004.0,9.2,9.2,,,,9.2,,12.46,,,,,
2026-04-17,32,SYZUSD,Yuzu Money,,$23.95m,23950000.0,6.99,6.99,,,,7.35,,100.0,,,,,
2026-04-17,33,USDS-USDC,Kamino Liquidity,,$22.96m,22960000.0,0.01,0.01,,,,0.03,,0.06,,,,,
2026-04-17,33,USDC,ZEROBASE CeDeFi,,"$801,249",801249.0,9.0,7.0,,,,9.0,,97.4,,,,,
2026-04-17,34,PYUSD-USDC,Kamino Liquidity,,$22.42m,22420000.0,0.35,0.35,,,,0.44,,0.91,,,,,
2026-04-17,34,USDC,MortgageFi,,"$723,214",723214.0,8.97,8.99,,,,8.99,,97.8,,,,,
2026-04-17,35,BUCK,NAVI Lending,,$22.08m,22080000.0,0.12,0.12,,,,0.12,,0.15,,,,,
2026-04-17,35,AUSD,Yearn Finance,,$1.63m,1630000.0,8.89,8.89,,,,8.89,,2.81,,,,,
2026-04-17,36,ZVUSDC,Zircuit Finance,,$1.51m,1510000.0,8.88,8.88,,,,8.54,,26.1,,,,,
2026-04-17,37,BBQUSDC,Morpho V1,,$20.48m,20480000.0,3.68,3.68,,,,2.97,,97.7,,,,,
2026-04-17,38,MSUSD-USDC / CL50 - 0.05%,Aerodrome Slipstream,,$20.29m,20290000.0,3.45,1.64,,,,1.69,,6.68,,,,,
2026-04-17,38,USDC-USDT / CL1 - 0.0009%,Aerodrome Slipstream,,$1.17m,1170000.0,8.61,7.44,,,,6.67,,6.28,,,,,
2026-04-17,39,USDT-MIM / 0.05%,Uniswap V3,,$19.97m,19970000.0,0.0001,0.0001,,,,0.0001,,0.0,,,,,
2026-04-17,39,USDC,Liqwid,,"$520,299",520299.0,8.39,8.39,,,,8.39,,3.61,,,,,
2026-04-17,41,USDT0,Aave V3,,$17.37m,17370000.0,2.45,2.45,,,,2.51,,35.9,,,,,
2026-04-17,42,USDT,Symbiosis,,$1.21m,1210000.0,8.24,8.24,,,,8.24,,6.76,,,,,
2026-04-17,43,USDC,Neverland,,$17.11m,17110000.0,7.98,3.82,,,,8.38,,81.0,,,,,
2026-04-17,44,USDC / Euler Earn USDC,Euler V2,,$1.65m,1650000.0,8.05,8.05,,,,1.78,,72.4,,,,,
2026-04-17,45,PYUSD,Kamino Lend,,$16.16m,16160000.0,2.26,2.26,,,,2.26,,2.28,,,,,
2026-04-17,45,USDSUI,NAVI Lending,,$1.53m,1530000.0,7.98,0.04,,,,7.93,,9.06,,,,,
2026-04-17,46,USDC,NAVI Lending,,$15.85m,15850000.0,2.9,2.42,,,,0.49,,4.36,,,,,
2026-04-17,47,MIM-USDC / Mim,Beefy,,$2.43m,2430000.0,7.89,7.16,,,,7.16,,89.0,,,,,
2026-04-17,49,USDC,Loopscale,,$1.01m,1010000.0,7.81,7.81,,,,7.81,,8.37,,,,,
2026-04-17,50,USDM,Aave V3,,$14.66m,14660000.0,0.0,0.0,,,,0.0001,,99.5,,,,,
2026-04-17,50,USDC,Gearbox,,$3.39m,3390000.0,7.75,2.34,,,,7.48,,80.9,,,,,
2026-04-17,51,CASH-USDC,Kamino Liquidity,,$14.29m,14290000.0,0.96,0.96,,,,0.34,,0.46,,,,,
2026-04-17,52,SUSDAI / For buying PT-sUSDai-15OCT2026,Pendle,,$13.84m,13840000.0,7.82,7.82,,,,7.61,,47.1,,,,,
2026-04-17,53,SUSDAI / For LP | Maturity 15OCT2026,Pendle,,$13.84m,13840000.0,7.57,6.76,,,,7.64,,60.5,,,,,
2026-04-17,54,USDC,HyperLend Pooled,,$13.79m,13790000.0,4.32,4.32,,,,4.1,,77.2,,,,,
2026-04-17,55,USDC,Credix,,$13.62m,13620000.0,0.1,0.1,,,,0.1,,0.1,,,,,
2026-04-17,55,USDC-SUSD / stable - 0.05%,Velodrome V2,,$1.03m,1030000.0,7.1,7.1,,,,6.25,,99.8,,,,,
2026-04-17,57,FEUSDT0,Morpho V1,,$12.32m,12320000.0,6.84,6.84,,,,5.3,,61.9,,,,,
2026-04-17,57,USDC / 40 Acres,Harvest Finance,,$2.02m,2020000.0,6.94,6.94,,,,6.02,,59.6,,,,,
2026-04-17,58,MWUSDC,Morpho V1,,$12.32m,12320000.0,4.0,4.0,,,,3.89,,44.1,,,,,
2026-04-17,58,WABASGHO-WABASUSDC / Aura,Beefy,,$1.63m,1630000.0,6.91,5.24,,,,5.24,,69.5,,,,,
2026-04-17,59,SPARKUSDC,Morpho V1,,$12.19m,12190000.0,3.97,3.97,,,,3.92,,47.3,,,,,
2026-04-17,59,USDAI / For buying PT-USDai-15OCT2026,Pendle,,"$903,561",903561.0,6.87,6.87,,,,6.06,,90.8,,,,,
2026-04-17,61,USDG-USDC,Kamino Liquidity,,$10.53m,10530000.0,0.1,0.1,,,,0.26,,0.49,,,,,
2026-04-17,62,USDC,Kamino Lend,,$10.41m,10410000.0,3.36,3.36,,,,3.36,,2.21,,,,,
2026-04-17,63,AUSD,Accountable,,$9.9m,9900000.0,11.28,7.76,,,,3.52,,11.28,,,,,
2026-04-17,63,XUSD,Sovryn Dex,,"$727,888",727888.0,6.48,6.48,,,,6.48,,6.54,,,,,
2026-04-17,64,USDT,Compound V3,,$9.61m,9610000.0,1.88,1.88,,,,2.04,,94.5,,,,,
2026-04-17,64,DTUSDC,Lagoon,,"$675,972",675972.0,6.46,6.46,,,,5.56,,87.9,,,,,
2026-04-17,65,VBUSDT,Yearn Finance,,$8.7m,8700000.0,1.49,1.49,,,,1.49,,1.68,,,,,
2026-04-17,65,AUSD / earnAUSD/AUSD,Curvance,,$2.57m,2570000.0,6.36,6.36,,,,6.63,,58.6,,,,,
2026-04-17,66,USDC,Gains Network,,$8.64m,8640000.0,4.92,4.92,,,,6.34,,60.7,,,,,
2026-04-17,67,USDT,ZEROBASE CeDeFi,,$8.11m,8109999.999999999,5.3,3.3,,,,5.3,,98.9,,,,,
2026-04-17,68,AUSD,Neverland,,$8.08m,8080000.0,9.63,4.35,,,,10.23,,79.3,,,,,
2026-04-17,68,USDC / Dolomite Balance,Dolomite,,"$828,423",828423.0,6.13,6.13,,,,6.13,,3.9,,,,,
2026-04-17,69,USDC / MainMarket,Current,,$2.82m,2820000.0,6.04,0.89,,,,5.15,,6.02,,,,,
2026-04-17,70,AAVEGHO-USDT-USDC,Aura,,$7.61m,7610000.0,6.48,1.62,,,,7.3,,100.0,,,,,
2026-04-17,70,AUSD / syzUSD/AUSD,Curvance,,"$621,705",621705.0,6.0,6.0,,,,5.95,,89.9,,,,,
2026-04-17,71,AAVEUSDC-AAVEGHO,Aura,,$7.23m,7230000.0,7.27,2.31,,,,5.57,,100.0,,,,,
2026-04-17,71,GHO,Fluid Lending,,$3.55m,3550000.0,5.97,3.04,,,,6.27,,64.0,,,,,
2026-04-17,72,WAARBUSDCN-WAARBUSDT-WAARBGHO / Aura,Beefy,,$3.76m,3760000.0,5.92,6.94,,,,6.94,,70.5,,,,,
2026-04-17,73,PUSDC,Morpho V1,,$7.2m,7200000.0,4.06,4.06,,,,3.89,,93.4,,,,,
2026-04-17,75,GTUSDC,Morpho V1,,$6.97m,6970000.0,1.84,1.84,,,,1.84,,1.03,,,,,
2026-04-17,76,USDC-USDT / 2FER,Ferro,,$6.96m,6960000.0,0.01,0.01,,,,0.01,,0.05,,,,,
2026-04-17,76,USDC,Extra Finance Leverage Farming,,$4.03m,4030000.000000001,5.65,5.65,,,,5.07,,100.0,,,,,
2026-04-17,77,AUSD / vUSD/AUSD,Curvance,,"$558,137",558137.0,5.55,5.55,,,,5.41,,100.0,,,,,
2026-04-17,78,USDC,Compound V3,,$6.91m,6910000.0,2.35,2.35,,,,2.36,,70.6,,,,,
2026-04-17,78,DLLR,Sovryn Dex,,"$543,890",543890.0,5.53,5.53,,,,5.53,,5.27,,,,,
2026-04-17,79,USDC / baseUSD,AUTOfinance,,$6.78m,6780000.0,8.28,5.11,,,,6.61,,99.9,,,,,
2026-04-17,79,USDC,Harmonix Finance,,"$863,260",863260.0,5.43,5.43,,,,5.43,,5.22,,,,,
2026-04-17,80,MSUSD-USDC,Aerodrome V1,,$6.75m,6750000.0,12.81,12.81,,,,11.0,,99.9,,,,,
2026-04-17,82,USDS,Kamino Lend,,$6.46m,6460000.0,1.51,1.51,,,,1.51,,1.03,,,,,
2026-04-17,82,USDC-ALUSD / stable - 0.05%,Velodrome V2,,$1.66m,1660000.0,5.39,5.39,,,,5.69,,100.0,,,,,
2026-04-17,83,SUSDAI / For buying PT-sUSDai-18JUN2026,Pendle,,$6.27m,6270000.0,7.77,7.77,,,,7.12,,59.2,,,,,
2026-04-17,83,USDC,DeltaPrime,,"$734,490",734490.0,5.35,5.35,,,,6.52,,69.1,,,,,
2026-04-17,84,SUSDAI / For LP | Maturity 18JUN2026,Pendle,,$6.27m,6270000.0,7.17,6.76,,,,7.11,,81.5,,,,,
2026-04-17,84,USDM,Liqwid,,$1.44m,1440000.0,5.34,5.34,,,,5.34,,5.28,,,,,
2026-04-17,85,USDC-MUSD / CL 0.01%,Etherex CL,,$5.86m,5860000.0,0.02,0.0,,,,0.0,,0.03,,,,,
2026-04-17,85,CSUSDC,Morpho V1,,$4.34m,4340000.0,5.34,5.34,,,,7.37,,47.0,,,,,
2026-04-17,86,AUGUSTUSDC,Morpho V1,,$5.86m,5860000.0,6.96,6.96,,,,7.25,,100.0,,,,,
2026-04-17,87,AUGUSTUSDCV2,Morpho V1,,$5.85m,5850000.0,6.65,6.65,,,,7.02,,99.5,,,,,
2026-04-17,88,USDC-SCRVUSD / Curve,Stake DAO,,"$653,616",653616.0,5.2,1.94,,,,5.47,,98.6,,,,,
2026-04-17,89,USDCX,Liqwid,,$5.55m,5550000.0,0.41,0.41,,,,0.41,,0.25,,,,,
2026-04-17,89,USDG,Kamino Lend,,$3.2m,3200000.0,5.15,5.15,,,,5.15,,4.54,,,,,
2026-04-17,90,USDC / Main Pool,Save,,$5.47m,5470000.0,2.9,2.9,,,,2.9,,2.91,,,,,
2026-04-17,90,GTUSDCF,Morpho V1,,"$610,324",610324.0,5.13,5.13,,,,4.71,,88.0,,,,,
2026-04-17,91,USDC-USDC / 0.01%,Uniswap V3,,$5.43m,5430000.0,3.58,3.58,,,,3.58,,1.75,,,,,
2026-04-17,92,PRIMEUSDC,Morpho V1,,$5.23m,5230000.0,3.97,3.97,,,,3.86,,100.0,,,,,
2026-04-17,92,FEUSDT02,Morpho V1,,$2.1m,2100000.0,4.99,4.99,,,,5.45,,54.0,,,,,
2026-04-17,93,NTBILL,Nest Credit,,"$669,773",669773.0,4.96,4.96,,,,4.96,,3.37,,,,,
2026-04-17,95,EDGEUSDC,Morpho V1,,$1.03m,1030000.0,4.93,4.93,,,,4.9,,91.2,,,,,
2026-04-17,96,GTUSDCC,Morpho V1,,$4.93m,4930000.0,3.99,3.99,,,,3.29,,76.7,,,,,
2026-04-17,97,USDC,Moonwell Lending,,$4.84m,4840000.0,3.86,2.66,,,,3.79,,48.4,,,,,
2026-04-17,98,IUSD,Indigo,,$4.76m,4760000.0,16.75,16.75,,,,16.75,,18.1,,,,,
2026-04-17,99,FEUSDH,Morpho V1,,$4.67m,4670000.0,6.31,6.31,,,,5.11,,61.2,,,,,
2026-04-17,100,USDC,Wasabi Perps,,$4.57m,4570000.0,5.17,5.17,,,,5.17,,4.52,,,,,
2026-04-17,100,USDC / SuperchargerV2,WOOFi Earn,,"$739,591",739591.0,4.82,4.82,,,,4.87,,94.4,,,,,
2026-04-18,1,USDC.E-USDT.E,Yuzu Finance,,"$766,717",766717.0,26.57,0.23,,,,26.34,,25.46,,,,,
2026-04-18,2,IUSD,Indigo,,$4.78m,4780000.0,16.75,16.75,,,,16.75,,18.05,,,,,
2026-04-18,3,USDC / yoUSD,YO Protocol,,$25.94m,25940000.0,16.54,4.54,,,,14.06,,58.9,,,,,
2026-04-18,4,USDC / yoUSD,YO Protocol,,"$584,234",584234.0,16.54,4.54,,,,14.09,,89.6,,,,,
2026-04-18,5,USDC / monUSD,AUTOfinance,,"$788,695",788695.0,15.45,12.37,,,,27.89,,100.0,,,,,
2026-04-18,6,MSUSD-USDC,Extra Finance Leverage Farming,,$1.2m,1200000.0,14.84,14.84,,,,11.76,,99.9,,,,,
2026-04-18,7,USDC-MSUSD / stable - 0.05%,Velodrome V2,,$1.22m,1220000.0,14.74,14.74,,,,10.74,,100.0,,,,,
2026-04-18,8,USDC-MSUSD / stable - 0.05%,Velodrome V2,,$1.29m,1290000.0,14.38,14.38,,,,10.26,,100.0,,,,,
2026-04-18,9,MSUSD-USDC,Aerodrome V1,,$6.67m,6670000.0,13.9,13.9,,,,11.17,,99.9,,,,,
2026-04-18,10,APXUSD / For buying PT-apxUSD-18JUN2026,Pendle,,$3.11m,3110000.0,13.78,13.78,,,,14.38,,98.7,,,,,
2026-04-18,11,MSUSD-USDC / Aerodrome,Beefy,,"$602,480",602480.0,13.41,10.69,,,,10.69,,52.8,,,,,
2026-04-18,12,WNUSDT0-WNAUSD-WNUSDC / Balancer,Beefy,,$2.76m,2760000.0,13.4,13.95,,,,13.95,,75.2,,,,,
2026-04-18,13,USDC-USDT / CL1 - 0.0009%,Aerodrome Slipstream,,$1.18m,1180000.0,13.2,8.13,,,,6.95,,6.42,,,,,
2026-04-18,14,USDC,Accountable,,"$887,941",887941.0,12.43,9.6,,,,2.83,,12.5,,,,,
2026-04-18,15,USDC / arbUSD,AUTOfinance,,$2.05m,2050000.0,11.93,10.11,,,,7.84,,100.0,,,,,
2026-04-18,16,DJED,Liqwid,,$1.66m,1660000.0,11.87,11.87,,,,11.87,,11.99,,,,,
2026-04-18,17,USDC / vault,Avantis,,$60.94m,60940000.0,11.43,11.43,,,,9.61,,32.4,,,,,
2026-04-18,18,USDC,Sprinter,,$2.96m,2960000.0,11.35,10.04,,,,,,10.04,,,,,
2026-04-18,19,AUSD,Accountable,,"$525,519",525519.0,11.3,6.3,,,,5.0,,11.3,,,,,
2026-04-18,20,AUSD,Accountable,,$9.9m,9900000.0,11.28,7.76,,,,3.52,,11.28,,,,,
2026-04-18,21,EARNAUSD,Upshift,,$40.05m,40050000.0,11.19,6.14,,,,5.04,,8.26,,,,,
2026-04-18,22,MIM-USDT0 / Mim,Beefy,,$1.15m,1150000.0,10.81,10.35,,,,10.35,,81.6,,,,,
2026-04-18,23,SUSDU,Unitas,,$47.34m,47340000.0,10.65,10.65,,,,10.65,,12.06,,,,,
2026-04-18,24,USDC.E,Kinetic,,"$554,082",554082.0,10.49,3.02,,,,7.47,,11.02,,,,,
2026-04-18,25,USDC,Purrlend,,"$556,604",556604.0,10.28,4.59,,,,10.29,,92.6,,,,,
2026-04-18,26,ALUSD-USDC / Curve,Stake DAO,,"$697,006",697006.0,9.81,0.14,,,,9.64,,95.8,,,,,
2026-04-18,27,AUSD,Neverland,,$8.15m,8150000.0,9.76,4.34,,,,10.2,,79.2,,,,,
2026-04-18,28,USDT0,Neverland,,$3.38m,3380000.0,9.58,3.99,,,,9.19,,83.3,,,,,
2026-04-18,29,ALUSD-USDC,Curve DEX,,"$733,318",733318.0,9.51,0.11,,,,9.97,,100.0,,,,,
2026-04-18,30,SUPERUSDC / SuperVault,Superform,,$2.12m,2120000.0,9.47,4.42,,,,5.74,,55.1,,,,,
2026-04-18,31,BBQUSD1,Morpho V1,,$3.75m,3750000.0,9.44,2.36,,,,197.0,,91.9,,,,,
2026-04-18,33,DAI-USDT / 0.00%,Uniswap V4,,"$535,004",535004.0,9.2,9.2,,,,9.2,,12.46,,,,,
2026-04-18,34,USDT,ZEROBASE CeDeFi,,$7.94m,7940000.0,9.0,7.0,,,,9.0,,99.7,,,,,
2026-04-18,35,USDC,ZEROBASE CeDeFi,,"$801,220",801220.0,9.0,7.0,,,,9.0,,97.4,,,,,
2026-04-18,36,AUSD,Yearn Finance,,$1.65m,1650000.0,8.88,8.88,,,,8.88,,2.74,,,,,
2026-04-18,37,USDC,Abyss,,$1.86m,1860000.0,8.8,8.8,,,,8.8,,8.86,,,,,
2026-04-18,38,USDC,MortgageFi,,"$747,093",747093.0,8.75,9.03,,,,9.03,,97.8,,,,,
2026-04-18,39,ZVUSDC,Zircuit Finance,,$1.51m,1510000.0,8.66,8.66,,,,8.63,,26.1,,,,,
2026-04-18,41,USDC,Loopscale,,$1.17m,1170000.0,8.37,7.75,,,,0.62,,8.38,,,,,
2026-04-18,42,USDC / baseUSD,AUTOfinance,,$6.81m,6810000.0,8.3,5.11,,,,6.7,,99.9,,,,,
2026-04-18,43,USDSUI,NAVI Lending,,$1.54m,1540000.0,8.03,0.05,,,,7.98,,9.02,,,,,
2026-04-18,44,USDC,Neverland,,$17.91m,17910000.0,8.0,3.76,,,,8.37,,81.3,,,,,
2026-04-18,45,SUSDAI / For buying PT-sUSDai-15OCT2026,Pendle,,$13.75m,13750000.0,7.86,7.86,,,,7.64,,47.0,,,,,
2026-04-18,46,AUGUSTUSDC,Morpho V1,,$5.92m,5920000.0,7.8,5.09,,,,7.3,,100.0,,,,,
2026-04-18,47,APXUSD / For LP | Maturity 18JUN2026,Pendle,,$3.11m,3110000.0,7.79,5.9,,,,9.32,,99.9,,,,,
2026-04-18,48,MIM-USDC / Mim,Beefy,,$2.43m,2430000.0,7.78,7.17,,,,7.17,,89.0,,,,,
2026-04-18,49,AUGUSTUSDCV2,Morpho V1,,$5.91m,5910000.0,7.75,5.09,,,,7.08,,99.3,,,,,
2026-04-18,50,SUSDAI / For buying PT-sUSDai-18JUN2026,Pendle,,$6.4m,6400000.0,7.62,7.62,,,,7.11,,60.5,,,,,
2026-04-18,51,SUSDAI / For LP | Maturity 15OCT2026,Pendle,,$13.75m,13750000.0,7.54,6.74,,,,7.57,,60.9,,,,,
2026-04-18,52,USDC-SUSD / stable - 0.05%,Velodrome V2,,$1.04m,1040000.0,7.49,7.49,,,,6.29,,99.8,,,,,
2026-04-18,53,FEUSDT0,Morpho V1,,$12.3m,12300000.0,7.44,7.44,,,,5.32,,61.4,,,,,
2026-04-18,54,AAVEUSDC-AAVEGHO,Aura,,$7.17m,7170000.0,7.42,2.43,,,,5.65,,100.0,,,,,
2026-04-18,55,SUSDAI / 30d unlock,USD AI,,$258.02m,258020000.0,7.2,7.2,,,,6.24,,86.8,,,,,
2026-04-18,56,USDC,Gearbox,,$3.88m,3880000.0,7.17,1.79,,,,7.53,,79.6,,,,,
2026-04-18,57,SUSDAI / For LP | Maturity 18JUN2026,Pendle,,$6.4m,6400000.0,7.11,6.7,,,,7.02,,79.9,,,,,
2026-04-18,58,WABASGHO-WABASUSDC / Aura,Beefy,,$1.63m,1630000.0,7.07,5.31,,,,5.31,,69.5,,,,,
2026-04-18,59,SYZUSD,Yuzu Money,,$22.61m,22610000.0,7.02,7.02,,,,7.32,,100.0,,,,,
2026-04-18,60,USDC / 40 Acres,Harvest Finance,,$2.02m,2020000.0,6.94,6.94,,,,6.05,,59.6,,,,,
2026-04-18,61,USDT,Symbiosis,,"$996,682",996682.0,6.89,6.89,,,,6.89,,6.83,,,,,
2026-04-18,62,USDAI / For buying PT-USDai-15OCT2026,Pendle,,"$903,604",903604.0,6.87,6.87,,,,6.08,,89.6,,,,,
2026-04-18,63,AUSD / earnAUSD/AUSD,Curvance,,$2.19m,2190000.0,6.73,6.73,,,,6.63,,59.1,,,,,
2026-04-18,64,FEUSDH,Morpho V1,,$4.68m,4680000.0,6.53,6.53,,,,5.06,,59.7,,,,,
2026-04-18,65,XUSD,Sovryn Dex,,"$728,066",728066.0,6.48,6.48,,,,6.48,,6.54,,,,,
2026-04-18,66,HYPERUSDCA,Morpho V1,,$26.09m,26090000.0,6.47,4.18,,,,6.78,,100.0,,,,,
2026-04-18,67,DTUSDC,Lagoon,,"$675,972",675972.0,6.46,6.46,,,,5.58,,87.9,,,,,
2026-04-18,68,HYPERUSDCA,Morpho V1,,$26.08m,26080000.0,6.44,3.77,,,,6.7,,92.3,,,,,
2026-04-18,69,USDC / Dolomite Balance,Dolomite,,"$749,600",749600.0,6.41,6.41,,,,6.41,,4.0,,,,,
2026-04-18,70,EDGEUSDC,Morpho V1,,$1.03m,1030000.0,6.29,3.98,,,,4.92,,90.8,,,,,
2026-04-18,71,AAVEGHO-USDT-USDC,Aura,,$7.59m,7590000.0,6.23,1.35,,,,7.26,,100.0,,,,,
2026-04-18,72,BBQUSDT0,Morpho V1,,$5.94m,5940000.0,6.17,2.04,,,,6.08,,100.0,,,,,
2026-04-18,73,USDC / MainMarket,Current,,$2.76m,2760000.0,6.15,0.96,,,,5.2,,6.1,,,,,
2026-04-18,74,BBQUSDT0,Morpho V1,,$5.94m,5940000.0,6.13,1.83,,,,6.03,,99.0,,,,,
2026-04-18,75,GHO,Fluid Lending,,$3.53m,3530000.0,6.0,3.05,,,,6.29,,64.2,,,,,
2026-04-18,76,AUSD / syzUSD/AUSD,Curvance,,"$629,915",629915.0,5.98,5.98,,,,5.95,,90.0,,,,,
2026-04-18,77,WAARBUSDCN-WAARBUSDT-WAARBGHO / Aura,Beefy,,$3.77m,3770000.0,5.87,6.9,,,,6.9,,70.4,,,,,
2026-04-18,78,USDC-ALUSD / stable - 0.05%,Velodrome V2,,$1.66m,1660000.0,5.71,5.71,,,,5.69,,100.0,,,,,
2026-04-18,79,USDC,Extra Finance Leverage Farming,,$4.04m,4040000.0,5.64,5.64,,,,5.07,,100.0,,,,,
2026-04-18,80,USDC,Gains Network,,$8.63m,8630000.0,5.59,5.59,,,,6.34,,60.9,,,,,
2026-04-18,81,AUSD / vUSD/AUSD,Curvance,,"$558,213",558213.0,5.55,5.55,,,,5.42,,100.0,,,,,
2026-04-18,82,DLLR,Sovryn Dex,,"$544,290",544290.0,5.53,5.53,,,,5.53,,5.28,,,,,
2026-04-18,83,USDC-SCRVUSD / Curve,Stake DAO,,"$655,178",655178.0,5.46,2.09,,,,5.45,,98.6,,,,,
2026-04-18,84,USDC,Liqwid,,"$631,942",631942.0,5.45,5.45,,,,5.45,,3.74,,,,,
2026-04-18,85,USDAI / For buying PT-USDai-18JUN2026,Pendle,,$35.91m,35910000.0,5.42,5.42,,,,5.19,,99.5,,,,,
2026-04-18,86,USDC,Fluid Lending,,$33.29m,33290000.0,5.34,4.31,,,,6.06,,47.0,,,,,
2026-04-18,87,USDC,DeltaPrime,,"$735,815",735815.0,5.33,5.33,,,,6.47,,69.1,,,,,
2026-04-18,88,USDM,Liqwid,,$1.44m,1440000.0,5.33,5.33,,,,5.33,,5.27,,,,,
2026-04-18,89,USDC / Autopilot,Harvest Finance,,"$769,807",769807.0,5.32,5.32,,,,4.86,,62.3,,,,,
2026-04-18,90,GTUSDCC,Morpho V1,,$1.2m,1200000.0,5.32,5.32,,,,6.13,,92.0,,,,,
2026-04-18,91,USDT,ZEROBASE CeDeFi,,$8.1m,8100000.0,5.3,3.3,,,,5.3,,98.9,,,,,
2026-04-18,92,USDC,Wasabi Perps,,$4.66m,4660000.0,5.26,5.26,,,,5.26,,4.58,,,,,
2026-04-18,93,USDC,Fluid Lending,,$11.1m,11100000.0,5.23,3.1,,,,6.61,,29.4,,,,,
2026-04-18,94,USDC,Loopscale,,$1.96m,1960000.0,5.22,5.22,,,,5.22,,5.1,,,,,
2026-04-18,95,FEUSDT02,Morpho V1,,$2.08m,2080000.0,5.18,5.18,,,,5.47,,55.0,,,,,
2026-04-18,96,NTBILL,Nest Credit,,"$669,839",669839.0,5.17,5.17,,,,5.17,,3.38,,,,,
2026-04-18,97,USDC,Harmonix Finance,,"$863,559",863559.0,5.12,5.12,,,,5.12,,5.24,,,,,
2026-04-18,98,GTUSDCF,Morpho V1,,$1.12m,1120000.0,5.01,5.01,,,,4.74,,90.0,,,,,
2026-04-18,99,USDC / Harvest USDC vault Base,Fusion by IPOR,,"$769,762",769762.0,4.96,4.96,,,,4.29,,62.3,,,,,
2026-04-18,100,BBQUSDC,Morpho V1,,$18.99m,18990000.0,4.93,4.93,,,,4.9,,64.8,,,,,
2026-04-19,1,USDC.E-USDT.E,Yuzu Finance,,"$827,541",827541,28.7,0.36,,,,28.34,,25.49,,,,,
2026-04-19,2,AUGUSTUSDC,Morpho V1,,$5.32m,5320000,18.86,16.52,,,,7.46,,100.0,,,,,
2026-04-19,3,USDC / yoUSD,YO Protocol,,$24.72m,24720000,16.96,4.96,,,,14.1,,60.3,,,,,
2026-04-19,4,USDC / yoUSD,YO Protocol,,"$584,471",584471,16.96,4.96,,,,14.13,,89.6,,,,,
2026-04-19,5,FEUSDH,Morpho V1,,$4.16m,4160000,16.76,16.76,,,,5.26,,54.8,,,,,
2026-04-19,6,IUSD,Indigo,,$4.57m,4570000,16.75,16.75,,,,16.75,,17.97,,,,,
2026-04-19,7,BBQUSDC,Morpho V1,,$1.62m,1620000,16.07,15.36,,,,4.29,,100.0,,,,,
2026-04-19,8,BBQUSDC,Morpho V1,,$1.61m,1610000,15.52,13.18,,,,4.23,,87.4,,,,,
2026-04-19,9,USDC / Clearstar Earn USDC,Euler V2,,"$631,664",631664,14.47,14.47,,,,2.89,,99.4,,,,,
2026-04-19,10,WNUSDT0-WNAUSD-WNUSDC / Balancer,Beefy,,$2.7m,2700000,13.95,14.16,,,,14.16,,78.3,,,,,
2026-04-19,11,USDC-MSUSD / stable - 0.05%,Velodrome V2,,$1.22m,1220000,13.89,13.89,,,,11.35,,100.0,,,,,
2026-04-19,12,APXUSD / For buying PT-apxUSD-18JUN2026,Pendle,,$3.11m,3110000,13.64,13.64,,,,14.31,,97.9,,,,,
2026-04-19,13,USDC-MSUSD / stable - 0.05%,Velodrome V2,,$1.32m,1320000,13.24,13.24,,,,10.85,,100.0,,,,,
2026-04-19,14,AUGUSTUSDCV2,Morpho V1,,$5.32m,5320000,13.06,10.72,,,,7.17,,99.7,,,,,
2026-04-19,15,MSUSD-USDC,Extra Finance Leverage Farming,,$1.19m,1190000,13.03,13.03,,,,11.88,,99.9,,,,,
2026-04-19,17,MSUSD-USDC,Aerodrome V1,,$6.7m,6700000,12.3,12.3,,,,11.27,,99.9,,,,,
2026-04-19,18,USDC / arbUSD,AUTOfinance,,$1.96m,1960000,12.14,10.26,,,,8.12,,100.0,,,,,
2026-04-19,19,MSUSD-USDC / Aerodrome,Beefy,,"$620,336",620336,11.75,10.8,,,,10.8,,51.6,,,,,
2026-04-19,20,DJED,Liqwid,,$1.72m,1720000,11.53,11.53,,,,11.53,,11.93,,,,,
2026-04-19,21,USDC / vault,Avantis,,$59.93m,59930000,11.53,11.53,,,,9.67,,32.6,,,,,
2026-04-19,22,USDC,Sprinter,,$2.96m,2960000,11.35,10.17,,,,,,10.17,,,,,
2026-04-19,23,AUSD,Accountable,,"$525,519",525519,11.3,6.3,,,,5.0,,11.3,,,,,
2026-04-19,24,AUSD,Accountable,,$9.9m,9900000,11.28,7.76,,,,3.52,,11.28,,,,,
2026-04-19,25,EARNAUSD,Upshift,,$39.69m,39690000,11.17,6.14,,,,5.03,,8.63,,,,,
2026-04-19,27,ZVUSDC,Zircuit Finance,,$1.51m,1510000,10.85,10.85,,,,8.7,,26.1,,,,,
2026-04-19,28,SUSDU,Unitas,,$47.35m,47350000,10.64,10.64,,,,10.64,,11.94,,,,,
2026-04-19,29,GTUSDCC,Morpho V1,,$2.48m,2480000,10.47,10.47,,,,5.66,,93.8,,,,,
2026-04-19,30,USDC,Purrlend,,"$541,285",541285,10.41,4.64,,,,10.38,,93.6,,,,,
2026-04-19,31,MIM-USDT0 / Mim,Beefy,,$1.15m,1150000,10.11,10.33,,,,10.33,,81.6,,,,,
2026-04-19,32,SUPERUSDC / SuperVault,Superform,,$1.86m,1860000,9.87,4.31,,,,5.99,,59.8,,,,,
2026-04-19,33,USDC.E,Kinetic,,"$582,655",582655,9.79,3.34,,,,6.45,,11.0,,,,,
2026-04-19,34,AUSD,Neverland,,$8.38m,8380000.000000001,9.78,4.38,,,,10.19,,80.8,,,,,
2026-04-19,35,HYPERUSDCA,Morpho V1,,$28.31m,28310000,9.75,7.41,,,,6.75,,94.9,,,,,
2026-04-19,36,USDT0,Neverland,,$3.55m,3550000,9.54,4.03,,,,9.2,,83.9,,,,,
2026-04-19,37,BBQUSDC,Morpho V1,,$19.51m,19510000,9.41,9.41,,,,3.16,,97.9,,,,,
2026-04-19,38,BBQUSDT0,Morpho V1,,$30.18m,30180000,9.32,9.32,,,,3.25,,100.0,,,,,
2026-04-19,39,ALUSD-USDC / Curve,Stake DAO,,"$698,808",698808,9.21,0.17,,,,9.46,,95.9,,,,,
2026-04-19,40,DAI-USDT / 0.00%,Uniswap V4,,"$535,004",535004,9.2,9.2,,,,9.2,,12.46,,,,,
2026-04-19,41,ALUSD-USDC,Curve DEX,,"$734,601",734601,9.14,0.23,,,,9.93,,100.0,,,,,
2026-04-19,42,BBQUSD1,Morpho V1,,$3.59m,3590000,9.13,2.32,,,,186.0,,92.1,,,,,
2026-04-19,43,BBQUSD1,Morpho V1,,$3.59m,3590000,9.06,9.06,,,,362.0,,100.0,,,,,
2026-04-19,44,USDT,ZEROBASE CeDeFi,,$7.94m,7940000,9.0,7.0,,,,9.0,,99.7,,,,,
2026-04-19,45,USDC,ZEROBASE CeDeFi,,"$790,852",790852,9.0,7.0,,,,9.0,,97.4,,,,,
2026-04-19,46,AUSD,Yearn Finance,,$2.01m,2009999.9999999998,8.88,8.88,,,,8.88,,2.69,,,,,
2026-04-19,47,USDC,MortgageFi,,"$730,051",730051,8.43,9.1,,,,9.1,,97.8,,,,,
2026-04-19,48,USDC,Fluid Lending,,$30.4m,30400000,8.42,7.4,,,,6.14,,50.1,,,,,
2026-04-19,49,USDC / baseUSD,AUTOfinance,,$6.05m,6050000,8.4,4.89,,,,6.82,,99.9,,,,,
2026-04-19,50,USDC / Euler Earn USDC,Euler V2,,"$792,630",792630,8.3,8.3,,,,3.54,,61.2,,,,,
2026-04-19,51,USDC,Neverland,,$17.25m,17250000,8.23,3.89,,,,8.38,,82.5,,,,,
2026-04-19,52,BBQUSDT0,Morpho V1,,$30.15m,30150000,8.1,8.1,,,,2.89,,12.7,,,,,
2026-04-19,53,BBQUSDC,Morpho V1,,$16.2m,16200000,8.03,8.03,,,,2.78,,26.1,,,,,
2026-04-19,54,USDC,Loopscale,,$2.11m,2110000,8.03,7.44,,,,0.59,,8.38,,,,,
2026-04-19,55,USDC,Fluid Lending,,$9.49m,9490000,8.01,5.76,,,,6.7,,27.5,,,,,
2026-04-19,56,AAVEUSDC-AAVEGHO,Aura,,$6.37m,6370000,7.98,2.37,,,,5.76,,100.0,,,,,
2026-04-19,57,SUSDAI / For buying PT-sUSDai-15OCT2026,Pendle,,$12.9m,12900000,7.84,7.84,,,,7.66,,46.2,,,,,
2026-04-19,58,EDGEUSDC,Morpho V1,,"$846,426",846426,7.8,5.21,,,,4.98,,89.2,,,,,
2026-04-19,59,USDC,Wasabi Perps,,$4.09m,4090000,7.59,7.59,,,,7.59,,4.67,,,,,
2026-04-19,60,USDSUI,NAVI Lending,,$1.54m,1540000,7.59,0.05,,,,7.54,,8.93,,,,,
2026-04-19,61,WABASGHO-WABASUSDC / Aura,Beefy,,$1.63m,1630000,7.57,5.51,,,,5.51,,69.5,,,,,
2026-04-19,62,SUSDAI / For LP | Maturity 15OCT2026,Pendle,,$12.9m,12900000,7.53,6.76,,,,7.49,,62.5,,,,,
2026-04-19,63,BBQUSDT0,Morpho V1,,$5.32m,5320000,7.52,3.46,,,,6.08,,100.0,,,,,
2026-04-19,64,BBQUSDC,Morpho V1,,$4.16m,4160000,7.51,7.51,,,,4.97,,87.8,,,,,
2026-04-19,65,BBQUSDT0,Morpho V1,,$5.32m,5320000,7.5,3.08,,,,6.04,,99.3,,,,,
2026-04-19,66,APXUSD / For LP | Maturity 18JUN2026,Pendle,,$3.11m,3110000,7.44,5.72,,,,9.14,,99.8,,,,,
2026-04-19,67,USDT,Symbiosis,,"$941,168",941168,7.43,7.43,,,,7.43,,6.92,,,,,
2026-04-19,68,USDC-SUSD / stable - 0.05%,Velodrome V2,,$1m,1000000,7.32,7.32,,,,6.35,,99.8,,,,,
2026-04-19,69,MIM-USDC / Mim,Beefy,,$2.43m,2430000,7.28,7.18,,,,7.18,,89.0,,,,,
2026-04-19,70,SUSDAI / For buying PT-sUSDai-18JUN2026,Pendle,,$6.4m,6400000,7.24,7.24,,,,7.12,,62.3,,,,,
2026-04-19,71,GTUSDCF,Morpho V1,,$2.01m,2009999.9999999998,7.23,7.23,,,,5.1,,80.3,,,,,
2026-04-19,72,USDC / Dolomite Balance,Dolomite,,"$560,399",560399,7.2,7.2,,,,7.2,,4.14,,,,,
2026-04-19,73,SUSDAI / 30d unlock,USD AI,,$259.2m,259200000,7.16,7.16,,,,6.27,,86.3,,,,,
2026-04-19,74,SYZUSD,Yuzu Money,,$23.05m,23050000,7.13,7.13,,,,7.29,,100.0,,,,,
2026-04-19,75,USDAI / For buying PT-USDai-15OCT2026,Pendle,,"$875,580",875580,7.13,7.13,,,,6.12,,91.4,,,,,
2026-04-19,76,SUSDAI / For LP | Maturity 18JUN2026,Pendle,,$6.4m,6400000,7.02,6.65,,,,6.95,,79.9,,,,,
2026-04-19,77,GTUSDCF,Morpho V1,,$1.15m,1150000,6.98,6.98,,,,4.8,,92.8,,,,,
2026-04-19,78,BBQUSDC,Morpho V1,,$18.31m,18310000,6.97,6.97,,,,4.95,,65.0,,,,,
2026-04-19,79,USDC / 40 Acres,Harvest Finance,,$2.02m,2020000,6.93,6.93,,,,6.16,,59.6,,,,,
2026-04-19,80,USDC / Harvest USDC vault Base,Fusion by IPOR,,"$769,768",769768,6.76,6.76,,,,4.34,,62.3,,,,,
2026-04-19,81,USDC,Liqwid,,"$527,466",527466,6.58,6.58,,,,6.58,,3.91,,,,,
2026-04-19,82,USDC-USDT / CL1 - 0.0009%,Aerodrome Slipstream,,$1.2m,1200000,6.51,5.23,,,,7.11,,6.54,,,,,
2026-04-19,83,XUSD,Sovryn Dex,,"$728,066",728066,6.48,6.48,,,,6.48,,6.54,,,,,
2026-04-19,84,USDC / Morpho,Beefy,,"$947,379",947379,6.46,4.42,,,,4.42,,93.3,,,,,
2026-04-19,85,GHO,Fluid Lending,,$3.37m,3370000,6.46,3.37,,,,6.33,,65.1,,,,,
2026-04-19,86,DTUSDC,Lagoon,,"$675,986",675986,6.46,6.46,,,,5.6,,87.9,,,,,
2026-04-19,87,SPARKUSDC,Morpho V1,,$14.88m,14880000,6.39,6.39,,,,3.98,,47.6,,,,,
2026-04-19,88,STEAKUSDC,Morpho V1,,$274.06m,274060000,6.36,6.36,,,,3.95,,6.5,,,,,
2026-04-19,89,USDC / Morpho - Gauntlet Frontier V2,Harvest Finance,,"$692,927",692927,6.35,6.35,,,,4.5,,100.0,,,,,
2026-04-19,90,USDC / Autopilot,Harvest Finance,,"$769,865",769865,6.34,6.34,,,,4.9,,62.3,,,,,
2026-04-19,91,STEAKUSDC,Morpho V1,,$511.72m,511720000,6.31,6.31,,,,3.95,,85.5,,,,,
2026-04-19,92,AAVEGHO-USDT-USDC,Aura,,$7.4m,7400000,6.3,1.3,,,,7.2,,100.0,,,,,
2026-04-19,93,GTUSDCP,Morpho V1,,$358.72m,358720000,6.3,6.3,,,,3.95,,79.8,,,,,
2026-04-19,94,PUSDC,Morpho V1,,$4.43m,4430000,6.27,6.27,,,,3.95,,94.9,,,,,
2026-04-19,95,MWUSDC,Morpho V1,,$12.99m,12990000,6.22,6.22,,,,3.95,,37.7,,,,,
2026-04-19,96,GTUSDCC,Morpho V1,,$1.64m,1640000,6.02,6.02,,,,3.97,,94.7,,,,,
2026-04-19,97,HYPERUSDCA,Morpho V1,,$28.32m,28320000,6.0,4.08,,,,6.84,,100.0,,,,,
2026-04-19,98,WAARBUSDCN-WAARBUSDT-WAARBGHO / Aura,Beefy,,$3.67m,3670000,5.99,6.85,,,,6.85,,70.4,,,,,
2026-04-19,99,USDC / TermMax USDC Vault,TermMax,,$1.24m,1240000,5.94,5.94,,,,3.9,,100.0,,,,,
2026-04-19,100,STEAKUSDC,Morpho V1,,$62.42m,62420000,5.79,5.79,,,,3.94,,95.3,,,,,
2026-04-20,1,USDC.E-USDT.E,Yuzu Finance,Move,"$814,538",814538,25.17,0.29,24.88,25.61,,,,,,,,,
2026-04-20,2,FEUSDT02,Morpho V1,Hyperliquid L1,$1.82m,1820000,23.07,23.07,5.6,63.9,,,,,,,,,
2026-04-20,3,FEUSDH,Morpho V1,Hyperliquid L1,$3.92m,3920000,22.8,22.8,5.74,52.6,,,,,,,,,
2026-04-20,4,USDC / yoUSD,YO Protocol,Base,$22.89m,22890000,17.42,5.42,14.11,62.9,,,,,,,,,
2026-04-20,5,USDC / yoUSD,YO Protocol,Arbitrum,"$545,350",545350,17.42,5.42,14.13,88.6,,,,,,,,,
2026-04-20,6,IUSD,Indigo,Cardano,$4.54m,4540000,16.75,16.75,16.75,17.92,,,,,,,,,
2026-04-20,7,FEUSDT0,Morpho V1,Hyperliquid L1,$12.27m,12270000,15.44,15.44,5.34,77.3,,,,,,,,,
2026-04-20,8,USDC,Fluid Lending,Arbitrum,$28.62m,28620000,15.36,14.29,6.43,52.4,,,,,,,,,
2026-04-20,9,BBQUSD1,Morpho V1,Monad,$3.54m,3540000,15.26,8.79,177,91.3,,,,,,,,,
2026-04-20,10,USDC,Gearbox,Monad,"$940,925",940925,14.71,5.13,7.81,88.1,,,,,,,,,
2026-04-20,11,WNUSDT0-WNAUSD-WNUSDC / Balancer,Beefy,Monad,$2.86m,2860000,13.86,14.19,14.19,78.2,,,,,,,,,
2026-04-20,12,APXUSD / For buying PT-apxUSD-18JUN2026,Pendle,Base,$3.12m,3120000,13.61,13.61,14.26,97.5,,,,,,,,,
2026-04-20,13,USDC-USDT / CL1 - 0.0009%,Aerodrome Slipstream,Base,$1.16m,1160000,13.51,12.94,8.25,6.69,,,,,,,,,
2026-04-20,14,USDC-MSUSD / stable - 0.05%,Velodrome V2,Op Mainnet,$1.22m,1220000,13.16,13.16,11.72,100,,,,,,,,,
2026-04-20,16,USDC,Fluid Lending,Base,$8.85m,8850000,12.78,10.41,6.99,27.2,,,,,,,,,
2026-04-20,17,MSUSD-USDC,Extra Finance Leverage Farming,Base,$1.17m,1170000,12.68,12.68,11.93,99.7,,,,,,,,,
2026-04-20,18,USDC / arbUSD,AUTOfinance,Arbitrum,$1.9m,1900000,12.31,10.4,8.32,100,,,,,,,,,
2026-04-20,19,FEUSDC,Morpho V1,Hyperliquid L1,$26.36m,26360000,12.29,12.29,5.48,80.2,,,,,,,,,
2026-04-20,20,USDC / vault,Avantis,Base,$56.09m,56090000,12.09,12.09,9.72,34.8,,,,,,,,,
2026-04-20,21,MSUSD-USDC,Aerodrome V1,Base,$6.71m,6710000,11.99,11.99,11.31,99.7,,,,,,,,,
2026-04-20,22,AUSD / earnAUSD/AUSD,Curvance,Monad,"$920,975",920975,11.88,11.88,6.9,62.6,,,,,,,,,
2026-04-20,23,USDG,Kamino Lend,Solana,"$989,276",989276,11.85,11.85,11.85,4.88,,,,,,,,,
2026-04-20,24,GTUSDCC,Morpho V1,Hyperliquid L1,$2.33m,2330000,11.79,11.79,5.87,92.1,,,,,,,,,
2026-04-20,25,AUGUSTUSDC,Morpho V1,Monad,$5.93m,5930000,11.64,9.08,7.67,100,,,,,,,,,
2026-04-20,26,DJED,Liqwid,Cardano,$1.74m,1740000,11.53,11.53,11.53,11.9,,,,,,,,,
2026-04-20,27,PYUSD,Kamino Lend,Solana,$6.89m,6890000,11.43,11.43,11.43,2.64,,,,,,,,,
2026-04-20,28,MSUSD-USDC / Aerodrome,Beefy,Base,"$670,730",670730,11.42,10.84,10.84,55.8,,,,,,,,,
2026-04-20,29,USDC,Sprinter,Base,$2.96m,2960000,11.35,10.25,,10.25,,,,,,,,,
2026-04-20,30,AUSD,Accountable,Monad,"$525,519",525519,11.3,6.3,5,11.3,,,,,,,,,
2026-04-20,31,AUGUSTUSDCV2,Morpho V1,Monad,$5.93m,5930000,11.29,8.74,7.45,99.8,,,,,,,,,
2026-04-20,32,EARNAUSD,Upshift,Monad,$40.09m,40090000,11.01,6.14,4.87,8.84,,,,,,,,,
2026-04-20,33,MIM-USDT0 / Mim,Beefy,Arbitrum,$1.1m,1100000,10.35,10.32,10.32,81.9,,,,,,,,,
2026-04-20,34,AAVEUSDC-AAVEGHO,Aura,Base,$6.14m,6140000,10.34,4.53,5.88,100,,,,,,,,,
2026-04-20,35,SUPERUSDC / SuperVault,Superform,Base,$1.53m,1530000,10.31,4.72,6.17,64.3,,,,,,,,,
2026-04-20,36,SUSDU,Unitas,Solana,$46.37m,46370000,10.18,10.18,10.18,11.87,,,,,,,,,
2026-04-20,37,USDC / Autopilot,Harvest Finance,Base,"$736,035",736035,9.96,9.96,5.06,62.7,,,,,,,,,
2026-04-20,38,USDT0,Neverland,Monad,$2.59m,2590000,9.9,4.38,9.21,87.4,,,,,,,,,
2026-04-20,39,AAVEGHO-USDT-USDC,Aura,Arbitrum,$6.31m,6310000,9.8,3.94,7.21,100,,,,,,,,,
2026-04-20,40,AUSD,Neverland,Monad,$8.83m,8830000,9.71,4.22,10.17,80.6,,,,,,,,,
2026-04-20,41,BBQUSDT0,Morpho V1,Arbitrum,$28.63m,28630000,9.7,9.7,3.49,100,,,,,,,,,
2026-04-20,42,ALUSD-USDC,Curve DEX,Arbitrum,"$733,297",733297,9.53,0.72,9.85,100,,,,,,,,,
2026-04-20,43,USDC,Abyss,Sui,$1.86m,1860000,9.48,9.48,9.48,8.79,,,,,,,,,
2026-04-20,44,SUSDAI / For buying PT-sUSDai-18JUN2026,Pendle,Arbitrum,$6.44m,6440000,9.38,9.38,7.17,64,,,,,,,,,
2026-04-20,45,ALUSD-USDC / Curve,Stake DAO,Arbitrum,"$698,280",698280,9.24,0.24,9.41,95.9,,,,,,,,,
2026-04-20,46,DAI-USDT / 0.00%,Uniswap V4,Polygon,"$535,004",535004,9.2,9.2,9.2,12.46,,,,,,,,,
2026-04-20,47,USDT,ZEROBASE CeDeFi,Arbitrum,$7.94m,7940000,9,7,9,99.7,,,,,,,,,
2026-04-20,48,USDC,ZEROBASE CeDeFi,Arbitrum,"$790,767",790767,9,7,9,97.4,,,,,,,,,
2026-04-20,49,AUSD,Yearn Finance,Katana,$2.01m,2009999.9999999998,8.88,8.88,8.88,2.73,,,,,,,,,
2026-04-20,50,ZVUSDC,Zircuit Finance,Base,$1.51m,1510000,8.63,8.63,8.7,26.1,,,,,,,,,
2026-04-20,51,USDC / Clearstar Earn USDC,Euler V2,Monad,"$593,053",593053,8.6,8.6,3.42,100,,,,,,,,,
2026-04-20,52,GHO,Fluid Lending,Arbitrum,$2.86m,2860000,8.58,4.94,6.36,71.6,,,,,,,,,
2026-04-20,53,USDC / baseUSD,AUTOfinance,Base,$5.91m,5910000,8.46,4.96,6.9,99.9,,,,,,,,,
2026-04-20,54,SUSDAI / For LP | Maturity 18JUN2026,Pendle,Arbitrum,$6.44m,6440000,8.44,7.77,6.92,79.4,,,,,,,,,
2026-04-20,55,BBQUSDT0,Morpho V1,Monad,$5.08m,5080000,8.41,4.51,6.13,100,,,,,,,,,
2026-04-20,56,HYPERVBUSDCA,Morpho V1,Katana,$1.51m,1510000,8.36,8.36,8.36,3.13,,,,,,,,,
2026-04-20,57,WABASGHO-WABASUSDC / Aura,Beefy,Base,$1.61m,1610000,8.33,5.59,5.59,72.1,,,,,,,,,
2026-04-20,58,USDC,Neverland,Monad,$15.84m,15840000,8.3,3.91,8.38,81.9,,,,,,,,,
2026-04-20,59,USDC,MortgageFi,Base,"$721,011",721011,8.2,9.13,9.13,98.2,,,,,,,,,
2026-04-20,60,USDC,Loopscale,Solana,$2.28m,2280000,7.95,7.36,0.59,8.39,,,,,,,,,
2026-04-20,61,EDGEUSDC,Morpho V1,Base,"$841,197",841197,7.86,5.29,5.08,89.2,,,,,,,,,
2026-04-20,62,SUSDAI / For buying PT-sUSDai-15OCT2026,Pendle,Arbitrum,$12.33m,12330000,7.85,7.85,7.69,46.8,,,,,,,,,
2026-04-20,63,WAARBUSDCN-WAARBUSDT-WAARBGHO / Aura,Beefy,Arbitrum,$3.65m,3650000,7.84,6.83,6.83,65.2,,,,,,,,,
2026-04-20,64,USDC,Kamino Lend,Solana,$7.41m,7410000,7.8,7.8,7.8,2.45,,,,,,,,,
2026-04-20,65,BBQUSDC,Morpho V1,Base,$18.21m,18210000,7.8,7.8,5.07,63.6,,,,,,,,,
2026-04-20,66,USDC / Harvest USDC vault Base,Fusion by IPOR,Base,"$735,998",735998,7.76,7.76,4.5,62.7,,,,,,,,,
2026-04-20,67,GTUSDCF,Morpho V1,Base,"$899,699",899699,7.66,7.66,4.93,85.6,,,,,,,,,
2026-04-20,68,USDC / Euler Earn USDC,Euler V2,Monad,$1m,1000000,7.66,7.66,2.12,95.1,,,,,,,,,
2026-04-20,69,SUSDAI / For LP | Maturity 15OCT2026,Pendle,Arbitrum,$12.33m,12330000,7.66,6.81,7.45,61.4,,,,,,,,,
2026-04-20,70,HYPERUSDCA,Morpho V1,Monad,$20m,20000000,7.44,5.43,6.87,100,,,,,,,,,
2026-04-20,71,USDT,Symbiosis,Tron,$1.4m,1400000,7.43,7.43,7.43,6.93,,,,,,,,,
2026-04-20,72,APXUSD / For LP | Maturity 18JUN2026,Pendle,Base,$3.12m,3120000,7.39,5.7,9.03,99.7,,,,,,,,,
2026-04-20,73,SYZUSD,Yuzu Money,Monad,$23.06m,23060000,7.33,7.33,7.27,100,,,,,,,,,
2026-04-20,74,MIM-USDC / Mim,Beefy,Arbitrum,$2.43m,2430000,7.27,7.18,7.18,89,,,,,,,,,
2026-04-20,75,SUSDAI / 30d unlock,USD AI,Arbitrum,$259.19m,259190000,7.15,7.15,6.3,85.5,,,,,,,,,
2026-04-20,76,USDAI / For buying PT-USDai-15OCT2026,Pendle,Arbitrum,"$772,861",772861,7.08,7.08,6.15,90.9,,,,,,,,,
2026-04-20,77,USDC / MainMarket,Current,Sui,$2.04m,2040000,7.02,1.26,5.76,6.07,,,,,,,,,
2026-04-20,78,USDSUI,NAVI Lending,Sui,$1.64m,1640000,6.99,0.07,6.92,8.87,,,,,,,,,
2026-04-20,79,USDC-SUSD / stable - 0.05%,Velodrome V2,Op Mainnet,"$993,948",993948,6.99,6.99,6.39,99.8,,,,,,,,,
2026-04-20,80,USDC / 40 Acres,Harvest Finance,Base,$2.02m,2020000,6.93,6.93,6.23,59.6,,,,,,,,,
2026-04-20,81,USDC,Liqwid,Cardano,"$521,249",521249,6.66,6.66,6.66,4.02,,,,,,,,,
2026-04-20,82,USDC / Morpho,Beefy,Base,"$962,650",962650,6.61,4.53,4.53,91.1,,,,,,,,,
2026-04-20,83,USDC / Dolomite Balance,Dolomite,Arbitrum,"$708,930",708930,6.57,6.57,6.57,4.26,,,,,,,,,
2026-04-20,84,XUSD,Sovryn Dex,Rootstock,"$728,066",728066,6.48,6.48,6.48,6.54,,,,,,,,,
2026-04-20,85,DTUSDC,Lagoon,Base,"$675,986",675986,6.46,6.46,5.62,87.9,,,,,,,,,
2026-04-20,86,BBQUSDC,Morpho V1,Arbitrum,$15.33m,15330000,6.25,6.25,2.94,28.6,,,,,,,,,
2026-04-20,87,USDC,Extra Finance Leverage Farming,Base,$3.71m,3710000,6.23,6.23,5.1,99.9,,,,,,,,,
2026-04-20,88,USDC,DeltaPrime,Arbitrum,"$721,002",721002,6.19,6.19,6.4,67.2,,,,,,,,,
2026-04-20,89,GTUSDCP,Morpho V1,Base,$43.29m,43290000,6.02,6.02,4.04,86.5,,,,,,,,,
2026-04-20,90,STEAKUSDC,Morpho V1,Base,$98.03m,98030000,6.02,6.02,4.04,94.5,,,,,,,,,
2026-04-20,91,STEAKUSDCFARCASTER,Morpho V1,Base,"$572,783",572783,6.02,6.02,4.04,38.1,,,,,,,,,
2026-04-20,92,USDC / TermMax USDC Vault,TermMax,Base,$1.24m,1240000,6.02,6.02,4.01,100,,,,,,,,,
2026-04-20,93,MWUSDC,Morpho V1,Base,$13.11m,13110000,6,6,4.05,40.2,,,,,,,,,
2026-04-20,94,SPARKUSDC,Morpho V1,Base,$41.14m,41140000,6,6,4.09,89.5,,,,,,,,,
2026-04-20,95,PUSDC,Morpho V1,Base,$4.26m,4260000,6,6,4.06,97,,,,,,,,,
2026-04-20,96,GTUSDCC,Morpho V1,Base,$1.65m,1650000,6,6,4.08,94.6,,,,,,,,,
2026-04-20,97,USDC,Gains Network,Arbitrum,$8.63m,8630000,5.68,5.68,6.42,60.9,,,,,,,,,
2026-04-20,98,AUSD / syzUSD/AUSD,Curvance,Monad,"$831,850",831850,5.64,5.64,6.07,92,,,,,,,,,
2026-04-20,99,DLLR,Sovryn Dex,Rootstock,"$542,083",542083,5.53,5.53,5.53,5.31,,,,,,,,,
2026-04-20,100,GTUSDCC,Morpho V1,Unichain,$1.2m,1200000,5.51,5.51,6.25,92.2,,,,,,,,,
2026-04-21,2,USDC.E-USDT.E,Yuzu Finance,Move,"$800,603",800603,25.25,0.15,25.1,25.72,,,,,,,,,
2026-04-21,3,FEUSDT02,Morpho V1,Hyperliquid L1,$1.74m,1740000,25.1,25.1,25.1,6.08,,,,,,,,,
2026-04-21,4,USDC / yoUSD,YO Protocol,Base,$20.41m,20410000,16.81,4.81,12,14.12,,,,,,,,,
2026-04-21,5,USDC / yoUSD,YO Protocol,Arbitrum,"$544,331",544331,16.81,4.81,12,14.15,,,,,,,,,
2026-04-21,6,IUSD,Indigo,Cardano,$4.57m,4570000,16.69,16.69,16.69,17.82,,,,,,,,,
2026-04-21,7,USDC-MSUSD / stable - 0.05%,Velodrome V2,Op Mainnet,$1.03m,1030000,16.13,16.13,16.13,12.21,,,,,,,,,
2026-04-21,8,FEUSDC,Morpho V1,Hyperliquid L1,$25.65m,25650000,15.65,15.65,15.65,5.73,,,,,,,,,
2026-04-21,9,FEUSDH,Morpho V1,Hyperliquid L1,$3.98m,3980000,14.61,14.61,14.61,6.09,,,,,,,,,
2026-04-21,10,AAVEUSDC-AAVEGHO,Aura,Base,$5.81m,5810000,14.6,8.46,6.14,6.17,,,,,,,,,
2026-04-21,11,WNUSDT0-WNAUSD-WNUSDC / Balancer,Beefy,Monad,$2.84m,2840000,14.35,14.26,,14.26,,,,,,,,,
2026-04-21,12,FEUSDT0,Morpho V1,Hyperliquid L1,$12.37m,12370000,14.17,14.17,14.17,5.57,,,,,,,,,
2026-04-21,13,MSUSD-USDC,Extra Finance Leverage Farming,Base,$1.17m,1170000,13.93,13.93,13.93,11.99,,,,,,,,,
2026-04-21,14,USDC,Purrlend,Hyperliquid L1,"$528,533",528533,13.83,4.49,9.34,11.7,,,,,,,,,
2026-04-21,15,APXUSD / For buying PT-apxUSD-18JUN2026,Pendle,Base,$3.12m,3120000,13.62,13.62,13.62,14.22,,,,,,,,,
2026-04-21,16,USDG,Kamino Lend,Solana,"$820,262",820262,13.34,13.34,13.34,5.15,,,,,,,,,
2026-04-21,17,AUGUSTUSDCV2,Morpho V1,Monad,$5.95m,5950000,13,9.85,3.15,7.73,,,,,,,,,
2026-04-21,18,MSUSD-USDC,Aerodrome V1,Base,$6.32m,6320000,12.91,12.91,12.91,11.39,,,,,,,,,
2026-04-21,19,USDC-USDT / CL1 - 0.0009%,Aerodrome Slipstream,Base,$1.06m,1060000,12.78,12.1,9.46,6.87,,,,,,,,,
2026-04-21,20,AAVEGHO-USDT-USDC,Aura,Arbitrum,$5.86m,5860000,12.51,6.18,6.34,7.23,,,,,,,,,
2026-04-21,21,MSUSD-USDC / Aerodrome,Beefy,Base,"$658,329",658329,12.51,10.91,,10.91,,,,,,,,,
2026-04-21,22,USDC / arbUSD,AUTOfinance,Arbitrum,$1.9m,1900000,12.29,10.4,1.88,8.56,,,,,,,,,
2026-04-21,23,USDC / vault,Avantis,Base,$53.88m,53880000,11.89,11.89,11.89,9.79,,,,,,,,,
2026-04-21,24,DJED,Liqwid,Cardano,$1.7m,1700000,11.59,11.59,11.59,11.88,,,,,,,,,
2026-04-21,25,USDC,Sprinter,Base,$2.96m,2960000,11.35,10.35,,10.35,,,,,,,,,
2026-04-21,26,AUSD,Accountable,Monad,"$525,519",525519,11.3,6.3,5,11.3,,,,,,,,,
2026-04-21,27,GTUSDCC,Morpho V1,Hyperliquid L1,$2.33m,2330000,11.24,11.24,11.24,6.09,,,,,,,,,
2026-04-21,28,SUPERUSDC / SuperVault,Superform,Base,$1.36m,1360000,10.86,4.82,6.05,6.4,,,,,,,,,
2026-04-21,29,BBQUSD1,Morpho V1,Monad,$1.64m,1640000,10.68,6.01,4.67,171,,,,,,,,,
2026-04-21,30,AUGUSTUSDC,Morpho V1,Monad,$5.96m,5960000,10.67,7.49,3.17,7.94,,,,,,,,,
2026-04-21,31,MIM-USDT0 / Mim,Beefy,Arbitrum,$1.11m,1110000,10.64,10.3,,10.3,,,,,,,,,
2026-04-21,32,USDC,Abyss,Sui,$1.92m,1920000,10.52,10.52,10.52,8.78,,,,,,,,,
2026-04-21,33,USDC,Fluid Lending,Arbitrum,$27.07m,27070000,10.33,9.13,1.2,6.73,,,,,,,,,
2026-04-21,34,GTUSDCP,Morpho V1,Op Mainnet,$8.42m,8420000,10.29,10.29,10.29,4.44,,,,,,,,,
2026-04-21,35,SUSDU,Unitas,Solana,$46.04m,46040000,10.25,10.25,10.25,11.77,,,,,,,,,
2026-04-21,36,ALUSD-USDC / Curve,Stake DAO,Arbitrum,"$696,591",696591,9.65,0.27,9.38,9.34,,,,,,,,,
2026-04-21,37,AUSD,Neverland,Monad,$7.87m,7870000,9.64,4.38,5.26,10.14,,,,,,,,,
2026-04-21,38,USDT0,Neverland,Monad,$3.01m,3010000,9.53,4.17,5.36,9.23,,,,,,,,,
2026-04-21,39,ALUSD-USDC,Curve DEX,Arbitrum,"$732,778",732778,9.38,0.19,9.19,9.75,,,,,,,,,
2026-04-21,40,DAI-USDT / 0.00%,Uniswap V4,Polygon,"$535,004",535004,9.2,9.2,9.2,12.46,,,,,,,,,
2026-04-21,41,HYPERUSDCA,Morpho V1,Monad,$17.81m,17810000,9.15,6.66,2.49,7,,,,,,,,,
2026-04-21,42,USDT,ZEROBASE CeDeFi,Arbitrum,$7.94m,7940000,9,7,2,9,,,,,,,,,
2026-04-21,43,USDC,ZEROBASE CeDeFi,Arbitrum,"$790,699",790699,9,7,2,9,,,,,,,,,
2026-04-21,44,USDC / baseUSD,AUTOfinance,Base,$5.73m,5730000,8.96,5.37,3.6,7.01,,,,,,,,,
2026-04-21,45,HYPERVBUSDCA,Morpho V1,Katana,$1.52m,1520000,8.96,8.96,8.96,3.11,,,,,,,,,
2026-04-21,46,AUSD,Yearn Finance,Katana,$2.01m,2009999.9999999998,8.89,8.89,8.89,2.86,,,,,,,,,
2026-04-21,47,USDC,Fluid Lending,Base,$9.08m,9080000,8.74,6.29,2.45,7.24,,,,,,,,,
2026-04-21,48,ZVUSDC,Zircuit Finance,Base,$1.49m,1490000,8.72,8.72,8.72,8.7,,,,,,,,,
2026-04-21,49,SUSDAI-USDC,Curve DEX,Arbitrum,$4.28m,4280000,8.45,8.45,8.45,4.35,,,,,,,,,
2026-04-21,50,USDC,Loopscale,Solana,"$919,245",919245,8.45,7.82,0.63,8.4,,,,,,,,,
2026-04-21,51,USDC,Neverland,Monad,$14.88m,14880000,8.4,3.93,4.47,8.39,,,,,,,,,
2026-04-21,52,SUSDAI / For buying PT-sUSDai-18JUN2026,Pendle,Arbitrum,$6.46m,6460000,8.38,8.38,8.38,7.24,,,,,,,,,
2026-04-21,53,BBQUSDC,Morpho V1,Base,$3.19m,3190000,8.34,8.34,8.34,5.19,,,,,,,,,
2026-04-21,54,WABASGHO-WABASUSDC / Aura,Beefy,Base,$1.61m,1610000,8.33,5.63,,5.63,,,,,,,,,
2026-04-21,55,SUSDAI / For LP | Maturity 18JUN2026,Pendle,Arbitrum,$6.46m,6460000,8.27,7.58,0.69,6.93,,,,,,,,,
2026-04-21,56,USDC,MortgageFi,Base,"$732,284",732284,8.13,9.17,,9.17,,,,,,,,,
2026-04-21,57,GTUSDCC,Morpho V1,Unichain,$1.17m,1170000,7.95,7.95,7.95,6.34,,,,,,,,,
2026-04-21,58,SUSDAI / For buying PT-sUSDai-15OCT2026,Pendle,Arbitrum,$11.99m,11990000,7.85,7.85,7.85,7.72,,,,,,,,,
2026-04-21,59,WAARBUSDCN-WAARBUSDT-WAARBGHO / Aura,Beefy,Arbitrum,$3.65m,3650000,7.84,6.83,,6.83,,,,,,,,,
2026-04-21,60,SUSDAI / For LP | Maturity 15OCT2026,Pendle,Arbitrum,$11.99m,11990000,7.72,6.82,0.91,7.42,,,,,,,,,
2026-04-21,61,SYRUPUSDC-USDC / 0.08%,Uniswap V4,Arbitrum,"$980,272",980272,7.72,7.72,7.72,0.7,,,,,,,,,
2026-04-21,62,GHO,Fluid Lending,Arbitrum,$3.01m,3010000,7.69,4.23,3.46,6.42,,,,,,,,,
2026-04-21,63,USDC-USDT / 0.01%,Uniswap V3,Arbitrum,$2.51m,2510000,7.66,7.66,4.67,3.41,,,,,,,,,
2026-04-21,64,EDGEUSDC,Morpho V1,Base,"$840,782",840782,7.64,5.02,2.61,5.15,,,,,,,,,
2026-04-21,65,SYZUSD,Yuzu Money,Monad,$23.06m,23060000,7.57,7.57,7.57,7.27,,,,,,,,,
2026-04-21,66,BBQUSDT0,Morpho V1,Monad,$4.05m,4050000,7.54,2.01,5.53,6.22,,,,,,,,,
2026-04-21,67,MIM-USDC / Mim,Beefy,Arbitrum,$2.43m,2430000,7.5,7.18,,7.18,,,,,,,,,
2026-04-21,68,APXUSD / For LP | Maturity 18JUN2026,Pendle,Base,$3.12m,3120000,7.46,5.7,1.76,8.92,,,,,,,,,
2026-04-21,69,USDT,Symbiosis,Tron,$1.5m,1500000,7.43,7.43,7.43,6.94,,,,,,,,,
2026-04-21,70,USDSUI,NAVI Lending,Sui,$1.56m,1560000,7.42,0.07,7.35,8.8,,,,,,,,,
2026-04-21,71,USDAI / For buying PT-USDai-15OCT2026,Pendle,Arbitrum,"$767,444",767444,7.36,7.36,7.36,6.18,,,,,,,,,
2026-04-21,72,GTUSDCF,Morpho V1,Base,$1.28m,1280000,7.18,7.18,7.18,5.02,,,,,,,,,
2026-04-21,73,USDC / Morpho,Beefy,Base,"$952,935",952935,7.16,4.62,,4.62,,,,,,,,,
2026-04-21,74,SUSDAI / 30d unlock,USD AI,Arbitrum,$259.23m,259230000.00000003,7.15,7.15,7.15,6.33,,,,,,,,,
2026-04-21,75,USDC-SUSD / stable - 0.05%,Velodrome V2,Op Mainnet,$1.02m,1020000,7.06,7.06,7.06,6.42,,,,,,,,,
2026-04-21,76,USDC / MainMarket,Current,Sui,$2.14m,2140000,6.97,1.14,5.84,6.22,,,,,,,,,
2026-04-21,77,USDC / 40 Acres,Harvest Finance,Base,$2.02m,2020000,6.93,6.93,6.93,6.31,,,,,,,,,
2026-04-21,78,USDC / Autopilot,Harvest Finance,Base,"$718,551",718551,6.88,6.88,6.88,5.2,,,,,,,,,
2026-04-21,79,USDC,Liqwid,Cardano,"$517,749",517749,6.71,6.71,6.71,4.15,,,,,,,,,
2026-04-21,80,AUSD / earnAUSD/AUSD,Curvance,Monad,$2.03m,2029999.9999999998,6.69,6.69,6.69,6.93,,,,,,,,,
2026-04-21,81,USDC / Morpho - Gauntlet Frontier V2,Harvest Finance,Base,"$574,855",574855,6.67,6.67,6.67,5.16,,,,,,,,,
2026-04-21,82,XUSD,Sovryn Dex,Rootstock,"$728,066",728066,6.48,6.48,6.48,6.53,,,,,,,,,
2026-04-21,83,USDC,DeltaPrime,Arbitrum,"$708,215",708215,6.47,6.47,6.47,6.39,,,,,,,,,
2026-04-21,84,DTUSDC,Lagoon,Base,"$676,501",676501,6.43,6.43,6.43,5.63,,,,,,,,,
2026-04-21,85,USDC / Harvest USDC vault Base,Fusion by IPOR,Base,"$718,558",718558,6.29,6.29,6.29,4.62,,,,,,,,,
2026-04-21,86,USDC,Extra Finance Leverage Farming,Base,$3.68m,3680000,6.28,6.28,6.28,5.13,,,,,,,,,
2026-04-21,87,USDY,Toros,Arbitrum,"$542,991",542991,6.23,4.84,,4.84,,,,,,,,,
2026-04-21,88,USDC,Gains Network,Arbitrum,$8.44m,8440000,6.19,6.19,6.19,6.47,,,,,,,,,
2026-04-21,89,SPARKUSDC,Morpho V1,Base,$9.72m,9720000,6,6,6,4.16,,,,,,,,,
2026-04-21,90,GTUSDCC,Morpho V1,Base,$1.65m,1650000,5.98,5.98,5.98,4.15,,,,,,,,,
2026-04-21,91,USDC,Wasabi Perps,Solana,"$844,118",844118,5.89,5.89,5.89,5.7,,,,,,,,,
2026-04-21,92,USDC,Harmonix Finance,Arbitrum,"$857,291",857291,5.89,5.89,5.89,5.3,,,,,,,,,
2026-04-21,93,USDC,Compound V3,Base,"$864,505",864505,5.88,5.88,5.88,3.02,,,,,,,,,
2026-04-21,94,USDAI / For buying PT-USDai-18JUN2026,Pendle,Arbitrum,$35.88m,35880000,5.87,5.87,5.87,5.26,,,,,,,,,
2026-04-21,95,MWUSDC,Morpho V1,Base,$10.84m,10840000,5.81,5.81,5.81,4.12,,,,,,,,,
2026-04-21,96,STEAKUSDC,Morpho V1,Katana,$24.14m,24140000,5.76,5.76,5.76,1.02,,,,,,,,,
2026-04-21,97,PUSDC,Morpho V1,Base,$8.53m,8530000,5.73,5.73,5.73,4.12,,,,,,,,,
2026-04-21,98,STEAKUSDC,Morpho V1,Base,$284.97m,284970000,5.63,5.63,5.63,4.12,,,,,,,,,
2026-04-21,99,GTUSDCP,Morpho V1,Base,$339.78m,339780000,5.62,5.62,5.62,4.12,,,,,,,,,
2026-04-21,100,STEAKUSDCFARCASTER,Morpho V1,Base,"$576,905",576905,5.55,5.55,5.55,4.1,,,,,,,,,
2026-04-21,101,USDC,Aave V3,Base,$14.83m,14830000,5.44,5.44,5.44,2.8,,,,,,,,,
2026-04-21,102,USDC,Moonwell Lending,Base,$1.77m,1770000,5.35,3.92,1.43,4.16,,,,,,,,,
2026-04-21,103,USDM,Liqwid,Cardano,$1.44m,1440000,5.35,5.35,5.35,5.26,,,,,,,,,
2026-04-21,104,USDC-ALUSD / stable - 0.05%,Velodrome V2,Op Mainnet,$1.65m,1650000,5.33,5.33,5.33,5.66,,,,,,,,,
2026-04-21,105,USDT,ZEROBASE CeDeFi,Op Mainnet,$8.1m,8100000,5.3,3.3,2,5.3,,,,,,,,,
2026-04-21,106,GTUSDC,Morpho V1,Katana,$5.99m,5990000,5.23,5.23,5.23,1.27,,,,,,,,,
2026-04-21,107,USDC-SCRVUSD / Curve,Stake DAO,Base,"$534,405",534405,5.13,1.21,3.92,5.35,,,,,,,,,
2026-04-21,108,EARNAUSD,Upshift,Monad,$38.38m,38380000,5.05,2.73,2.32,9.02,,,,,,,,,
2026-04-21,109,USDC / Compound,Beefy,Base,$1.25m,1250000,4.99,3.01,,3.01,,,,,,,,,
2026-04-21,110,CSUSDC,Morpho V1,Base,$3.59m,3590000,4.96,4.96,4.96,7.29,,,,,,,,,
2026-04-21,111,USDC / SuperchargerV2,WOOFi Earn,Base,"$686,129",686129,4.87,4.87,4.87,4.86,,,,,,,,,
2026-04-21,112,USDC / SuperchargerV2,WOOFi Earn,Arbitrum,$1.14m,1140000,4.73,4.73,4.73,4.73,,,,,,,,,
2026-04-21,113,AUSD / vUSD/AUSD,Curvance,Monad,$1.02m,1020000,4.66,4.66,4.66,5.34,,,,,,,,,
2026-04-21,114,BTCUSD,BiFi,Bifrost Network,$1.34m,1340000,4.66,4.66,4.66,4.65,,,,,,,,,
2026-04-21,115,USDD,JustLend,Tron,$305.38m,305380000,4.65,0,4.65,4.59,,,,,,,,,
2026-04-21,116,USDT,Folks Finance xChain,Polygon,$1.19m,1190000,4.56,4.56,4.56,3.69,,,,,,,,,
2026-04-21,117,HYPERUSDCA,Morpho V1,Arbitrum,"$966,834",966834,4.49,4.49,4.49,4.84,,,,,,,,,
2026-04-21,118,USDC,HyperLend Pooled,Hyperliquid L1,$14.41m,14410000,4.46,4.46,4.46,4.16,,,,,,,,,
2026-04-21,119,BBQUSDT0,Morpho V1,Arbitrum,$26.12m,26120000,4.25,4.25,4.25,3.64,,,,,,,,,
2026-04-21,120,USDC,Folks Finance Lending,Algorand,$1.5m,1500000,4.21,4.21,4.21,3.55,,,,,,,,,
2026-04-21,121,GHO,Fluid Lending,Base,"$910,235",910235,4.2,4.2,4.2,3.95,,,,,,,,,
2026-04-21,122,PYUSD,Kamino Lend,Solana,$10.32m,10320000,4.19,4.19,4.19,2.81,,,,,,,,,
2026-04-21,123,DAI,Aave V3,Polygon,$1.06m,1060000,4.06,4.06,4.06,3.71,,,,,,,,,
2026-04-21,124,SUIUSDT,NAVI Lending,Sui,$1.55m,1550000,4.02,3.45,0.57,4.76,,,,,,,,,
2026-04-21,125,USDC / 2027-01-14,Exactly,Op Mainnet,$1.58m,1580000,3.99,3.99,3.99,2.98,,,,,,,,,
2026-04-22,2,BBQUSDT0,Morpho V1,Monad,$2.52m,2520000,19.84,11.52,8.32,6.45,,8.32,,6.45,24960852.136089668,,635114826.91,0,"{""sUSDe"":0,""syrupUSDC"":44.51,""sUSDS"":23.32,""weETH"":6.22,""PT-USDai-18JUN2026"":0,""siUSD"":0.4,""XAUt0"":0.05,""bbqUSDC"":0,""WBTC"":7.31,""wsrUSD"":11.89,""wstETH"":3.73,""WETH"":2.58}"
2026-04-22,3,FEUSDT0,Morpho V1,Hyperliquid L1,$11.62m,11620000,19.73,19.73,5.79,,,19.73,,5.79,11740441.56214977,,95544173.85,10.94,"{""kHYPE"":53.95,""UBTC"":7.35,""WHYPE"":31.17,""PT-kHYPE-19MAR2026"":6.64,""beHYPE"":0.35,""wstHYPE"":0.54}"
2026-04-22,4,USDC-MSUSD / stable - 0.05%,Velodrome V2,Op Mainnet,$1.03m,1030000,16.12,16.12,12.69,,,16.12,,12.69,,,,,
2026-04-22,5,FEUSDT02,Morpho V1,Hyperliquid L1,$1.86m,1860000,16.02,16.02,6.41,,,16.02,,6.41,1806825.5870099517,,55185471.84,3.17,"{""hwHLP"":3.99,""WHYPE"":0.01,""UBTC"":7.28,""hbUSDT"":3.22,""WHLP"":0.68,""UETH"":9.08,""thBILL"":57.48,""kHYPE"":18.23,""PT-hbUSDT-18DEC2025"":0.03}"
2026-04-22,6,USDC / yoUSD,YO Protocol,Base,$20.25m,20250000,15.83,3.83,12,14.1,,12,,14.1,,,,,
2026-04-22,7,USDC / yoUSD,YO Protocol,Arbitrum,"$534,382",534382,15.83,3.83,12,14.12,,12,,14.12,,,,,
2026-04-22,8,USDC-USDT / CL1 - 0.0009%,Aerodrome Slipstream,Base,"$966,380",966380,14.4,13.52,0.88,11.14,6.88,11.14,,6.88,,,,,
2026-04-22,9,WNUSDT0-WNAUSD-WNUSDC / Balancer,Beefy,Monad,$2.87m,2870000,14.23,14.23,,,,,,14.23,,,,,
2026-04-22,10,APXUSD / For buying PT-apxUSD-18JUN2026,Pendle,Base,$3.12m,3120000,13.98,13.98,14.19,,,13.98,,14.19,,,,,
2026-04-22,11,MSUSD-USDC,Extra Finance Leverage Farming,Base,$1.17m,1170000,13.33,13.33,12.06,,,13.33,,12.06,,,,,
2026-04-22,12,MSUSD-USDC,Aerodrome V1,Base,$6.42m,6420000,13.03,13.03,11.46,,,13.03,,11.46,,,,,
2026-04-22,13,USDC / arbUSD,AUTOfinance,Arbitrum,$1.96m,1960000,12.63,10.77,1.86,8.8,,1.86,,8.8,,,,,
2026-04-22,14,MSUSD-USDC / Aerodrome,Beefy,Base,"$672,590",672590,12.46,10.99,,,,,,10.99,,,,,
2026-04-22,15,FEUSDH,Morpho V1,Hyperliquid L1,$4m,4000000,12.28,12.28,6.12,,,12.28,,6.12,3996402.1507991296,,35990187.08,9.99,"{""UBTC"":13.59,""kHYPE"":9.07,""WHYPE"":77.34}"
2026-04-22,16,AAVEUSDC-AAVEGHO,Aura,Base,$5.29m,5290000,11.82,5.07,6.74,6.39,,6.74,,6.39,,,,,
2026-04-22,17,SUPERUSDC / SuperVault,Superform,Base,$1.3m,1300000,11.46,5.43,6.03,6.63,,6.03,,6.63,,,,,
2026-04-22,18,USDC,Sprinter,Base,$2.96m,2960000,11.35,10.43,,,,,,10.43,,,,,
2026-04-22,19,USDC / vault,Avantis,Base,$53.06m,53060000,11.33,11.33,9.83,,,11.33,,9.83,,,,,
2026-04-22,20,AUSD,Accountable,Monad,"$525,519",525519,11.3,6.3,5,11.3,,5,,11.3,,,,,
2026-04-22,21,AAVEGHO-USDT-USDC,Aura,Arbitrum,$4.9m,4900000,11,3.45,7.55,7.37,,7.55,,7.37,,,,,
2026-04-22,22,MIM-USDC / Mim,Beefy,Arbitrum,$1.16m,1160000,10.78,7.29,,,,,,7.29,,,,,
2026-04-22,23,MIM-USDT0 / Mim,Beefy,Arbitrum,$1.11m,1110000,10.66,10.29,,,,,,10.29,,,,,
2026-04-22,24,AUGUSTUSDC,Morpho V1,Monad,$5.98m,5980000,10.57,7.45,3.11,8.09,,3.11,,8.09,5991666.668310512,,158482335.93,3.64,"{""syzUSD"":46.38,""earnAUSD"":53.62}"
2026-04-22,25,AUGUSTUSDCV2,Morpho V1,Monad,$5.98m,5980000,10.26,7.15,3.11,7.89,,3.11,,7.89,,,,,
2026-04-22,26,SUSDU,Unitas,Solana,$46.05m,46050000,10.25,10.25,11.68,,,10.25,,11.68,,,,,
2026-04-22,27,BBQUSD1,Morpho V1,Monad,$1.52m,1520000,9.74,4.5,5.24,163,,5.24,,163,1522948.1294962158,,48467897.27,0,"{""wsrUSD"":100}"
2026-04-22,28,ALUSD-USDC / Curve,Stake DAO,Arbitrum,"$690,189",690189,9.59,0.28,9.31,9.29,,9.31,,9.29,,,,,
2026-04-22,29,USDT0,Neverland,Monad,$2.86m,2860000,9.57,4.33,5.25,9.24,,5.25,,9.24,16810000,13950000,2860000,,
2026-04-22,30,AUSD,Neverland,Monad,$8.37m,8369999.999999999,9.53,4.38,5.14,10.11,,5.14,,10.11,51430000,43060000,8369999.999999999,,
2026-04-22,31,HYPERVBUSDCA,Morpho V1,Katana,$1.51m,1510000,9.52,9.52,3.26,,,9.52,,3.26,,,,,
2026-04-22,32,ALUSD-USDC,Curve DEX,Arbitrum,"$726,378",726378,9.32,0.1,9.22,9.68,,9.22,,9.68,,,,,
2026-04-22,33,USDC / baseUSD,AUTOfinance,Base,$5.72m,5720000,9.06,5.4,3.66,7.11,,3.66,,7.11,,,,,
2026-04-22,34,USDT,ZEROBASE CeDeFi,Arbitrum,$7.94m,7940000,9,7,2,9,,2,,9,,,,,
2026-04-22,35,USDC,ZEROBASE CeDeFi,Arbitrum,"$783,821",783821,9,7,2,9,,2,,9,,,,,
2026-04-22,36,AUSD,Yearn Finance,Katana,$1.96m,1960000,8.89,8.89,3.05,,,8.89,,3.05,,,,,
2026-04-22,37,ZVUSDC,Zircuit Finance,Base,$1.49m,1490000,8.81,8.81,8.7,,,8.81,,8.7,,,,,
2026-04-22,38,USDC,Fluid Lending,Arbitrum,$27.88m,27880000,8.75,7.62,1.13,6.41,,1.13,,6.41,,,,,
2026-04-22,39,BBQUSDC,Morpho V1,Base,$3.16m,3160000,8.61,8.61,5.16,,,8.61,,5.16,15397377.494124237,,494508627.51,0,"{""XAUt0"":0.03,""sUSDS"":15.78,""syrupUSDC"":4.84,""wstETH"":60.43,""PT-USDai-18JUN2026"":4.64,""WBTC"":14.27,""weETH"":0,""wsrUSD"":0,""siUSD"":0}"
2026-04-22,40,USDC,Aave V3,Arbitrum,$6.47m,6470000,8.54,8.54,2.02,,,8.54,,2.02,157740000,151270000,6470000,,
2026-04-22,41,SUSDAI / For LP | Maturity 18JUN2026,Pendle,Arbitrum,$6.44m,6440000,8.41,7.6,0.8,6.95,,0.8,,6.95,,,,,
2026-04-22,42,SUSDAI / For buying PT-sUSDai-18JUN2026,Pendle,Arbitrum,$6.44m,6440000,8.36,8.36,7.29,,,8.36,,7.29,,,,,
2026-04-22,43,WABASGHO-WABASUSDC / Aura,Beefy,Base,$1.61m,1610000,8.33,5.67,,,,,,5.67,,,,,
2026-04-22,44,USDC,Loopscale,Solana,$1.27m,1270000,8.31,7.69,0.62,8.42,,0.62,,8.42,,,,,
2026-04-22,45,APXUSD / For LP | Maturity 18JUN2026,Pendle,Base,$3.12m,3120000,8.3,6.21,2.08,8.87,,2.08,,8.87,,,,,
2026-04-22,46,USDC,Neverland,Monad,$16.35m,16350000.000000002,8.27,3.87,4.4,8.38,,4.4,,8.38,70080000,53730000,16350000.000000002,,
2026-04-22,47,USDC,Compound V3,Base,"$802,247",802247,8.1,8.1,3.07,,,8.1,,3.07,9460000,8660000,802247,,
2026-04-22,48,GTUSDCC,Morpho V1,Unichain,$1.17m,1170000,7.93,7.93,6.51,,,7.93,,6.51,1928568.5789363415,,6070059.81,0,"{""UBTC"":41.19,""WHYPE"":30.57,""kHYPE"":28.24}"
2026-04-22,49,SUSDAI / For buying PT-sUSDai-15OCT2026,Pendle,Arbitrum,$12.37m,12370000,7.88,7.88,7.74,,,7.88,,7.74,,,,,
2026-04-22,50,USDC,MortgageFi,Base,"$738,679",738679,7.86,9.2,,,,,,9.2,,,,,
2026-04-22,51,WAARBUSDCN-WAARBUSDT-WAARBGHO / Aura,Beefy,Arbitrum,$3.65m,3650000,7.84,6.83,,,,,,6.83,,,,,
2026-04-22,52,SYZUSD,Yuzu Money,Monad,$22.77m,22770000,7.83,7.83,7.28,,,7.83,,7.28,,,,,
2026-04-22,53,USDC,Gains Network,Arbitrum,$8.44m,8440000,7.8,7.8,6.53,,,7.8,,6.53,,,,,
2026-04-22,54,USDC-USDT / 0.01%,Uniswap V3,Arbitrum,$2.47m,2470000,7.69,7.69,4.97,3.64,,4.97,,3.64,,,,,
2026-04-22,55,HYPERUSDCA,Morpho V1,Monad,$19.32m,19320000,7.68,5.08,2.59,7.03,,2.59,,7.03,958327.9703726299,,199004818.92,0,"{""thBILL"":6.62,""WBTC"":10.44,""PT-sUSDai-19FEB2026"":0,""sUSDai"":0.65,""PT-thBILL-18JUN2026"":8.05,""PT-USDai-18JUN2026"":53.52,""PT-sUSDai-18JUN2026"":11.41,""sUSDS"":6.04,""weETH"":0.24,""WETH"":3.05}"
2026-04-22,56,SUSDAI / For LP | Maturity 15OCT2026,Pendle,Arbitrum,$12.37m,12370000,7.65,6.87,0.78,7.39,,0.78,,7.39,,,,,
2026-04-22,57,GHO,Fluid Lending,Arbitrum,$3.12m,3120000,7.5,4.16,3.34,6.43,,3.34,,6.43,,,,,
2026-04-22,58,GTUSDCC,Morpho V1,Hyperliquid L1,$2.04m,2040000,7.25,7.25,6.22,,,7.25,,6.22,1928568.5789363415,,6070059.81,0,"{""UBTC"":41.19,""WHYPE"":30.57,""kHYPE"":28.24}"
2026-04-22,59,AUSD / earnAUSD/AUSD,Curvance,Monad,$1.51m,1510000,7.22,7.22,6.98,,,7.22,,6.98,14440000,12930000,1510000,,
2026-04-22,60,USDC,Fluid Lending,Base,$10.1m,10100000,7.14,5,2.14,6.86,,2.14,,6.86,,,,,
2026-04-22,61,SUSDAI / 30d unlock,USD AI,Arbitrum,$259.34m,259339999.99999997,7.13,7.13,6.36,,,7.13,,6.36,,,,,
2026-04-22,62,USDAI / For buying PT-USDai-15OCT2026,Pendle,Arbitrum,"$766,658",766658,7.11,7.11,6.21,,,7.11,,6.21,,,,,
2026-04-22,63,USDC / 40 Acres,Harvest Finance,Base,$2.02m,2020000,6.93,6.93,6.38,,,6.93,,6.38,,,,,
2026-04-22,64,USDC,DeltaPrime,Arbitrum,"$695,759",695759,6.77,6.77,6.4,,,6.77,,6.4,,,,,
2026-04-22,65,DTUSDC,Lagoon,Base,"$684,231",684231,6.63,6.63,5.65,,,6.63,,5.65,,,,,
2026-04-22,66,USDY,Toros,Arbitrum,"$541,653",541653,6.58,4.94,,,,,,4.94,,,,,
2026-04-22,67,EDGEUSDC,Morpho V1,Base,"$837,887",837887,6.57,3.96,2.61,5.22,,2.61,,5.22,101618.50932368376,,29892852.37,0.34,"{""wstETH"":48,""sUSDS"":38.82,""WBTC"":13.18}"
2026-04-22,68,GTUSDCP,Morpho V1,Op Mainnet,$8.63m,8630000,6.56,3.66,2.9,4.45,,2.9,,4.45,3506522.5059655863,,61481497.74,0,"{""WBTC"":36.92,""wstETH"":48.35,""WETH"":4.6,""sUSDS"":10.12}"
2026-04-22,69,GTUSDCF,Morpho V1,Base,$1.95m,1950000,6.55,6.55,5.28,,,6.55,,5.28,2091104.1545925236,,109496194.24,0,"{""cbBTC"":48.39,""cbXRP"":31.77,""cbADA"":19.84}"
2026-04-22,70,STEAKUSDC,Morpho V1,Katana,$21.38m,21380000,6.51,6.51,1.2,,,6.51,,1.2,124484.0982913223,,64863536.15,0,"{""wstETH"":100,""WETH"":0}"
2026-04-22,71,USDG,Kamino Lend,Solana,$1.33m,1330000,6.43,6.43,5.34,,,6.43,,5.34,27790000,26470000,1330000,,
2026-04-22,72,BBQUSDT0,Morpho V1,Arbitrum,$25.1m,25100000,6.23,6.23,3.7,,,6.23,,3.7,24960852.136089668,,635114826.91,0,"{""sUSDe"":0,""syrupUSDC"":44.51,""sUSDS"":23.32,""weETH"":6.22,""PT-USDai-18JUN2026"":0,""siUSD"":0.4,""XAUt0"":0.05,""bbqUSDC"":0,""WBTC"":7.31,""wsrUSD"":11.89,""wstETH"":3.73,""WETH"":2.58}"
2026-04-22,73,USDC,Extra Finance Leverage Farming,Base,$3.71m,3710000,6.22,6.22,5.14,,,6.22,,5.14,,,,,
2026-04-22,74,HYPERUSDCA,Morpho V1,Arbitrum,"$958,262",958262,5.87,5.87,4.8,,,5.87,,4.8,958327.9703726299,,199004818.92,0,"{""thBILL"":6.62,""WBTC"":10.44,""PT-sUSDai-19FEB2026"":0,""sUSDai"":0.65,""PT-thBILL-18JUN2026"":8.05,""PT-USDai-18JUN2026"":53.52,""PT-sUSDai-18JUN2026"":11.41,""sUSDS"":6.04,""weETH"":0.24,""WETH"":3.05}"
2026-04-22,75,SUSDAI-USDC,Curve DEX,Arbitrum,$4.28m,4280000,5.84,5.84,4.39,,,5.84,,4.39,,,,,
2026-04-22,76,USDAI / For buying PT-USDai-18JUN2026,Pendle,Arbitrum,$35.88m,35880000,5.66,5.66,5.28,,,5.66,,5.28,,,,,
2026-04-22,77,USDC,Kamino Lend,Solana,$7.88m,7880000,5.61,5.61,2.78,,,5.61,,2.78,169650000,161770000,7880000,,
2026-04-22,78,FEUSDC,Morpho V1,Hyperliquid L1,$23.07m,23070000,5.54,5.54,5.84,,,5.54,,5.84,23100318.9589374,,70883564.56,24.58,"{""kHYPE"":97.89,""UBTC"":0.39,""WHYPE"":1.68,""PT-kHYPE-19MAR2026"":0.04}"
2026-04-22,79,USDC,Harmonix Finance,Arbitrum,"$857,235",857235,5.49,5.49,5.33,,,5.49,,5.33,,,,,
2026-04-22,80,GTUSDCC,Morpho V1,Arbitrum,$3.49m,3490000,5.41,5.41,3.31,,,5.41,,3.31,1928568.5789363415,,6070059.81,0,"{""UBTC"":41.19,""WHYPE"":30.57,""kHYPE"":28.24}"
2026-04-22,81,PYUSD,Kamino Lend,Solana,$9.16m,9160000,5.34,5.34,2.98,,,5.34,,2.98,77290000,68120000,9160000,,
2026-04-22,82,USDC-ALUSD / stable - 0.05%,Velodrome V2,Op Mainnet,$1.65m,1650000,5.33,5.33,5.65,,,5.33,,5.65,,,,,
2026-04-22,83,GTUSDC,Morpho V1,Katana,$2.71m,2710000,5.32,5.25,0.08,1.42,,0.08,,1.42,,,,,
2026-04-22,84,USDT,ZEROBASE CeDeFi,Op Mainnet,$8.1m,8100000,5.3,3.3,2,5.3,,2,,5.3,,,,,
2026-04-22,85,USDC / Autopilot,Harvest Finance,Base,"$718,713",718713,5.23,5.23,4.81,,,5.23,,4.81,,,,,
2026-04-22,86,SYRUPUSDC-USDC / 0.08%,Uniswap V4,Arbitrum,"$980,430",980430,5.21,5.21,1.05,,,5.21,,1.05,,,,,
2026-04-22,87,USDC-SCRVUSD / Curve,Stake DAO,Base,"$528,524",528524,5.12,1.23,3.89,5.32,,3.89,,5.32,,,,,
2026-04-22,88,CSUSDC,Morpho V1,Base,$3.48m,3480000,5.09,5.09,6.91,,,5.09,,6.91,556.8204223350682,,75990067.57,0,"{""weETH"":0.06,""wstETH"":99.94}"
2026-04-22,89,USDC / Harvest USDC vault Base,Fusion by IPOR,Base,"$718,669",718669,4.91,4.91,4.43,,,4.91,,4.43,,,,,
2026-04-22,90,USDC / SuperchargerV2,WOOFi Earn,Base,"$686,220",686220,4.87,4.87,4.86,,,4.87,,4.86,,,,,
2026-04-22,91,USDC / Morpho,Beefy,Base,$1.1m,1100000,4.76,4.63,,,,,,4.63,,,,,
2026-04-22,92,AUSD / vUSD/AUSD,Curvance,Monad,"$967,632",967632,4.75,4.75,5.32,,,4.75,,5.32,5500000,4530000,967632,,
2026-04-22,93,USDC / SuperchargerV2,WOOFi Earn,Arbitrum,$1.14m,1140000,4.73,4.73,4.73,,,4.73,,4.73,,,,,
2026-04-22,94,USDY,Toros,Base,"$887,793",887793,4.7,3.68,,,,,,3.68,,,,,
2026-04-22,95,EARNAUSD,Upshift,Monad,$37.81m,37810000,4.63,2.19,2.44,9.08,,2.44,,9.08,,,,,
2026-04-22,96,USDC,HyperLend Pooled,Hyperliquid L1,$14.09m,14090000,4.52,4.52,4.17,,,4.52,,4.17,62960000,48870000,14090000,,
2026-04-22,97,USDC,Wasabi Perps,Solana,"$842,801",842801,4.26,4.26,5.77,,,4.26,,5.77,,,,,
2026-04-22,98,USDC,Moonwell Lending,Base,$3.82m,3820000,4.22,2.97,1.24,4.18,,1.24,,4.18,16079999.999999998,12260000,3820000,,
2026-04-22,99,GTUSDCC,Morpho V1,Base,$1.65m,1650000,4.11,4.11,4.19,,,4.11,,4.19,1928568.5789363415,,6070059.81,0,"{""UBTC"":41.19,""WHYPE"":30.57,""kHYPE"":28.24}"
2026-04-22,100,MEUSD,Morpho V1,Base,"$972,423",972423,4.1,4.1,1.51,,,4.1,,1.51,971509.5228296417,,4517538.81,17.7,"{""cbBTC"":100}"
2026-04-22,101,GTUSDCP,Morpho V1,Base,$55.66m,55660000,4.07,4.07,4.13,,,4.07,,4.13,3506522.5059655863,,61481497.74,0,"{""WBTC"":36.92,""wstETH"":48.35,""WETH"":4.6,""sUSDS"":10.12}"
2026-04-22,102,STEAKUSDC,Morpho V1,Base,$104.23m,104230000,4.07,4.07,4.13,,,4.07,,4.13,124484.0982913223,,64863536.15,0,"{""wstETH"":100,""WETH"":0}"
2026-04-22,103,STEAKUSDCFARCASTER,Morpho V1,Base,"$548,840",548840,4.07,4.07,4.13,,,4.07,,4.13,,,,,
2026-04-22,104,PUSDC,Morpho V1,Base,$8.63m,8630000,4.05,4.05,4.14,,,4.05,,4.14,8629380.536328897,,1041251115.14,0.82,"{""cbBTC"":100}"
2026-04-22,105,MWUSDC,Morpho V1,Base,$7.63m,7630000,4.05,4.05,4.14,,,4.05,,4.14,23134.782728843253,,,,"{""Unknown"":100}"
2026-04-22,106,SPARKUSDC,Morpho V1,Base,$9.29m,9290000,4.03,4.03,4.19,,,4.03,,4.19,0,,,,
2026-04-22,107,USDC / 2027-01-14,Exactly,Op Mainnet,$1.64m,1640000,3.99,3.99,3.05,,,3.99,,3.05,1420000,2255,1420000,,
2026-04-22,108,USDC / 2026-06-04,Exactly,Op Mainnet,$1.64m,1640000,3.98,3.98,3.66,,,3.98,,3.66,1480000,63845,1420000,,
2026-04-22,109,GHO,Fluid Lending,Base,"$937,067",937067,3.9,3.9,3.86,,,3.9,,3.86,,,,,
2026-04-22,110,USDC / 2026-07-02,Exactly,Op Mainnet,$1.64m,1640000,3.82,3.82,3.47,,,3.82,,3.47,1460000,38963,1420000,,
2026-04-22,111,USDC / 2026-12-17,Exactly,Op Mainnet,$1.64m,1640000,3.77,3.77,2.41,,,3.77,,2.41,1420000,1532,1420000,,
2026-04-22,112,SUSDS,Sky Lending,Arbitrum,$357.66m,357660000,3.75,3.75,,,,,,3.75,,,,,
2026-04-22,113,USDC / 2026-09-24,Exactly,Op Mainnet,$1.64m,1640000,3.73,3.73,3.9,,,3.73,,3.9,1430000,11738,1420000,,
2026-04-22,114,USDC / 2026-11-19,Exactly,Op Mainnet,$1.64m,1640000,3.67,3.67,3.65,,,3.67,,3.65,1430000,4506,1420000,,
2026-04-22,115,USDC / 2026-10-22,Exactly,Op Mainnet,$1.64m,1640000,3.66,3.66,4.12,,,3.66,,4.12,1440000,21099,1420000,,
2026-04-22,116,USDC,Wasabi Perps,Base,$2.32m,2320000,3.65,3.65,4.61,,,3.65,,4.61,,,,,
2026-04-22,117,WYLDS-USDC,Kamino Liquidity,Solana,$3.91m,3910000,3.6,3.6,0.52,0.09,,0.52,,0.09,,,,,
2026-04-22,118,USDC / 2026-08-27,Exactly,Op Mainnet,$1.64m,1640000,3.58,3.58,3.94,,,3.58,,3.94,1440000,17407,1420000,,
2026-04-22,119,USDY / US Dollar Yield,Ondo Yield Assets,Solana,$180.17m,180170000,3.55,3.55,3.55,3.55,,3.55,,3.55,,,,,
2026-04-22,120,USDY / US Dollar Yield,Ondo Yield Assets,Arbitrum,$5.58m,5580000,3.55,3.55,3.55,3.55,,3.55,,3.55,,,,,
2026-04-22,121,USDC,Aave V3,Base,$21.18m,21180000,3.52,3.52,2.84,,,3.52,,2.84,183810000,162620000,21180000,,
2026-04-22,122,BBQUSDC,Morpho V1,Monad,$1.65m,1650000,3.45,0.37,3.08,4.27,,3.08,,4.27,15397377.494124237,,494508627.51,0,"{""XAUt0"":0.03,""sUSDS"":15.78,""syrupUSDC"":4.84,""wstETH"":60.43,""PT-USDai-18JUN2026"":4.64,""WBTC"":14.27,""weETH"":0,""wsrUSD"":0,""siUSD"":0}"
2026-04-22,123,EARNAUSD,Neverland,Monad,$3.22m,3220000,3.43,0,3.43,4.12,,3.43,,4.12,3220000,0,3220000,,
2026-04-22,124,WYLDS,Hastra,Solana,$7.58m,7580000,3.28,3.28,3.29,,,3.28,,3.29,,,,,
2026-04-22,125,CUSDO,OpenEden USDO,Solana,$5.73m,5730000,3.25,3.25,3.25,3.24,,3.25,,3.24,,,,,
2026-04-22,126,USDC / Compound,Beefy,Base,$1.23m,1230000,3.21,3.06,,,,,,3.06,,,,,
2026-04-22,127,USDT / Main Pool,Save,Solana,"$641,016",641016,3.19,3.19,3.27,,,3.19,,3.27,3870000,3230000,641017,,
2026-04-22,128,USDC / Compound,Beefy,Op Mainnet,"$707,941",707941,3.13,3.02,,,,,,3.02,,,,,
2026-04-22,129,USDC,Yearn Finance,Base,"$957,751",957751,3.05,3.05,2.99,,,3.05,,2.99,,,,,
2026-04-22,130,MSUSD-USDC / CL50 - 0.05%,Aerodrome Slipstream,Base,$18.44m,18440000,2.95,1.02,1.94,0.73,6.22,0.73,,6.22,,,,,
2026-04-22,131,BBQUSDC,Morpho V1,Arbitrum,$15.4m,15400000,2.92,2.92,3.3,,,2.92,,3.3,15397377.494124237,,494508627.51,0,"{""XAUt0"":0.03,""sUSDS"":15.78,""syrupUSDC"":4.84,""wstETH"":60.43,""PT-USDai-18JUN2026"":4.64,""WBTC"":14.27,""weETH"":0,""wsrUSD"":0,""siUSD"":0}"
2026-04-22,132,USDS,Kamino Lend,Solana,$2.88m,2880000,2.9,2.9,1.25,,,2.9,,1.25,13470000,10590000,2880000,,
2026-04-22,133,USDT,Aave V3,Op Mainnet,"$691,854",691854,2.87,2.87,1.93,,,2.87,,1.93,4520000,3830000,691854,,
2026-04-22,134,GTUSDCP,Morpho V1,Arbitrum,$3.51m,3510000,2.84,2.84,3.06,,,2.84,,3.06,3506522.5059655863,,61481497.74,0,"{""WBTC"":36.92,""wstETH"":48.35,""WETH"":4.6,""sUSDS"":10.12}"
2026-04-22,135,USDG,Loopscale,Solana,$2.2m,2200000,2.79,2.79,2.9,,,2.79,,2.9,,,,,
2026-04-22,136,GTUSDT,Morpho V1,Katana,$69.19m,69190000,2.74,2.7,0.04,0.98,,0.04,,0.98,9.998566208295857e-7,,39994.26,0,"{""WHYPE"":100}"
2026-04-22,137,VBUSDT,Yearn Finance,Katana,$4.09m,4090000,2.46,2.46,2.12,,,2.46,,2.12,,,,,
2026-04-22,138,USDC,Compound V3,Arbitrum,$8.41m,8410000,2.22,2.22,2.37,,,2.22,,2.37,22010000,13600000,8410000,,
2026-04-22,139,USDC / Compound,Beefy,Arbitrum,$1.17m,1170000,2.22,2.37,,,,,,2.37,,,,,
2026-04-22,140,USDC / Euler Earn USDC,Euler V2,Arbitrum,"$715,106",715106,2.16,2.16,3.55,,,2.16,,3.55,,,,,
2026-04-22,141,HYUSD-USDC,Kamino Liquidity,Solana,$1.04m,1040000,2.1,2.1,1.31,2.07,,1.31,,2.07,,,,,
2026-04-22,142,HYUSD,Loopscale,Solana,"$880,529",880529,2.07,2.07,1.62,,,2.07,,1.62,,,,,
2026-04-22,143,USDC / Main Pool,Save,Solana,$11.23m,11230000,2.05,2.05,2.77,,,2.05,,2.77,31650000,20420000,11230000,,
2026-04-22,144,USDT,Compound V3,Arbitrum,$8.78m,8780000,2,2,1.99,,,2,,1.99,19780000,11000000,8780000,,
2026-04-22,145,USDC-USDT / 0.00%,Uniswap V4,Arbitrum,$3.99m,3990000,1.99,1.99,1.05,,,1.99,,1.05,,,,,
2026-04-22,146,USDT,Compound V3,Op Mainnet,$2.02m,2020000,1.97,1.97,2.2,,,1.97,,2.2,4480000,2460000,2020000,,
2026-04-22,147,USDT / Compound,Beefy,Op Mainnet,"$501,614",501614,1.97,2.19,,,,,,2.19,,,,,
2026-04-22,148,SYRUPUSDC-USDC,Kamino Liquidity,Solana,$25.24m,25240000,1.87,1.87,1.37,1.15,,1.37,,1.15,,,,,
2026-04-22,149,USDC / Euler Earn USDC,Euler V2,Monad,"$687,840",687840,1.79,1.79,2.39,,,1.79,,2.39,,,,,
2026-04-22,150,CASH-USDC,Kamino Liquidity,Solana,$9.24m,9240000,1.78,1.78,1,0.56,,1,,0.56,,,,,
2026-04-23,2,USDC-USDM,Mento V3,Monad,"$520,922",520922,16.43,1.87,14.56,16.3,,14.56,,16.3,,,,,
2026-04-23,3,USDC|yoUSD,YO Protocol,Base,$19.78m,19780000,16.42,4.42,12,14.02,,12,,14.02,,,,,
2026-04-23,4,USDC|yoUSD,YO Protocol,Arbitrum,"$535,077",535077,16.42,4.42,12,14.04,,12,,14.04,,,,,
2026-04-23,5,AUSD-USDC-USDT0,Curve DEX,Monad,$2.82m,2820000,15.91,0,15.91,0.16,,15.91,,0.16,,,,,
2026-04-23,6,AAVEGHO-USDT-USDC,Aura,Arbitrum,$4m,4000000,14.41,5.17,9.24,7.54,,9.24,,7.54,,,,,
2026-04-23,7,USDC-USDT|CL1 - 0.0009%,Aerodrome Slipstream,Base,$1.06m,1060000,14.29,13.41,0.88,10.54,7.21,10.54,,7.21,,,,,
2026-04-23,8,USDC-MSUSD|stable - 0.05%,Velodrome V2,Op Mainnet,$1.11m,1110000,14.17,14.17,13.26,,,14.17,,13.26,,,,,
2026-04-23,9,APXUSD|For buying PT-apxUSD-18JUN2026,Pendle,Base,$3.15m,3150000,14.05,14.05,14.18,,,14.05,,14.18,,,,,
2026-04-23,10,WNUSDT0-WNAUSD-WNUSDC|Balancer,Beefy,Monad,$2.87m,2870000,13.58,14.28,,,,,,14.28,,,,,
2026-04-23,11,FEUSDT02,Morpho Blue,Hyperliquid L1,$1.83m,1830000,12.87,12.87,6.68,,,12.87,,6.68,1889233.5812474957,,55116370.6,3.31,"{""hwHLP"":3.9,""WHYPE"":0.2,""UBTC"":7.37,""hbUSDT"":3.15,""WHLP"":0.66,""UETH"":8.9,""thBILL"":56.95,""kHYPE"":18.84,""PT-hbUSDT-18DEC2025"":0.02}"
2026-04-23,12,FEUSDT0,Morpho Blue,Hyperliquid L1,$11.82m,11820000,12.59,12.59,6.21,,,12.59,,6.21,11832284.053953486,,95477379.64,11.03,"{""UBTC"":7.39,""kHYPE"":53.02,""WHYPE"":32.96,""PT-kHYPE-19MAR2026"":5.74,""beHYPE"":0.35,""wstHYPE"":0.53}"
2026-04-23,13,USDC|arbUSD,AUTOfinance,Arbitrum,$1.93m,1930000,12.58,10.66,1.92,9.1,,1.92,,9.1,,,,,
2026-04-23,14,FEUSDE,Morpho Blue,Hyperliquid L1,$1.12m,1120000,12.06,12.06,12.36,,,12.06,,12.36,1117465.4793918955,,15871089.55,6.58,"{""WHYPE"":71.93,""UBTC"":28.07}"
2026-04-23,15,SUPERUSDC|SuperVault,Superform,Base,$1.29m,1290000,11.82,5.74,6.08,6.91,,6.08,,6.91,,,,,
2026-04-23,16,FEUSDH2,Morpho Blue,Hyperliquid L1,$9.69m,9690000,11.7,11.7,11.15,,,11.7,,11.15,9745826.173414929,,30233992.03,24.38,"{""kHYPE"":31,""WHYPE"":56.61,""wstHYPE"":12.4}"
2026-04-23,17,AAVEUSDC-AAVEGHO,Aura,Base,$4.63m,4630000,11.4,11.1,0.3,6.78,,0.3,,6.78,,,,,
2026-04-23,18,USDC,Sprinter,Base,$2.96m,2960000,11.35,10.54,,,,,,10.54,,,,,
2026-04-23,19,AUSD,Accountable,Monad,"$525,519",525519,11.3,6.3,5,11.3,,5,,11.3,,,,,
2026-04-23,20,FEUSDH,Morpho Blue,Hyperliquid L1,$4.01m,4010000,11.01,11.01,6.45,,,11.01,,6.45,4045516.907078419,,35934301.3,10.12,"{""UBTC"":13.11,""kHYPE"":9.02,""WHYPE"":77.87}"
2026-04-23,21,BBQUSDT0,Morpho Blue,Monad,$2.89m,2890000,10.87,2.32,8.55,6.57,,8.55,,6.57,23698791.98757676,,636388880.27,0,"{""sUSDe"":0,""sUSDS"":27.73,""syrupUSDC"":32.18,""weETH"":8.46,""PT-USDai-18JUN2026"":0,""siUSD"":0.42,""XAUt0"":0.05,""bbqUSDC"":0,""WBTC"":9.39,""wsrUSD"":12.7,""wstETH"":4.25,""WETH"":4.81}"
2026-04-23,22,USDC|vault,Avantis,Base,$51.99m,51990000,10.81,10.81,9.85,,,10.81,,9.85,,,,,
2026-04-23,23,HYPERVBUSDCA,Morpho Blue,Katana,$1.51m,1510000,10.77,10.23,0.54,3.54,,0.54,,3.54,,,,,
2026-04-23,24,BBQUSDC,Morpho Blue,Base,$19.76m,19760000,10.64,10.64,5.25,,,10.64,,5.25,16245651.118739383,,493621940.97,0,"{""PT-USDai-18JUN2026"":9.87,""syrupUSDC"":4.69,""weETH"":9.88,""wsrUSD"":0,""WETH"":0.72,""XAUt0"":0.03,""sUSDS"":1.67,""wstETH"":54.83,""WBTC"":18.31,""siUSD"":0}"
2026-04-23,25,USDC-USDT|0.01%,Uniswap V3,Arbitrum,$2.65m,2650000,10.6,10.6,5.42,3.91,,5.42,,3.91,,,,,
2026-04-23,26,MIM-USDC|Mim,Beefy,Arbitrum,$1.16m,1160000,10.59,7.42,,,,,,7.42,,,,,
2026-04-23,27,AUGUSTUSDC,Morpho Blue,Monad,$6.07m,6070000,10.56,7.37,3.18,8.14,,3.18,,8.14,6055239.886316745,,158404997.6,3.68,"{""syzUSD"":52.81,""earnAUSD"":47.19}"
2026-04-23,28,MIM-USDT0|Mim,Beefy,Arbitrum,$1.11m,1110000,10.47,10.29,,,,,,10.29,,,,,
2026-04-23,29,AUGUSTUSDCV2,Morpho Blue,Monad,$6.06m,6060000,10.3,7.12,3.18,7.95,,3.18,,7.95,,,,,
2026-04-23,30,SUSDU,Unitas,Solana,$46m,46000000,10.26,10.26,11.64,,,10.26,,11.64,,,,,
2026-04-23,31,BBQUSD1,Morpho Blue,Monad,$1.52m,1520000,10.12,4.72,5.4,155,,5.4,,155,1415819.000200672,,48589451.34,0,"{""wsrUSD"":100}"
2026-04-23,32,ZVUSDC,Zircuit Finance,Base,$1.49m,1490000,9.73,9.73,8.71,,,9.73,,8.71,,,,,
2026-04-23,33,USDC,YieldSeeker,Base,$1.28m,1280000,9.64,9.64,9.13,,,9.64,,9.13,,,,,
2026-04-23,34,USDT0,Neverland,Monad,$2.71m,2710000,9.53,4.35,5.18,9.27,,5.18,,9.27,,,,,
2026-04-23,35,AUSD,Neverland,Monad,$7.73m,7730000,9.51,4.43,5.07,10.07,,5.07,,10.07,,,,,
2026-04-23,36,SUSDAI|For buying PT-sUSDai-15OCT2026,Pendle,Arbitrum,$11.46m,11460000,9.33,9.33,7.79,,,9.33,,7.79,,,,,
2026-04-23,37,AUSD|earnAUSD/AUSD,Curvance,Monad,$1.44m,1440000,9.27,7.27,2,7.04,,2,,7.04,,,,,
2026-04-23,38,FEUSDC2,Morpho Blue,Hyperliquid L1,$18.01m,18010000,9.05,9.05,9.02,,,9.05,,9.02,18014424.083569292,,31974870.77,36.04,"{""wstHYPE"":1.61,""kHYPE"":14.31,""WHYPE"":84.08}"
2026-04-23,39,SUSDAI|For buying PT-sUSDai-18JUN2026,Pendle,Arbitrum,$6.48m,6480000,9.01,9.01,7.36,,,9.01,,7.36,,,,,
2026-04-23,40,USDT,ZEROBASE CeDeFi,Arbitrum,$7.94m,7940000,9,7,2,9,,2,,9,,,,,
2026-04-23,41,USDC,ZEROBASE CeDeFi,Arbitrum,"$783,780",783780,9,7,2,9,,2,,9,,,,,
2026-04-23,42,USDC|baseUSD,AUTOfinance,Base,$5.76m,5760000,8.91,5.18,3.73,7.22,,3.73,,7.22,,,,,
2026-04-23,43,USDC,Loopscale,Solana,"$913,420",913420,8.91,7.8,1.11,8.45,,1.11,,8.45,,,,,
2026-04-23,44,AUSD,Yearn Finance,Katana,$1.79m,1790000,8.89,8.89,3.27,,,8.89,,3.27,,,,,
2026-04-23,45,SUSDAI|For LP | Maturity 15OCT2026,Pendle,Arbitrum,$11.46m,11460000,8.86,7.32,1.54,7.38,,1.54,,7.38,,,,,
2026-04-23,46,SUSDAI|For LP | Maturity 18JUN2026,Pendle,Arbitrum,$6.48m,6480000,8.8,7.81,0.99,6.99,,0.99,,6.99,,,,,
2026-04-23,47,APXUSD|For LP | Maturity 18JUN2026,Pendle,Base,$3.15m,3150000,8.54,6.33,2.21,8.84,,2.21,,8.84,,,,,
2026-04-23,48,GTUSDCC,Morpho Blue,Unichain,$1.14m,1140000,8.45,8.45,6.58,,,8.45,,6.58,2174662.8869016585,,5823624.29,0,"{""UBTC"":49.35,""WHYPE"":25.6,""kHYPE"":25.05}"
2026-04-23,49,AUSD|syzUSD/AUSD,Curvance,Monad,"$551,307",551307,8.39,6.49,1.9,6.45,,1.9,,6.45,,,,,
2026-04-23,50,WABASGHO-WABASUSDC|Aura,Beefy,Base,$1.61m,1610000,8.33,5.72,,,,,,5.72,,,,,
2026-04-23,51,MSUSD-USDC,Extra Finance Leverage Farming,Base,$1.14m,1140000,8.29,8.29,12.09,,,8.29,,12.09,,,,,
2026-04-23,52,USDC,Gains Network,Arbitrum,$8.44m,8440000,8.16,8.16,6.6,,,8.16,,6.6,,,,,
2026-04-23,53,SYZUSD,Yuzu Money,Monad,$23m,23000000,8.12,8.12,7.3,,,8.12,,7.3,,,,,
2026-04-23,54,USDC,Neverland,Monad,$16.94m,16940000,8.11,3.73,4.38,8.37,,4.38,,8.37,,,,,
2026-04-23,55,GHO,Fluid Lending,Arbitrum,$3.11m,3110000,8.02,4.67,3.35,6.36,,3.35,,6.36,,,,,
2026-04-23,56,MSUSD-USDC,Aerodrome V1,Base,$8.01m,8010000,7.98,7.98,11.49,,,7.98,,11.49,,,,,
2026-04-23,57,USDC|Compound,Beefy,Base,$1.23m,1230000,7.92,3.14,,,,,,3.14,,,,,
2026-04-23,58,WAARBUSDCN-WAARBUSDT-WAARBGHO|Aura,Beefy,Arbitrum,$3.65m,3650000,7.84,6.84,,,,,,6.84,,,,,
2026-04-23,59,AUSD|vUSD/AUSD,Curvance,Monad,"$967,574",967574,7.75,4.75,3,5.35,,3,,5.35,,,,,
2026-04-23,60,HYPERUSDCA,Morpho Blue,Monad,$19.38m,19380000,7.68,4.5,3.18,6.98,,3.18,,6.98,940100.7190424592,,199007982.32,0,"{""thBILL"":7.11,""WBTC"":11.8,""PT-sUSDai-19FEB2026"":0,""sUSDai"":4.15,""PT-thBILL-18JUN2026"":7.48,""PT-USDai-18JUN2026"":10.98,""PT-sUSDai-18JUN2026"":11.63,""sUSDS"":15.85,""weETH"":28.71,""WETH"":2.28}"
2026-04-23,61,USDC|Morpho,Beefy,Base,$1.1m,1100000,7.66,4.7,,,,,,4.7,,,,,
2026-04-23,62,GTUSDCF,Morpho Blue,Base,$1.21m,1210000,7.58,7.58,5.04,,,7.58,,5.04,2140512.167104693,,109432753.35,0,"{""cbBTC"":49.58,""cbXRP"":31.04,""cbADA"":19.39}"
2026-04-23,63,USDC,MortgageFi,Base,"$755,560",755560,7.55,9.24,,,,,,9.24,,,,,
2026-04-23,64,USDAI|For buying PT-USDai-15OCT2026,Pendle,Arbitrum,"$762,058",762058,7.5,7.5,6.24,,,7.5,,6.24,,,,,
2026-04-23,65,MSUSD-USDC|Aerodrome,Beefy,Base,"$678,671",678671,7.5,11.02,,,,,,11.02,,,,,
2026-04-23,66,USDC,Fluid Lending,Base,$10.67m,10670000,7.28,5.02,2.26,6.52,,2.26,,6.52,,,,,
2026-04-23,67,USDY,Toros,Arbitrum,"$541,773",541773,7.18,5.01,,,,,,5.01,,,,,
2026-04-23,68,SUSDAI|30d unlock,USD AI,Arbitrum,$260.53m,260529999.99999997,7.11,7.11,6.41,,,7.11,,6.41,,,,,
2026-04-23,69,USDC,DeltaPrime,Arbitrum,"$694,832",694832,6.79,6.79,6.4,,,6.79,,6.4,,,,,
2026-04-23,70,USDC|Morpho - Gauntlet Frontier V2,Harvest Finance,Base,"$646,565",646565,6.78,6.78,5.32,,,6.78,,5.32,,,,,
2026-04-23,71,USDC,Fluid Lending,Arbitrum,$28.87m,28870000,6.73,5.51,1.22,6.22,,1.22,,6.22,,,,,
2026-04-23,72,GTUSDC,Morpho Blue,Katana,$2.7m,2700000,6.66,6.12,0.54,1.62,,0.54,,1.62,,,,,
2026-04-23,73,USDC|Autopilot,Harvest Finance,Base,"$718,386",718386,6.64,6.64,4.73,,,6.64,,4.73,,,,,
2026-04-23,74,USDC,Harmonix Finance,Arbitrum,"$847,450",847450,6.16,6.16,5.37,,,6.16,,5.37,,,,,
2026-04-23,75,USDG,Kamino Lend,Solana,$1.38m,1380000,6.12,6.12,5.37,,,6.12,,5.37,,,,,
2026-04-23,76,FEUSDC,Morpho Blue,Hyperliquid L1,$20.2m,20200000,5.44,5.44,5.71,,,5.44,,5.71,20053000.943326462,,73926873.38,21.34,"{""kHYPE"":97.34,""UBTC"":0.69,""WHYPE"":1.93,""PT-kHYPE-19MAR2026"":0.04}"
2026-04-23,77,USDY,Toros,Base,"$887,875",887875,5.43,3.76,,,,,,3.76,,,,,
2026-04-23,78,STEAKUSDC,Morpho Blue,Base,$291.05m,291050000,5.38,4.38,1,4.17,,1,,4.17,124420.18874312563,,64858704.29,0,"{""WBTC"":91.43,""WETH"":8.57}"
2026-04-23,79,GTUSDCP,Morpho Blue,Op Mainnet,$9.24m,9240000,5.34,3.21,2.13,4.51,,2.13,,4.51,4113731.9633753896,,60869392.52,0,"{""WBTC"":13.31,""wstETH"":73.07,""WETH"":1.94,""sUSDS"":11.68}"
2026-04-23,80,CSUSDC,Morpho Blue,Base,$3.4m,3400000,5.32,5.32,6.42,,,5.32,,6.42,557.0516800630346,,75983171.13,0,"{""weETH"":0.06,""wstETH"":99.94}"
2026-04-23,81,USDT,ZEROBASE CeDeFi,Op Mainnet,$8.11m,8109999.999999999,5.3,3.3,2,5.3,,2,,5.3,,,,,
2026-04-23,82,MWUSDC,Morpho Blue,Base,$8.92m,8920000,5.26,4.38,0.88,4.17,,0.88,,4.17,23134.902462891936,,,,"{""Unknown"":100}"
2026-04-23,83,USDC|Harvest USDC vault Base,Fusion by IPOR,Base,"$718,539",718539,5.13,5.13,4.42,,,5.13,,4.42,,,,,
2026-04-23,84,GTUSDCC,Morpho Blue,Hyperliquid L1,$2.34m,2340000,4.99,4.99,6.08,,,4.99,,6.08,2174662.8869016585,,5823624.29,0,"{""UBTC"":49.35,""WHYPE"":25.6,""kHYPE"":25.05}"
2026-04-23,85,USDC|SuperchargerV2,WOOFi Earn,Base,"$686,313",686313,4.87,4.87,4.86,,,4.87,,4.86,,,,,
2026-04-23,86,EARNAUSD,Upshift,Monad,$36.9m,36900000,4.8,2.26,2.55,9.09,,2.55,,9.09,,,,,
2026-04-23,87,USDC,Moonwell Lending,Base,$2.72m,2720000,4.8,3.44,1.35,4.2,,1.35,,4.2,,,,,
2026-04-23,88,SUSDAI-USDC,Curve DEX,Arbitrum,$4.29m,4290000,4.78,4.78,4.3,,,4.78,,4.3,,,,,
2026-04-23,89,USDC|SuperchargerV2,WOOFi Earn,Arbitrum,$1.14m,1140000,4.73,4.73,4.73,,,4.73,,4.73,,,,,
2026-04-23,90,USDC-ALUSD|stable - 0.05%,Velodrome V2,Op Mainnet,$1.65m,1650000,4.5,4.5,5.64,,,4.5,,5.64,,,,,
2026-04-23,91,USDC|Euler Earn USDC,Euler V2,Monad,"$529,155",529155,4.45,2.45,2,2.49,,2,,2.49,,,,,
2026-04-23,92,SPARKUSDC,Morpho Blue,Base,$9.14m,9140000,4.44,4.44,4.21,,,4.44,,4.21,0,,,,
2026-04-23,93,GTUSDCP,Morpho Blue,Base,$350.89m,350890000,4.38,4.38,4.16,,,4.38,,4.16,4113731.9633753896,,60869392.52,0,"{""WBTC"":13.31,""wstETH"":73.07,""WETH"":1.94,""sUSDS"":11.68}"
2026-04-23,94,USDC,Wasabi Perps,Solana,"$805,058",805058,4.37,4.37,5.82,,,4.37,,5.82,,,,,
2026-04-23,95,GTUSDCC,Morpho Blue,Base,$1.66m,1660000,4.3,4.3,4.21,,,4.3,,4.21,2174662.8869016585,,5823624.29,0,"{""UBTC"":49.35,""WHYPE"":25.6,""kHYPE"":25.05}"
2026-04-23,96,FRUSDC,Morpho Blue,Base,$23.74m,23740000,4.28,4.28,4.13,,,4.28,,4.13,23737959.757668022,,0,0,"{""cbBTC"":100}"
2026-04-23,97,PUSDC,Morpho Blue,Base,$8.51m,8510000,4.28,4.28,4.15,,,4.28,,4.15,8507731.721574087,,1041240734.19,0.81,"{""cbBTC"":100}"
2026-04-23,98,TERMUSDC,Morpho Blue,Base,"$977,637",977637,4.28,4.28,4.13,,,4.28,,4.13,977684.3899511624,,198974404.36,0.49,"{""cbBTC"":100}"
2026-04-23,99,EARNAUSD|earnAUSD/AUSD,Curvance,Monad,$17.38m,17380000,4.24,0,4.24,0.05,,4.24,,0.05,,,,,
2026-04-23,100,BBQUSDC,Morpho Blue,Arbitrum,$16.03m,16030000.000000002,4.17,4.17,3.34,,,4.17,,3.34,16245651.118739383,,493621940.97,0,"{""PT-USDai-18JUN2026"":9.87,""syrupUSDC"":4.69,""weETH"":9.88,""wsrUSD"":0,""WETH"":0.72,""XAUt0"":0.03,""sUSDS"":1.67,""wstETH"":54.83,""WBTC"":18.31,""siUSD"":0}"
2026-04-23,101,STEAKUSDCFARCASTER,Morpho Blue,Base,"$553,411",553411,4.17,4.17,4.14,,,4.17,,4.14,,,,,
2026-04-23,102,EDGEUSDC,Morpho Blue,Base,"$833,428",833428,4.08,4.08,5.22,,,4.08,,5.22,101622.22988566269,,29890589.07,0.34,"{""wstETH"":48,""sUSDS"":38.82,""WBTC"":13.18}"
2026-04-23,103,USDC|2027-01-14,Exactly,Op Mainnet,$1.72m,1720000,3.99,3.99,3.12,,,3.99,,3.12,,,,,
2026-04-23,104,USDC|2026-06-04,Exactly,Op Mainnet,$1.72m,1720000,3.98,3.98,3.67,,,3.98,,3.67,,,,,
2026-04-23,105,USDC,Aave V3,Base,$16.87m,16870000,3.91,3.91,2.87,,,3.91,,2.87,,,,,
2026-04-23,106,GHO,Fluid Lending,Base,"$937,281",937281,3.88,3.88,3.7,,,3.88,,3.7,,,,,
2026-04-23,107,USDC|2026-07-02,Exactly,Op Mainnet,$1.72m,1720000,3.87,3.87,3.48,,,3.87,,3.48,,,,,
2026-04-23,108,USDC|2026-12-17,Exactly,Op Mainnet,$1.72m,1720000,3.78,3.78,2.55,,,3.78,,2.55,,,,,
2026-04-23,109,USDC,HyperLend Pooled,Hyperliquid L1,$21.07m,21070000,3.78,3.78,4.17,,,3.78,,4.17,,,,,
2026-04-23,110,BBQUSDC,Morpho Blue,Monad,$1.75m,1750000,3.75,0.62,3.13,4.24,,3.13,,4.24,16245651.118739383,,493621940.97,0,"{""PT-USDai-18JUN2026"":9.87,""syrupUSDC"":4.69,""weETH"":9.88,""wsrUSD"":0,""WETH"":0.72,""XAUt0"":0.03,""sUSDS"":1.67,""wstETH"":54.83,""WBTC"":18.31,""siUSD"":0}"
2026-04-23,111,USDC|2026-09-24,Exactly,Op Mainnet,$1.72m,1720000,3.72,3.72,3.89,,,3.72,,3.89,,,,,
2026-04-23,112,USDC,Wasabi Perps,Base,$2.32m,2320000,3.69,3.69,4.6,,,3.69,,4.6,,,,,
2026-04-23,113,USDC|2026-11-19,Exactly,Op Mainnet,$1.72m,1720000,3.67,3.67,3.65,,,3.67,,3.65,,,,,
2026-04-23,114,SUSDS,Sky Lending,Arbitrum,$357.64m,357640000,3.65,3.75,,,,,,3.75,,,,,
2026-04-23,115,USDC|2026-10-22,Exactly,Op Mainnet,$1.72m,1720000,3.62,3.62,4.09,,,3.62,,4.09,,,,,
2026-04-23,116,MEUSD,Morpho Blue,Base,"$970,459",970459,3.61,3.61,1.62,,,3.61,,1.62,973994.602035271,,4540171.93,17.66,"{""cbBTC"":100}"
2026-04-23,117,HYPERUSDCA,Morpho Blue,Arbitrum,"$940,148",940148,3.58,3.58,4.63,,,3.58,,4.63,940100.7190424592,,199007982.32,0,"{""thBILL"":7.11,""WBTC"":11.8,""PT-sUSDai-19FEB2026"":0,""sUSDai"":4.15,""PT-thBILL-18JUN2026"":7.48,""PT-USDai-18JUN2026"":10.98,""PT-sUSDai-18JUN2026"":11.63,""sUSDS"":15.85,""weETH"":28.71,""WETH"":2.28}"
2026-04-23,118,USDC|2026-08-27,Exactly,Op Mainnet,$1.72m,1720000,3.57,3.57,3.92,,,3.57,,3.92,,,,,
2026-04-23,119,MSUSD-USDC|CL50 - 0.05%,Aerodrome Slipstream,Base,$17.96m,17960000,3.57,1.25,2.31,0.87,5.46,0.87,,5.46,,,,,
2026-04-23,120,USDY|US Dollar Yield,Ondo Yield Assets,Solana,$180.19m,180190000,3.55,3.55,3.55,3.55,,3.55,,3.55,,,,,
2026-04-23,121,USDY|US Dollar Yield,Ondo Yield Assets,Arbitrum,$5.58m,5580000,3.55,3.55,3.55,3.55,,3.55,,3.55,,,,,
2026-04-23,122,BBQUSDT0,Morpho Blue,Arbitrum,$23.95m,23950000,3.55,3.55,3.75,,,3.55,,3.75,23698791.98757676,,636388880.27,0,"{""sUSDe"":0,""sUSDS"":27.73,""syrupUSDC"":32.18,""weETH"":8.46,""PT-USDai-18JUN2026"":0,""siUSD"":0.42,""XAUt0"":0.05,""bbqUSDC"":0,""WBTC"":9.39,""wsrUSD"":12.7,""wstETH"":4.25,""WETH"":4.81}"
2026-04-23,123,USDC|Euler Earn USDC,Euler V2,Arbitrum,"$678,369",678369,3.36,3.36,3.44,,,3.36,,3.44,,,,,
2026-04-23,124,USDC,Kamino Lend,Solana,$9.58m,9580000,3.36,3.36,2.9,,,3.36,,2.9,,,,,
2026-04-23,125,WYLDS,Hastra,Solana,$5.43m,5430000,3.28,3.28,3.29,,,3.28,,3.29,,,,,
2026-04-23,126,EARNAUSD,Neverland,Monad,$3.22m,3220000,3.26,0,3.26,4.1,,3.26,,4.1,,,,,
2026-04-23,127,CUSDO,OpenEden USDO,Solana,$5.73m,5730000,3.25,3.25,3.25,3.24,,3.25,,3.24,,,,,
2026-04-23,128,USDC,Compound V3,Base,$1.17m,1170000,3.17,3.17,3.13,,,3.17,,3.13,,,,,
2026-04-23,129,USDT|Main Pool,Save,Solana,"$703,725",703725,3.07,3.07,3.27,,,3.07,,3.27,,,,,
2026-04-23,130,VBUSDC,Yearn Finance,Katana,$18m,18000000,3.03,0.92,2.11,1.53,,2.11,,1.53,,,,,
2026-04-23,131,USDC|Compound,Beefy,Op Mainnet,"$708,007",708007,2.98,3,,,,,,3,,,,,
2026-04-23,132,USDT,Aave V3,Op Mainnet,"$630,695",630695,2.95,2.95,1.97,,,2.95,,1.97,,,,,
2026-04-23,133,USDC,Yearn Finance,Base,"$957,871",957871,2.92,2.92,2.99,,,2.92,,2.99,,,,,
2026-04-23,134,GTUSDCP,Morpho Blue,Arbitrum,$4.09m,4090000,2.8,2.8,3.1,,,2.8,,3.1,4113731.9633753896,,60869392.52,0,"{""WBTC"":13.31,""wstETH"":73.07,""WETH"":1.94,""sUSDS"":11.68}"
2026-04-23,135,VBUSDT,Yearn Finance,Katana,$4.81m,4810000,2.79,1.7,1.1,1.59,,1.1,,1.59,,,,,
2026-04-23,136,USDG,Loopscale,Solana,$2.2m,2200000,2.79,2.79,2.87,,,2.79,,2.87,,,,,
2026-04-23,137,CASH-USDC,Kamino Liquidity,Solana,$9.19m,9190000,2.78,2.78,1.42,0.64,,1.42,,0.64,,,,,
2026-04-23,138,GTUSDCC,Morpho Blue,Arbitrum,$3.39m,3390000,2.66,2.66,3.31,,,2.66,,3.31,2174662.8869016585,,5823624.29,0,"{""UBTC"":49.35,""WHYPE"":25.6,""kHYPE"":25.05}"
2026-04-23,139,USDS,Kamino Lend,Solana,$3.34m,3340000,2.65,2.65,1.32,,,2.65,,1.32,,,,,
2026-04-23,140,USDC,Compound V3,Arbitrum,$6.87m,6870000,2.4,2.4,2.37,,,2.4,,2.37,,,,,
2026-04-23,141,USDC|Compound,Beefy,Arbitrum,$1.14m,1140000,2.4,2.37,,,,,,2.37,,,,,
2026-04-23,142,HYUSD,Loopscale,Solana,"$863,031",863031,2.18,2.18,1.66,,,2.18,,1.66,,,,,
2026-04-23,143,USDY,Toros,Op Mainnet,"$755,736",755736,2.18,2.7,,,,,,2.7,,,,,
2026-04-23,144,USDC|yoUSD Loooper,Fusion by IPOR,Base,$1.58m,1580000,2.11,2.11,2.87,,,2.11,,2.87,,,,,
2026-04-23,145,USDT,Compound V3,Arbitrum,$8.55m,8550000,2.04,2.04,1.97,,,2.04,,1.97,,,,,
2026-04-23,146,USDPY,Toros,Op Mainnet,$1.09m,1090000,2.03,1.54,,,,,,1.54,,,,,
2026-04-23,147,USDC|Main Pool,Save,Solana,$11.7m,11700000,2,2,2.74,,,2,,2.74,,,,,
2026-04-23,148,GTUSDT,Morpho Blue,Katana,$68.09m,68090000,2,1.87,0.13,1.04,,0.13,,1.04,0.0000010000900623537545,,40003.6,0,"{""WHYPE"":100}"
2026-04-23,149,USDC-USDT|0.00%,Uniswap V4,Arbitrum,$3.91m,3910000,2,2,1.09,,,2,,1.09,,,,,
2026-04-23,150,USDT,Compound V3,Op Mainnet,$2.03m,2029999.9999999998,1.97,1.97,2.17,,,1.97,,2.17,,,,,
2026-04-23,151,USDC,Revert Lend,Base,$2.33m,2325291,8.540000000000001,8.540000000000001,0,7.51,,6.43,,,2325291,,,,
2026-04-23,152,baseUSD,Tokemak,Base,$5.76m,5758624,-0.7799999999999999,-2.6100000000000003,1.83,7.1499999999999995,,6.54,,,5758624,,,,
2026-04-24,2,MIM-USDC|Mim,Beefy,Arbitrum,$1.16m,1160000,21.87,7.61,,,,,,7.61,,,,,
2026-04-24,3,USDC-USDT|CL1 - 0.0009%,Aerodrome Slipstream,Base,$1.1m,1100000,19.33,18.56,0.76,11.65,7.47,11.65,,7.47,,,,,
2026-04-24,4,MSUSD-FRXUSD,Aerodrome V1,Base,"$838,428",838428,18.77,18.77,15.97,,,18.77,,15.97,,,,,
2026-04-24,5,USDC|yoUSD,YO Protocol,Base,$19.86m,19860000,16.67,4.67,12,13.96,,12,,13.96,,,,,
2026-04-24,6,USDC|yoUSD,YO Protocol,Arbitrum,"$566,832",566832,16.67,4.67,12,13.98,,12,,13.98,,,,,
2026-04-24,7,AUSD-USDC-USDT0,Curve DEX,Monad,$2.64m,2640000,15.95,0,15.95,0.6,,15.95,,0.6,,,,,
2026-04-24,8,USDC-USDM,Mento V3,Monad,"$520,925",520925,15.8,1.24,14.56,16.24,,14.56,,16.24,,,,,
2026-04-24,9,AAVEGHO-USDT-USDC,Aura,Arbitrum,$3.7m,3700000,15.62,5.62,10,7.82,,10,,7.82,,,,,
2026-04-24,10,USDC-MSUSD|stable - 0.05%,Velodrome V2,Op Mainnet,$1.13m,1130000,15.42,15.42,12.86,,,15.42,,12.86,,,,,
2026-04-24,11,APXUSD|For buying PT-apxUSD-18JUN2026,Pendle,Base,$3.16m,3160000,14.07,14.07,14.18,,,14.07,,14.18,,,,,
2026-04-24,12,WNUSDT0-WNAUSD-WNUSDC|Balancer,Beefy,Monad,$2.86m,2860000,13.18,14.29,,,,,,14.29,,,,,
2026-04-24,13,USDC|arbUSD,AUTOfinance,Arbitrum,$2.87m,2870000,12.57,10.66,1.91,9.33,,1.91,,9.33,,,,,
2026-04-24,14,SUPERUSDC|SuperVault,Superform,Base,$1.28m,1280000,11.97,5.95,6.02,7.11,,6.02,,7.11,,,,,
2026-04-24,15,USDC,Sprinter,Base,$2.96m,2960000,11.35,10.62,,,,,,10.62,,,,,
2026-04-24,16,AUSD,Accountable,Monad,"$525,519",525519,11.3,6.3,5,11.3,,5,,11.3,,,,,
2026-04-24,17,USDC-MUSD|CL10 - 0.05%,Aerodrome Slipstream,Base,"$601,221",601221,11.23,11.23,58.13,,,11.23,,58.13,,,,,
2026-04-24,18,USDC|vault,Avantis,Base,$50.84m,50840000,11.07,11.07,9.87,,,11.07,,9.87,,,,,
2026-04-24,19,BBQUSD1,Morpho Blue,Monad,$1.42m,1420000,11.02,5.46,5.56,150,,5.56,,150,1415671.8616749924,,48574899.98,0,"{""wsrUSD"":100}"
2026-04-24,20,BBQUSDT0,Morpho Blue,Monad,$2.83m,2830000,10.97,2.63,8.33,6.72,,8.33,,6.72,23443895.954378225,,636761743.83,0,"{""sUSDe"":0,""sUSDS"":24.44,""syrupUSDC"":32.88,""weETH"":10.08,""PT-USDai-18JUN2026"":0,""siUSD"":0.43,""XAUt0"":0.06,""bbqUSDC"":0,""WBTC"":9.89,""wsrUSD"":12.99,""wstETH"":4.19,""WETH"":5.01}"
2026-04-24,21,FEUSDT02,Morpho Blue,Hyperliquid L1,$1.86m,1860000,10.88,10.88,6.78,,,10.88,,6.78,1847499.6521041119,,55171251.45,3.24,"{""hwHLP"":3.79,""UBTC"":7.55,""UETH"":9.06,""WHYPE"":0.02,""hbUSDT"":3.19,""WHLP"":0.67,""thBILL"":57.24,""kHYPE"":18.46,""PT-hbUSDT-18DEC2025"":0.03}"
2026-04-24,22,MIM-USDT0|Mim,Beefy,Arbitrum,$1.1m,1100000,10.63,10.27,,,,,,10.27,,,,,
2026-04-24,23,HYPERVBUSDCA,Morpho Blue,Katana,$1.52m,1520000,10.42,9.72,0.7,3.77,,0.7,,3.77,,,,,
2026-04-24,24,GTUSDCC,Morpho Blue,Unichain,$1.16m,1160000,10.42,10.42,6.56,,,10.42,,6.56,1910509.1164620756,,6088031.35,0,"{""UBTC"":42.97,""WHYPE"":28.51,""kHYPE"":28.52}"
2026-04-24,25,SUSDU,Unitas,Solana,$46m,46000000,10.26,10.26,11.61,,,10.26,,11.61,,,,,
2026-04-24,26,ALUSD-USDC|Curve,Stake DAO,Arbitrum,"$689,399",689399,10.04,0.17,9.87,9.38,,9.87,,9.38,,,,,
2026-04-24,27,FEUSDT0,Morpho Blue,Hyperliquid L1,$12.09m,12090000,9.82,9.82,6.44,,,9.82,,6.44,11350037.41898106,,95984373.85,10.57,"{""UBTC"":7.66,""kHYPE"":51.37,""WHYPE"":34.07,""PT-kHYPE-19MAR2026"":5.99,""beHYPE"":0.36,""wstHYPE"":0.56}"
2026-04-24,28,ALUSD-USDC,Curve DEX,Arbitrum,"$725,648",725648,9.73,0.02,9.71,9.61,,9.71,,9.61,,,,,
2026-04-24,29,USDC,YieldSeeker,Base,$1.29m,1290000,9.61,9.61,9.45,,,9.61,,9.45,,,,,
2026-04-24,30,AUSD,Neverland,Monad,$7.55m,7550000,9.44,4.45,4.98,10.03,,4.98,,10.03,,,,,
2026-04-24,31,USDT0,Neverland,Monad,$2.96m,2960000,9.26,4.25,5.01,9.28,,5.01,,9.28,,,,,
2026-04-24,32,SUSDAI|For buying PT-sUSDai-15OCT2026,Pendle,Arbitrum,$11.28m,11280000,9.18,9.18,7.84,,,9.18,,7.84,,,,,
2026-04-24,33,AUSD|earnAUSD/AUSD,Curvance,Monad,$1.51m,1510000,9.08,7.08,2,7.11,,2,,7.11,,,,,
2026-04-24,34,MSUSD-USDC,Extra Finance Leverage Farming,Base,$1.13m,1130000,9.06,9.06,12.01,,,9.06,,12.01,,,,,
2026-04-24,35,SUSDAI|For buying PT-sUSDai-18JUN2026,Pendle,Arbitrum,$6.46m,6460000,9.05,9.05,7.41,,,9.05,,7.41,,,,,
2026-04-24,36,USDT,ZEROBASE CeDeFi,Arbitrum,$7.94m,7940000,9,7,2,9,,2,,9,,,,,
2026-04-24,37,USDC,ZEROBASE CeDeFi,Arbitrum,"$783,800",783800,9,7,2,9,,2,,9,,,,,
2026-04-24,38,AUSD,Yearn Finance,Katana,$1.58m,1580000,8.9,8.89,0.01,3.44,,0.01,,3.44,,,,,
2026-04-24,39,USDC|baseUSD,AUTOfinance,Base,$5.67m,5670000,8.9,5.18,3.72,7.29,,3.72,,7.29,,,,,
2026-04-24,40,USDC,Loopscale,Solana,$1.05m,1050000,8.84,7.75,1.09,8.47,,1.09,,8.47,,,,,
2026-04-24,41,ZVUSDC,Zircuit Finance,Base,$1.49m,1490000,8.79,8.79,8.71,,,8.79,,8.71,,,,,
2026-04-24,42,MSUSD-USDC,Aerodrome V1,Base,$7.73m,7730000,8.7,8.7,11.44,,,8.7,,11.44,,,,,
2026-04-24,43,AUGUSTUSDC,Morpho Blue,Monad,$6.03m,6030000,8.55,5.01,3.54,8.17,,3.54,,8.17,6041490.610211577,,158427847.02,3.67,"{""syzUSD"":50.9,""earnAUSD"":49.1}"
2026-04-24,44,AUGUSTUSDCV2,Morpho Blue,Monad,$6.03m,6030000,8.47,4.96,3.52,7.99,,3.52,,7.99,,,,,
2026-04-24,45,SUSDAI|For LP | Maturity 18JUN2026,Pendle,Arbitrum,$6.46m,6460000,8.44,7.78,0.66,6.99,,0.66,,6.99,,,,,
2026-04-24,46,FEUSDE,Morpho Blue,Hyperliquid L1,$1.13m,1130000,8.42,8.42,10.34,,,8.42,,10.34,1129154.404007907,,15859978.78,6.65,"{""WHYPE"":71.92,""UBTC"":28.08}"
2026-04-24,47,SYZUSD,Yuzu Money,Monad,$23.06m,23060000,8.35,8.35,7.33,,,8.35,,7.33,,,,,
2026-04-24,48,WABASGHO-WABASUSDC|Aura,Beefy,Base,$1.61m,1610000,8.33,5.76,,,,,,5.76,,,,,
2026-04-24,49,APXUSD|For LP | Maturity 18JUN2026,Pendle,Base,$3.16m,3160000,8.26,6.36,1.9,8.83,,1.9,,8.83,,,,,
2026-04-24,50,MSUSD-USDC|Aerodrome,Beefy,Base,"$678,785",678785,8.2,10.96,,,,,,10.96,,,,,
2026-04-24,51,SUSDAI|For LP | Maturity 15OCT2026,Pendle,Arbitrum,$11.28m,11280000,8.2,7.25,0.94,7.37,,0.94,,7.37,,,,,
2026-04-24,52,USDC,Neverland,Monad,$16.98m,16980000,8.04,3.7,4.34,8.35,,4.34,,8.35,,,,,
2026-04-24,53,AUSD|syzUSD/AUSD,Curvance,Monad,"$562,956",562956,7.94,6.07,1.87,6.53,,1.87,,6.53,,,,,
2026-04-24,54,USDC,Gains Network,Arbitrum,$8.44m,8440000,7.89,7.89,6.63,,,7.89,,6.63,,,,,
2026-04-24,55,HYPERUSDCA,Morpho Blue,Monad,$15.6m,15600000,7.88,4.36,3.52,7.05,,3.52,,7.05,934026.9981674198,,199027827.88,0,"{""PT-sUSDai-18JUN2026"":11.69,""thBILL"":5.91,""WBTC"":51.36,""PT-sUSDai-19FEB2026"":0,""sUSDai"":0.32,""PT-thBILL-18JUN2026"":4.38,""PT-USDai-18JUN2026"":15.41,""sUSDS"":4.82,""weETH"":5.14,""WETH"":0.96}"
2026-04-24,56,WAARBUSDCN-WAARBUSDT-WAARBGHO|Aura,Beefy,Arbitrum,$3.65m,3650000,7.84,6.87,,,,,,6.87,,,,,
2026-04-24,57,AUSD|vUSD/AUSD,Curvance,Monad,"$967,750",967750,7.75,4.75,3,5.42,,3,,5.42,,,,,
2026-04-24,58,USDAI|For buying PT-USDai-15OCT2026,Pendle,Arbitrum,"$858,424",858424,7.68,7.68,6.25,,,7.68,,6.25,,,,,
2026-04-24,59,USDC,MortgageFi,Base,"$757,980",757980,7.42,9.27,,,,,,9.27,,,,,
2026-04-24,60,GHO,Fluid Lending,Arbitrum,$3.28m,3280000,7.32,4.15,3.17,6.36,,3.17,,6.36,,,,,
2026-04-24,61,USDY,Toros,Arbitrum,"$541,825",541825,7.15,5.04,,,,,,5.04,,,,,
2026-04-24,62,SUSDAI|30d unlock,USD AI,Arbitrum,$260.58m,260579999.99999997,7.11,7.11,6.45,,,7.11,,6.45,,,,,
2026-04-24,63,GTUSDC,Morpho Blue,Katana,$2.7m,2700000,6.91,6.18,0.73,1.8,,0.73,,1.8,,,,,
2026-04-24,64,USDC,DeltaPrime,Arbitrum,"$695,042",695042,6.79,6.79,6.39,,,6.79,,6.39,,,,,
2026-04-24,65,GTUSDCC,Morpho Blue,Arbitrum,$3.41m,3410000,6.74,6.74,3.31,,,6.74,,3.31,1910509.1164620756,,6088031.35,0,"{""UBTC"":42.97,""WHYPE"":28.51,""kHYPE"":28.52}"
2026-04-24,66,DTUSDC,Lagoon,Base,"$684,192",684192,6.63,6.63,5.69,,,6.63,,5.69,,,,,
2026-04-24,67,USDC,Aave V3,Arbitrum,$9.77m,9770000,6.58,6.58,2.4,,,6.58,,2.4,,,,,
2026-04-24,68,USDG,Kamino Lend,Solana,$1.34m,1340000,6.56,6.56,5.42,,,6.56,,5.42,,,,,
2026-04-24,69,EDGEUSDC,Morpho Blue,Base,"$831,067",831067,6.56,4.04,2.52,5.22,,2.52,,5.22,101636.44184115702,,29892640.63,0.34,"{""wstETH"":48,""sUSDS"":38.82,""WBTC"":13.18}"
2026-04-24,70,USDAI|For buying PT-USDai-18JUN2026,Pendle,Arbitrum,$35.87m,35870000,6.54,6.54,5.31,,,6.54,,5.31,,,,,
2026-04-24,71,GTUSDCC,Morpho Blue,Hyperliquid L1,$1.92m,1920000,6.36,6.36,5.98,,,6.36,,5.98,1910509.1164620756,,6088031.35,0,"{""UBTC"":42.97,""WHYPE"":28.51,""kHYPE"":28.52}"
2026-04-24,72,USDC,Extra Finance Leverage Farming,Base,$3.71m,3710000,6.22,6.22,5.24,,,6.22,,5.24,,,,,
2026-04-24,73,USDC|40 Acres,Harvest Finance,Base,$2.02m,2020000,6.2,6.2,6.44,,,6.2,,6.44,,,,,
2026-04-24,74,FEUSDC2,Morpho Blue,Hyperliquid L1,$18.28m,18280000,6.06,6.06,8.33,,,6.06,,8.33,18247395.743429203,,31743482.16,36.5,"{""wstHYPE"":1.61,""kHYPE"":14.1,""WHYPE"":84.29}"
2026-04-24,75,USDC,Harmonix Finance,Arbitrum,"$846,958",846958,6.02,6.02,5.41,,,6.02,,5.41,,,,,
2026-04-24,76,USDC,Fluid Lending,Base,$11.01m,11010000,5.92,3.8,2.12,6.44,,2.12,,6.44,,,,,
2026-04-24,77,BBQUSDC,Morpho Blue,Base,$20.01m,20010000,5.7,5.7,5.33,,,5.7,,5.33,18157053.295053456,,491745656.93,0,"{""PT-USDai-18JUN2026"":8.28,""syrupUSDC"":3.76,""weETH"":14.73,""wsrUSD"":0,""WETH"":0.09,""XAUt0"":0.03,""wstETH"":63.5,""WBTC"":9.6,""siUSD"":0}"
2026-04-24,78,FEUSDH,Morpho Blue,Hyperliquid L1,$4.08m,4080000,5.7,5.7,6.56,,,5.7,,6.56,4038180.394670753,,35947566.73,10.1,"{""UBTC"":9.95,""kHYPE"":9.75,""WHYPE"":80.3}"
2026-04-24,79,EARNAUSD,Upshift,Monad,$35.6m,35600000,5.68,3.16,2.52,9.06,,2.52,,9.06,,,,,
2026-04-24,80,USDC|Autopilot,Harvest Finance,Base,"$635,718",635718,5.67,5.67,4.79,,,5.67,,4.79,,,,,
2026-04-24,81,USDC,Kamino Lend,Solana,$7.85m,7850000,5.53,5.53,3.02,,,5.53,,3.02,,,,,
2026-04-24,82,USDC,Fluid Lending,Arbitrum,$31.59m,31590000,5.53,4.46,1.07,6.19,,1.07,,6.19,,,,,
2026-04-24,83,FEUSDH2,Morpho Blue,Hyperliquid L1,$10.64m,10640000,5.5,5.5,9.27,,,5.5,,9.27,10602422.131562559,,29383324.99,26.52,"{""kHYPE"":29.23,""WHYPE"":58.1,""wstHYPE"":12.66}"
2026-04-24,84,HYPERUSDCA,Morpho Blue,Arbitrum,"$936,024",936024,5.36,5.36,4.58,,,5.36,,4.58,934026.9981674198,,199027827.88,0,"{""PT-sUSDai-18JUN2026"":11.69,""thBILL"":5.91,""WBTC"":51.36,""PT-sUSDai-19FEB2026"":0,""sUSDai"":0.32,""PT-thBILL-18JUN2026"":4.38,""PT-USDai-18JUN2026"":15.41,""sUSDS"":4.82,""weETH"":5.14,""WETH"":0.96}"
2026-04-24,85,USDC|Dolomite Balance,Dolomite,Arbitrum,$1.12m,1120000,5.31,5.31,4.7,,,5.31,,4.7,,,,,
2026-04-24,86,USDT,ZEROBASE CeDeFi,Op Mainnet,$8.11m,8109999.999999999,5.3,3.3,2,5.3,,2,,5.3,,,,,
2026-04-24,87,SUSDAI-USDC,Curve DEX,Arbitrum,$4.21m,4210000,5.25,5.25,4.26,,,5.25,,4.26,,,,,
2026-04-24,88,GTUSDCF,Morpho Blue,Base,"$828,322",828322,5.23,5.23,5.13,,,5.23,,5.13,1843488.2073733807,,109734029.33,0,"{""cbBTC"":41.44,""cbXRP"":36.04,""cbADA"":22.51}"
2026-04-24,89,GTUSDCP,Morpho Blue,Op Mainnet,$9.23m,9230000,5.09,2.61,2.48,4.52,,2.48,,4.52,2175433.087079485,,62812167.24,0,"{""WBTC"":89.46,""wstETH"":3.74,""WETH"":1.5,""sUSDS"":5.3}"
2026-04-24,90,CSUSDC,Morpho Blue,Base,$3.39m,3390000,5.07,5.07,6.25,,,5.07,,6.25,557.2486375703603,,75986472.71,0,"{""weETH"":0.06,""wstETH"":99.94}"
2026-04-24,91,STEAKUSDC,Morpho Blue,Katana,$33.38m,33380000.000000004,5.04,4.3,0.74,1.59,,0.74,,1.59,124438.74252321373,,64863161.58,0,"{""WBTC"":0,""wstETH"":100}"
2026-04-24,92,USDY,Toros,Base,"$887,963",887963,5,3.8,,,,,,3.8,,,,,
2026-04-24,93,USDC|Morpho,Beefy,Base,$1.12m,1120000,4.99,4.76,,,,,,4.76,,,,,
2026-04-24,94,MWUSDC,Morpho Blue,Base,$8.49m,8490000,4.98,4.12,0.85,4.22,,0.85,,4.22,23135.63509282385,,,,"{""Unknown"":100}"
2026-04-24,95,USDC|Harvest USDC vault Base,Fusion by IPOR,Base,"$635,678",635678,4.92,4.92,4.47,,,4.92,,4.47,,,,,
2026-04-24,96,USDC|SuperchargerV2,WOOFi Earn,Base,"$686,319",686319,4.87,4.87,4.86,,,4.87,,4.86,,,,,
2026-04-24,97,USDC,HyperLend Pooled,Hyperliquid L1,$12.73m,12730000,4.85,4.85,4.17,,,4.85,,4.17,,,,,
2026-04-24,98,USDC-SCRVUSD|Curve,Stake DAO,Base,"$527,777",527777,4.77,0.91,3.86,5.16,,3.86,,5.16,,,,,
2026-04-24,99,VBUSDC,Yearn Finance,Katana,$14.65m,14650000,4.76,0.97,3.79,1.57,,3.79,,1.57,,,,,
2026-04-24,100,USDC,Wasabi Perps,Solana,"$765,021",765021,4.75,4.75,5.92,,,4.75,,5.92,,,,,
2026-04-24,101,USDC|SuperchargerV2,WOOFi Earn,Arbitrum,$1.14m,1140000,4.73,4.73,4.73,,,4.73,,4.73,,,,,
2026-04-24,102,USDC-ALUSD|stable - 0.05%,Velodrome V2,Op Mainnet,$1.65m,1650000,4.67,4.67,5.61,,,4.67,,5.61,,,,,
2026-04-24,103,FEUSDC,Morpho Blue,Hyperliquid L1,$20.39m,20390000,4.66,4.66,5.62,,,4.66,,5.62,20394143.187918443,,73588707.27,21.7,"{""kHYPE"":96.75,""UBTC"":1.31,""WHYPE"":1.9,""PT-kHYPE-19MAR2026"":0.04}"
2026-04-24,104,BBQUSDC,Morpho Blue,Monad,$1.75m,1750000,4.56,1.02,3.54,4.28,,3.54,,4.28,18157053.295053456,,491745656.93,0,"{""PT-USDai-18JUN2026"":8.28,""syrupUSDC"":3.76,""weETH"":14.73,""wsrUSD"":0,""WETH"":0.09,""XAUt0"":0.03,""wstETH"":63.5,""WBTC"":9.6,""siUSD"":0}"
2026-04-24,105,USDC|Euler Earn USDC,Euler V2,Monad,"$526,591",526591,4.53,2.53,2,2.6,,2,,2.6,,,,,
2026-04-24,106,USDC,Wasabi Perps,Base,$2.24m,2240000,4.52,4.52,4.61,,,4.52,,4.61,,,,,
2026-04-24,107,USDC,Moonwell Lending,Base,$3.27m,3270000,4.49,3.23,1.26,4.24,,1.26,,4.24,,,,,
2026-04-24,108,PYUSD,Kamino Lend,Solana,$10.19m,10190000,4.45,4.45,3.13,,,4.45,,3.13,,,,,
2026-04-24,109,STEAKUSDCFARCASTER,Morpho Blue,Base,"$537,037",537037,4.39,4.39,4.17,,,4.39,,4.17,,,,,
2026-04-24,110,GTUSDCP,Morpho Blue,Base,$55.12m,55120000,4.39,4.39,4.17,,,4.39,,4.17,2175433.087079485,,62812167.24,0,"{""WBTC"":89.46,""wstETH"":3.74,""WETH"":1.5,""sUSDS"":5.3}"
2026-04-24,111,STEAKUSDC,Morpho Blue,Base,$93.33m,93330000,4.39,4.39,4.17,,,4.39,,4.17,124438.74252321373,,64863161.58,0,"{""WBTC"":0,""wstETH"":100}"
2026-04-24,112,EARNAUSD|earnAUSD/AUSD,Curvance,Monad,$16.51m,16510000.000000002,4.29,0,4.29,0.17,,4.29,,0.17,,,,,
2026-04-24,113,MSUSD-USDC|CL50 - 0.05%,Aerodrome Slipstream,Base,$17.9m,17900000,4.16,1.73,2.44,0.85,5.05,0.85,,5.05,,,,,
2026-04-24,114,GHO,Fluid Lending,Base,"$910,534",910534,4.15,4.15,3.6,,,4.15,,3.6,,,,,
2026-04-24,115,FRUSDC,Morpho Blue,Base,$23.74m,23740000,4.13,4.13,4.39,,,4.13,,4.39,23741121.647856742,,0,0,"{""cbBTC"":100}"
2026-04-24,116,TERMUSDC,Morpho Blue,Base,"$977,822",977822,4.13,4.13,4.39,,,4.13,,4.39,977814.6172631015,,198981894.23,0.49,"{""cbBTC"":100}"
2026-04-24,117,PUSDC,Morpho Blue,Base,$22.46m,22460000,4.12,4.12,4.18,,,4.12,,4.18,22459608.510508347,,1027328862.94,2.14,"{""cbBTC"":100}"
2026-04-24,118,USDC|Compound,Beefy,Base,$1.23m,1230000,4.01,3.19,,,,,,3.19,,,,,
2026-04-24,119,USDC|2027-01-14,Exactly,Op Mainnet,$1.72m,1720000,3.99,3.99,3.17,,,3.99,,3.17,,,,,
2026-04-24,120,USDC|2026-06-04,Exactly,Op Mainnet,$1.72m,1720000,3.99,3.99,3.67,,,3.99,,3.67,,,,,
2026-04-24,121,USDC|2026-07-02,Exactly,Op Mainnet,$1.72m,1720000,3.9,3.9,3.48,,,3.9,,3.48,,,,,
2026-04-24,122,USDC|2026-12-17,Exactly,Op Mainnet,$1.72m,1720000,3.81,3.81,2.65,,,3.81,,2.65,,,,,
2026-04-24,123,BBQUSDT0,Morpho Blue,Arbitrum,$23.44m,23440000,3.75,3.75,3.81,,,3.75,,3.81,23443895.954378225,,636761743.83,0,"{""sUSDe"":0,""sUSDS"":24.44,""syrupUSDC"":32.88,""weETH"":10.08,""PT-USDai-18JUN2026"":0,""siUSD"":0.43,""XAUt0"":0.06,""bbqUSDC"":0,""WBTC"":9.89,""wsrUSD"":12.99,""wstETH"":4.19,""WETH"":5.01}"
2026-04-24,124,GTUSDCC,Morpho Blue,Base,$1.66m,1660000,3.73,3.73,4.23,,,3.73,,4.23,1910509.1164620756,,6088031.35,0,"{""UBTC"":42.97,""WHYPE"":28.51,""kHYPE"":28.52}"
2026-04-24,125,USDC|2026-09-24,Exactly,Op Mainnet,$1.72m,1720000,3.72,3.72,3.88,,,3.72,,3.88,,,,,
2026-04-24,126,SPARKUSDC,Morpho Blue,Base,$9.2m,9200000,3.71,3.71,4.23,,,3.71,,4.23,0,,,,
2026-04-24,127,USDC|2026-11-19,Exactly,Op Mainnet,$1.72m,1720000,3.7,3.7,3.65,,,3.7,,3.65,,,,,
2026-04-24,128,VBUSDT,Yearn Finance,Katana,$4.11m,4110000.0000000005,3.68,1.79,1.89,1.62,,1.89,,1.62,,,,,
2026-04-24,129,SUSDS,Sky Lending,Arbitrum,$357.7m,357700000,3.65,3.75,,,,,,3.75,,,,,
2026-04-24,130,AAVEUSDC-AAVEGHO,Aura,Base,$4.63m,4630000,3.65,3.23,0.42,6.85,,0.42,,6.85,,,,,
2026-04-24,131,USDC|2026-10-22,Exactly,Op Mainnet,$1.72m,1720000,3.64,3.64,4.08,,,3.64,,4.08,,,,,
2026-04-24,132,USDC|2026-08-27,Exactly,Op Mainnet,$1.72m,1720000,3.62,3.62,3.9,,,3.62,,3.9,,,,,
2026-04-24,133,USDY|US Dollar Yield,Ondo Yield Assets,Solana,$180.19m,180190000,3.55,3.55,3.55,3.55,,3.55,,3.55,,,,,
2026-04-24,134,USDY|US Dollar Yield,Ondo Yield Assets,Arbitrum,$5.58m,5580000,3.55,3.55,3.55,3.55,,3.55,,3.55,,,,,
2026-04-24,135,USDC,Aave V3,Base,$21.66m,21660000,3.44,3.44,2.91,,,3.44,,2.91,,,,,
2026-04-24,136,MEUSD,Morpho Blue,Base,"$967,865",967865,3.44,3.44,1.67,,,3.44,,1.67,969968.2975272026,,4521005.08,17.66,"{""cbBTC"":100}"
2026-04-24,137,USDC-USDT|0.01%,Uniswap V3,Arbitrum,$2.56m,2560000,3.36,3.36,5.71,3.97,,5.71,,3.97,,,,,
2026-04-24,138,WYLDS,Hastra,Solana,$4.68m,4680000,3.29,3.29,3.29,,,3.29,,3.29,,,,,
2026-04-24,139,CUSDO,OpenEden USDO,Solana,$5.73m,5730000,3.24,3.24,3.25,3.24,,3.25,,3.24,,,,,
2026-04-24,140,EARNAUSD,Neverland,Monad,$3.22m,3220000,3.18,0,3.18,4.07,,3.18,,4.07,,,,,
2026-04-24,141,USDG,Loopscale,Solana,$1.75m,1750000,3.18,3.18,2.85,,,3.18,,2.85,,,,,
2026-04-24,142,USDC,Compound V3,Base,$1.27m,1270000,3.14,3.14,3.17,,,3.14,,3.17,,,,,
2026-04-24,143,USDC-USDT-PYUSD,Carrot Liquidity,Solana,$2.28m,2280000,3.14,3.14,1.73,,,3.14,,1.73,,,,,
2026-04-24,144,USDT,Aave V3,Op Mainnet,"$527,422",527422,3.1,3.1,2,,,3.1,,2,,,,,
2026-04-24,145,USDT|Main Pool,Save,Solana,"$703,423",703423,3.07,3.07,3.28,,,3.07,,3.28,,,,,
2026-04-24,146,USDC|Compound,Beefy,Op Mainnet,"$708,016",708016,3.03,2.99,,,,,,2.99,,,,,
2026-04-24,147,BBQUSDC,Morpho Blue,Arbitrum,$13.27m,13270000,3.01,3.01,3,,,3.01,,3,18157053.295053456,,491745656.93,0,"{""PT-USDai-18JUN2026"":8.28,""syrupUSDC"":3.76,""weETH"":14.73,""wsrUSD"":0,""WETH"":0.09,""XAUt0"":0.03,""wstETH"":63.5,""WBTC"":9.6,""siUSD"":0}"
2026-04-24,148,USDC,Yearn Finance,Base,"$960,551",960551,2.84,2.84,2.98,,,2.84,,2.98,,,,,
2026-04-24,149,USDY,Toros,Op Mainnet,"$755,793",755793,2.75,2.73,,,,,,2.73,,,,,
2026-04-24,150,USDC|yoUSD Loooper,Fusion by IPOR,Base,$1.58m,1580000,2.72,2.72,2.78,,,2.72,,2.78,,,,,
2026-04-24,151,USDC,Revert Lend,Base,$2.30m,2298832,8.35,8.35,0,7.920000000000001,,6.52,,,2298832,,,,
2026-04-24,152,baseUSD,Tokemak,Base,$5.67m,5667743,3.9899999999999998,2.18,1.81,6.84,,6.61,,,5667743,,,,
2026-04-25,2,USDC,Purrlend,Hyperliquid L1,$4.85m,4850000,29.05,29.05,13.3,,,29.05,,13.3,6690000,1840000,4850000,,
2026-04-25,3,MIM-USDC / Mim,Beefy,Arbitrum,$1.17m,1170000,20.78,8.29,,,,,,8.29,,,,,
2026-04-25,4,MSUSD-FRXUSD,Aerodrome V1,Base,"$851,054",851054,18.49,18.49,16.21,,,18.49,,16.21,,,,,
2026-04-25,5,AAVEGHO-USDT-USDC,Aura,Arbitrum,$3.7m,3700000,16.75,6.76,9.99,8.34,,9.99,,8.34,,,,,
2026-04-25,6,USDC / yoUSD,YO Protocol,Base,$19.6m,19600000,16.08,4.08,12,13.9,,12,,13.9,,,,,
2026-04-25,7,USDC / yoUSD,YO Protocol,Arbitrum,"$568,336",568336,16.08,4.08,12,13.92,,12,,13.92,,,,,
2026-04-25,8,AUSD-USDC-USDT0,Curve DEX,Monad,$3.04m,3040000,15.91,0,15.91,1.39,,15.91,,1.39,,,,,
2026-04-25,9,USDC-USDM,Mento V3,Monad,"$520,926",520926,15.48,0.93,14.56,15.86,,14.56,,15.86,,,,,
2026-04-25,10,FEUSDE,Morpho Blue,Hyperliquid L1,$1.15m,1150000,15.35,15.35,10.9,,,15.35,,10.9,1170574.8401632467,,15819328.31,6.89,"{""WHYPE"":60.56,""UBTC"":39.44}"
2026-04-25,11,USDC-MSUSD / stable - 0.05%,Velodrome V2,Op Mainnet,$1.08m,1080000,15.23,15.23,14.05,,,15.23,,14.05,,,,,
2026-04-25,12,APXUSD / For buying PT-apxUSD-18JUN2026,Pendle,Base,$3.28m,3280000,14.29,14.29,14.18,,,14.29,,14.18,,,,,
2026-04-25,13,WNUSDT0-WNAUSD-WNUSDC / Balancer,Beefy,Monad,$2.95m,2950000,12.87,14.19,,,,,,14.19,,,,,
2026-04-25,14,SUPERUSDC / SuperVault,Superform,Base,$1.29m,1290000,12.74,6.08,6.66,7.53,,6.66,,7.53,,,,,
2026-04-25,15,USDC / Compound,Beefy,Base,$1.23m,1230000,12.49,3.25,,,,,,3.25,,,,,
2026-04-25,16,USDC / arbUSD,AUTOfinance,Arbitrum,$2.87m,2870000,12.44,10.55,1.89,9.73,,1.89,,9.73,,,,,
2026-04-25,17,USDC,Accountable,Monad,$1.34m,1340000,11.57,6.3,5.26,9.59,,5.26,,9.59,,,,,
2026-04-25,18,USDC,Sprinter,Base,$2.96m,2960000,11.35,10.76,,,,,,10.76,,,,,
2026-04-25,19,AUSD,Accountable,Monad,"$525,519",525519,11.3,6.3,5,11.3,,5,,11.3,,,,,
2026-04-25,20,MIM-USDT0 / Mim,Beefy,Arbitrum,$1.1m,1100000,10.74,10.26,,,,,,10.26,,,,,
2026-04-25,21,ALUSD-USDC / Curve,Stake DAO,Arbitrum,"$689,354",689354,10.44,0.15,10.29,9.65,,10.29,,9.65,,,,,
2026-04-25,22,SUSDU,Unitas,Solana,$46.02m,46020000,10.26,10.26,11.55,,,10.26,,11.55,,,,,
2026-04-25,23,USDC,YieldSeeker,Base,$1.28m,1280000,10.08,10.08,9.62,,,10.08,,9.62,,,,,
2026-04-25,24,ALUSD-USDC,Curve DEX,Arbitrum,"$725,479",725479,10.05,0,10.05,9.6,,10.05,,9.6,,,,,
2026-04-25,25,USDC-MUSD / CL10 - 0.05%,Aerodrome Slipstream,Base,"$625,997",625997,9.84,9.84,27.98,,,9.84,,27.98,,,,,
2026-04-25,26,USDC,Aave V3,Arbitrum,$4.25m,4250000,9.76,9.76,2.8,,,9.76,,2.8,150240000,145850000,4390000,,
2026-04-25,27,USDC / vault,Avantis,Base,$50.05m,50050000,9.75,9.75,9.89,,,9.75,,9.89,,,,,
2026-04-25,28,HYPERVBUSDCA,Morpho Blue,Katana,$1.52m,1520000,9.61,8.81,0.8,4.06,,0.8,,4.06,,,,,
2026-04-25,29,AUSD,Neverland,Monad,$7.74m,7740000,9.51,4.44,5.07,9.98,,5.07,,9.98,50160000,42440000,7720000,,
2026-04-25,30,BBQUSDT0,Morpho Blue,Monad,$6.26m,6260000,9.49,2.02,7.47,6.83,,7.47,,6.83,23252261.47111555,,636930784.87,0,"{""syrupUSDC"":38.1,""sUSDS"":22.04,""weETH"":10.14,""siUSD"":0.44,""XAUt0"":0.06,""PT-USDai-18JUN2026"":0,""bbqUSDC"":0,""sUSDe"":0,""WBTC"":10.01,""wsrUSD"":10.07,""wstETH"":4.17,""WETH"":4.97}"
2026-04-25,31,SUSDAI / For buying PT-sUSDai-18JUN2026,Pendle,Arbitrum,$6.48m,6480000,9.47,9.47,7.51,,,9.47,,7.51,,,,,
2026-04-25,32,SUSDAI / For buying PT-sUSDai-15OCT2026,Pendle,Arbitrum,$12.89m,12890000,9.42,9.42,7.92,,,9.42,,7.92,,,,,
2026-04-25,33,USDT0,Neverland,Monad,$3.46m,3460000,9.18,4.03,5.15,9.32,,5.15,,9.32,16450000,13000000,3460000,,
2026-04-25,34,MSUSD-USDC,Extra Finance Leverage Farming,Base,$1.13m,1130000,9.02,9.02,11.9,,,9.02,,11.9,,,,,
2026-04-25,35,USDT,ZEROBASE CeDeFi,Arbitrum,$7.94m,7940000,9,7,2,9,,2,,9,,,,,
2026-04-25,36,USDC,ZEROBASE CeDeFi,Arbitrum,"$783,765",783765,9,7,2,9,,2,,9,,,,,
2026-04-25,37,AUSD,Yearn Finance,Katana,$1.58m,1580000,8.93,8.93,3.75,,,8.93,,3.75,,,,,
2026-04-25,38,USDC / baseUSD,AUTOfinance,Base,$5.68m,5680000,8.92,5.22,3.7,7.42,,3.7,,7.42,,,,,
2026-04-25,39,USDC,Loopscale,Solana,$1.46m,1460000,8.68,7.61,1.07,8.51,,1.07,,8.51,,,,,
2026-04-25,40,MSUSD-USDC,Aerodrome V1,Base,$7.64m,7640000,8.67,8.67,11.33,,,8.67,,11.33,,,,,
2026-04-25,41,APXUSD / For LP | Maturity 18JUN2026,Pendle,Base,$3.28m,3280000,8.57,6.69,1.88,8.8,,1.88,,8.8,,,,,
2026-04-25,42,SUSDAI / For LP | Maturity 18JUN2026,Pendle,Arbitrum,$6.48m,6480000,8.56,7.93,0.63,7.02,,0.63,,7.02,,,,,
2026-04-25,43,SYZUSD,Yuzu Money,Monad,$14.28m,14280000,8.43,8.43,7.39,,,8.43,,7.39,,,,,
2026-04-25,44,ZVUSDC,Zircuit Finance,Base,$1.49m,1490000,8.4,8.4,8.71,,,8.4,,8.71,,,,,
2026-04-25,45,GTUSDCC,Morpho Blue,Unichain,$1.15m,1150000,8.36,8.36,6.4,,,8.36,,6.4,1839218.1114548317,,6159159.59,0,"{""UBTC"":40.74,""WHYPE"":29.62,""kHYPE"":29.63}"
2026-04-25,46,WABASGHO-WABASUSDC / Aura,Beefy,Base,$1.61m,1610000,8.33,5.82,,,,,,5.82,,,,,
2026-04-25,47,SUSDAI / For LP | Maturity 15OCT2026,Pendle,Arbitrum,$12.89m,12890000,8.19,7.34,0.85,7.38,,0.85,,7.38,,,,,
2026-04-25,48,FEUSDC,Morpho Blue,Hyperliquid L1,$18.78m,18780000,8.17,8.17,5.71,,,8.17,,5.71,18941245.508649115,,75039692.45,20.15,"{""kHYPE"":96.64,""UBTC"":1.26,""WHYPE"":2.05,""PT-kHYPE-19MAR2026"":0.05}"
2026-04-25,49,BBQUSD1,Morpho Blue,Monad,$1.35m,1350000,8.16,2.58,5.58,141,,5.58,,141,1351797.7355927294,,48630340.72,0,"{""wsrUSD"":100}"
2026-04-25,50,USDC,Neverland,Monad,$16.96m,16960000,8.15,3.73,4.42,8.33,,4.42,,8.33,67099999.99999999,50120000,16980000,,
2026-04-25,51,MSUSD-USDC / Aerodrome,Beefy,Base,"$679,131",679131,8.15,10.85,,,,,,10.85,,,,,
2026-04-25,52,USDAI / For buying PT-USDai-15OCT2026,Pendle,Arbitrum,$1.03m,1030000,8.04,8.04,6.29,,,8.04,,6.29,,,,,
2026-04-25,53,AUSD / earnAUSD/AUSD,Curvance,Monad,$2.49m,2490000,7.97,5.97,2,7.23,,2,,7.23,13860000,10960000,2890000,,
2026-04-25,54,EDGEUSDC,Morpho Blue,Base,"$831,302",831302,7.91,5.2,2.71,5.33,,2.71,,5.33,101654.26599987368,,29893404.88,0.34,"{""wstETH"":68,""sUSDS"":8.81,""WBTC"":23.19}"
2026-04-25,55,WAARBUSDCN-WAARBUSDT-WAARBGHO / Aura,Beefy,Arbitrum,$3.65m,3650000,7.84,6.93,,,,,,6.93,,,,,
2026-04-25,56,AUSD / vUSD/AUSD,Curvance,Monad,"$967,748",967748,7.75,4.75,3,5.54,,3,,5.54,5500000,4530000,967716,,
2026-04-25,57,AUGUSTUSDC,Morpho Blue,Monad,$6.09m,6090000,7.7,4.42,3.28,8.18,,3.28,,8.18,6093808.798412748,,158377035.24,3.71,"{""syzUSD"":50.72,""earnAUSD"":49.28}"
2026-04-25,58,USDY,Toros,Arbitrum,"$540,401",540401,7.69,5.07,,,,,,5.07,,,,,
2026-04-25,59,HYPERUSDCA,Morpho Blue,Monad,$15.99m,15990000,7.62,4.35,3.27,7.14,,3.27,,7.14,929171.4684302177,,199037897.25,0,"{""PT-sUSDai-18JUN2026"":11.76,""thBILL"":8.54,""WBTC"":13.24,""PT-sUSDai-19FEB2026"":0,""sUSDai"":2.98,""PT-thBILL-18JUN2026"":8.53,""PT-USDai-18JUN2026"":40.53,""sUSDS"":3.55,""weETH"":8.72,""WETH"":2.15}"
2026-04-25,60,GHO,Fluid Lending,Arbitrum,$3.29m,3290000,7.46,4.29,3.17,6.39,,3.17,,6.39,,,,,
2026-04-25,61,AUGUSTUSDCV2,Morpho Blue,Monad,$6.09m,6090000,7.45,4.16,3.29,8,,3.29,,8,,,,,
2026-04-25,62,USDAI / For buying PT-USDai-18JUN2026,Pendle,Arbitrum,$36m,36000000,7.4,7.4,5.4,,,7.4,,5.4,,,,,
2026-04-25,63,USDC,Fluid Lending,Base,$10.66m,10660000,7.26,5.13,2.13,6.38,,2.13,,6.38,,,,,
2026-04-25,64,USDG,Kamino Lend,Solana,$1.29m,1290000,7.25,7.25,5.47,,,7.25,,5.47,28440000,27190000,1250000,,
2026-04-25,65,USDC,MortgageFi,Base,"$753,505",753505,7.17,9.31,,,,,,9.31,,,,,
2026-04-25,66,FEUSDC2,Morpho Blue,Hyperliquid L1,$18.55m,18550000,7.14,7.14,7.79,,,7.14,,7.79,19527213.256263617,,30462647.36,39.06,"{""wstHYPE"":1.55,""kHYPE"":18.09,""WHYPE"":80.36}"
2026-04-25,67,SUSDAI / 30d unlock,USD AI,Arbitrum,$261.84m,261839999.99999997,7.1,7.1,6.52,,,7.1,,6.52,,,,,
2026-04-25,68,USDC-USDT / CL1 - 0.0009%,Aerodrome Slipstream,Base,$1.55m,1550000,7.03,6.55,0.48,8.71,7.95,8.71,,7.95,,,,,
2026-04-25,69,USDC / Dolomite Balance,Dolomite,Arbitrum,"$694,207",694207,6.63,6.63,4.84,,,6.63,,4.84,3930000,3240000,684998,,
2026-04-25,70,DTUSDC,Lagoon,Base,"$684,266",684266,6.63,6.63,5.71,,,6.63,,5.71,,,,,
2026-04-25,71,BBQUSDC,Morpho Blue,Monad,$2.07m,2069999.9999999998,6.62,3.34,3.29,4.33,,3.29,,4.33,18979844.755479835,,490936160.64,0,"{""wsrUSD"":0,""PT-USDai-18JUN2026"":12.7,""weETH"":13.71,""syrupUSDC"":3.39,""WETH"":0.91,""XAUt0"":0.03,""sUSDS"":0.12,""wstETH"":60.62,""WBTC"":8.53,""siUSD"":0}"
2026-04-25,72,BBQUSDC,Morpho Blue,Base,$20.23m,20230000,6.59,6.59,5.39,,,6.59,,5.39,18979844.755479835,,490936160.64,0,"{""wsrUSD"":0,""PT-USDai-18JUN2026"":12.7,""weETH"":13.71,""syrupUSDC"":3.39,""WETH"":0.91,""XAUt0"":0.03,""sUSDS"":0.12,""wstETH"":60.62,""WBTC"":8.53,""siUSD"":0}"
2026-04-25,73,USDC,DeltaPrime,Arbitrum,"$705,173",705173,6.56,6.56,6.36,,,6.56,,6.36,,,,,
2026-04-25,74,USDC / 40 Acres,Harvest Finance,Base,$1.97m,1970000,6.5,6.5,6.48,,,6.5,,6.48,,,,,
2026-04-25,75,VBUSDC,Yearn Finance,Katana,$15.06m,15060000,6.49,1.21,5.28,1.78,,5.28,,1.78,,,,,
2026-04-25,76,USDC,Gains Network,Arbitrum,$8.44m,8440000,6.49,6.49,6.68,,,6.49,,6.68,,,,,
2026-04-25,77,AUSD / syzUSD/AUSD,Curvance,Monad,$1.22m,1220000,6.36,4.52,1.85,6.54,,1.85,,6.54,5440000,4220000,1220000,,
2026-04-25,78,USDC,Extra Finance Leverage Farming,Base,$3.7m,3700000,6.25,6.25,5.32,,,6.25,,5.32,,,,,
2026-04-25,79,FEUSDH,Morpho Blue,Hyperliquid L1,$4.05m,4050000,6.24,6.24,6.69,,,6.24,,6.69,4048897.3195819305,,35943935.21,10.12,"{""UBTC"":12.03,""kHYPE"":8.2,""WHYPE"":79.77}"
2026-04-25,80,FEUSDT02,Morpho Blue,Hyperliquid L1,$1.97m,1970000,6.23,6.23,6.92,,,6.23,,6.92,1973886.2195293242,,55021017.1,3.46,"{""UBTC"":8.17,""hwHLP"":4.19,""hbUSDT"":3.61,""UETH"":10.76,""WHLP"":0.63,""thBILL"":57.6,""kHYPE"":15.01,""PT-hbUSDT-18DEC2025"":0.02}"
2026-04-25,81,GTUSDCC,Morpho Blue,Hyperliquid L1,$1.93m,1930000,6,6,6.05,,,6,,6.05,1839218.1114548317,,6159159.59,0,"{""UBTC"":40.74,""WHYPE"":29.62,""kHYPE"":29.63}"
2026-04-25,82,USDC / Morpho,Beefy,Base,$1.19m,1190000,5.96,4.81,,,,,,4.81,,,,,
2026-04-25,83,USDC,Harmonix Finance,Arbitrum,"$840,782",840782,5.95,5.95,5.47,,,5.95,,5.47,,,,,
2026-04-25,84,FEUSDH2,Morpho Blue,Hyperliquid L1,$10.37m,10370000,5.93,5.93,7.4,,,5.93,,7.4,10366218.497099698,,29626614.03,25.92,"{""kHYPE"":29.11,""WHYPE"":57.93,""wstHYPE"":12.96}"
2026-04-25,85,USDY,Toros,Base,"$888,238",888238,5.81,3.87,,,,,,3.87,,,,,
2026-04-25,86,MEUSD,Morpho Blue,Base,"$747,826",747826,5.8,5.8,1.74,,,5.8,,1.74,747129.5435117654,,4748765.63,13.59,"{""cbBTC"":100}"
2026-04-25,87,USDC / Autopilot,Harvest Finance,Base,"$635,487",635487,5.74,5.74,4.89,,,5.74,,4.89,,,,,
2026-04-25,88,GTUSDCF,Morpho Blue,Base,"$874,230",874230,5.73,5.73,5.26,,,5.73,,5.26,1768735.9251430305,,109811484.1,0,"{""cbBTC"":38.95,""cbXRP"":37.57,""cbADA"":23.47}"
2026-04-25,89,USDC,Fluid Lending,Arbitrum,$31.73m,31730000,5.68,4.64,1.04,6.11,,1.04,,6.11,,,,,
2026-04-25,90,GTUSDCP,Morpho Blue,Op Mainnet,$9.21m,9210000,5.47,2.75,2.71,4.56,,2.71,,4.56,1932579.483150566,,63056715.32,0,"{""WBTC"":94.24,""wstETH"":0,""WETH"":5.76,""sUSDS"":0}"
2026-04-25,91,USDC / Harvest USDC vault Base,Fusion by IPOR,Base,"$635,550",635550,5.37,5.37,4.57,,,5.37,,4.57,,,,,
2026-04-25,92,USDT,ZEROBASE CeDeFi,Op Mainnet,$8.1m,8100000,5.3,3.3,2,5.3,,2,,5.3,,,,,
2026-04-25,93,USDC,HyperLend Pooled,Hyperliquid L1,$9.92m,9920000,5.29,5.29,4.21,,,5.29,,4.21,61830000,51860000,9970000,,
2026-04-25,94,FEUSDT0,Morpho Blue,Hyperliquid L1,$12.66m,12660000,5.24,5.24,6.62,,,5.24,,6.62,12583349.596217422,,94706168.13,11.73,"{""UBTC"":6.7,""kHYPE"":54.03,""WHYPE"":31.48,""PT-kHYPE-19MAR2026"":6.96,""beHYPE"":0.33,""wstHYPE"":0.5}"
2026-04-25,95,AUSD / YZM/AUSD,Curvance,Monad,"$863,093",863093,5.2,3.2,2,5.75,,2,,5.75,2230000,1370000,863065,,
2026-04-25,96,CSUSDC,Morpho Blue,Base,$3.34m,3340000,5.14,5.14,6.08,,,5.14,,6.08,557.5082372975845,,75984030.63,0,"{""weETH"":0.06,""wstETH"":99.94}"
2026-04-25,97,USDC,Kamino Lend,Solana,$7.93m,7930000,5.13,5.13,3.22,,,5.13,,3.22,168050000,160120000,7930000,,
2026-04-25,98,VBUSDT,Yearn Finance,Katana,$4.04m,4040000,4.89,2.04,2.84,1.77,,2.84,,1.77,,,,,
2026-04-25,99,USDC / SuperchargerV2,WOOFi Earn,Base,"$686,498",686498,4.87,4.87,4.86,,,4.87,,4.86,,,,,
2026-04-25,100,USDC-SCRVUSD / Curve,Stake DAO,Base,"$513,851",513851,4.83,0.74,4.09,5.09,,4.09,,5.09,,,,,
2026-04-25,101,USDC,Wasabi Perps,Base,$2.14m,2140000,4.78,4.78,4.63,,,4.78,,4.63,,,,,
2026-04-25,102,USDC,Wasabi Perps,Solana,"$745,795",745795,4.78,4.78,6.06,,,4.78,,6.06,,,,,
2026-04-25,103,USDC / SuperchargerV2,WOOFi Earn,Arbitrum,$1.14m,1140000,4.73,4.73,4.73,,,4.73,,4.73,,,,,
2026-04-25,104,GTUSDC,Morpho Blue,Katana,$2.67m,2670000,4.72,3.87,0.86,2.1,,0.86,,2.1,,,,,
2026-04-25,105,USDC-ALUSD / stable - 0.05%,Velodrome V2,Op Mainnet,$1.65m,1650000,4.7,4.7,5.57,,,4.7,,5.57,,,,,
2026-04-25,106,HYPERUSDCA,Morpho Blue,Arbitrum,"$929,145",929145,4.7,4.7,4.46,,,4.7,,4.46,929171.4684302177,,199037897.25,0,"{""PT-sUSDai-18JUN2026"":11.76,""thBILL"":8.54,""WBTC"":13.24,""PT-sUSDai-19FEB2026"":0,""sUSDai"":2.98,""PT-thBILL-18JUN2026"":8.53,""PT-USDai-18JUN2026"":40.53,""sUSDS"":3.55,""weETH"":8.72,""WETH"":2.15}"
2026-04-25,107,EARNAUSD / earnAUSD/AUSD,Curvance,Monad,$15.45m,15450000,4.35,0,4.35,0.38,,4.35,,0.38,,,,,
2026-04-25,108,PYUSD,Kamino Lend,Solana,$10.31m,10310000,4.33,4.33,3.26,,,4.33,,3.26,81740000,71440000,10310000,,
2026-04-25,109,SUSDAI-USDC,Curve DEX,Arbitrum,$3.84m,3840000,4.24,4.24,4.28,,,4.24,,4.28,,,,,
2026-04-25,110,STEAKUSDC,Morpho Blue,Base,$469.77m,469770000,4.19,4.19,4.21,,,4.19,,4.21,146225.6167609262,,64843069.19,0,"{""WBTC"":51.22,""wstETH"":42.26,""WETH"":6.52}"
2026-04-25,111,GTUSDCP,Morpho Blue,Base,$349.87m,349870000,4.19,4.19,4.21,,,4.19,,4.21,1932579.483150566,,63056715.32,0,"{""WBTC"":94.24,""wstETH"":0,""WETH"":5.76,""sUSDS"":0}"
2026-04-25,112,GHO,Fluid Lending,Base,"$904,975",904975,4.19,4.19,3.47,,,4.19,,3.47,,,,,
2026-04-25,113,FRUSDC,Morpho Blue,Base,$23.75m,23750000,4.18,4.18,4.28,,,4.18,,4.28,23745599.04846026,,0,0,"{""cbBTC"":100}"
2026-04-25,114,PUSDC,Morpho Blue,Base,$23.19m,23190000,4.18,4.18,4.21,,,4.18,,4.21,23187601.797316454,,1026626296.3,2.21,"{""cbBTC"":100}"
2026-04-25,115,TERMUSDC,Morpho Blue,Base,"$977,998",977998,4.18,4.18,4.28,,,4.18,,4.28,977999.0258943326,,198986552.99,0.49,"{""cbBTC"":100}"
2026-04-25,116,EARNAUSD,Upshift,Monad,$35.49m,35490000,4.16,1.66,2.5,8.88,,2.5,,8.88,,,,,
2026-04-25,117,STEAKUSDCFARCASTER,Morpho Blue,Base,"$516,778",516778,4.15,4.15,4.2,,,4.15,,4.2,,,,,
2026-04-25,118,USDC,Compound V3,Base,"$937,400",937400,4.06,4.06,3.34,,,4.06,,3.34,9600000,8680000,927707,,
2026-04-25,119,USDC / 2027-01-14,Exactly,Op Mainnet,$1.73m,1730000,3.99,3.99,3.24,,,3.99,,3.24,1490000,2255,1490000,,
2026-04-25,120,USDC / 2026-06-04,Exactly,Op Mainnet,$1.73m,1730000,3.99,3.99,3.67,,,3.99,,3.67,1550000,66016,1490000,,
2026-04-25,121,USDC / 2026-07-02,Exactly,Op Mainnet,$1.73m,1730000,3.91,3.91,3.49,,,3.91,,3.49,1530000,41295,1490000,,
2026-04-25,122,BBQUSDC,Morpho Blue,Arbitrum,$13.34m,13340000,3.89,3.89,3.05,,,3.89,,3.05,18979844.755479835,,490936160.64,0,"{""wsrUSD"":0,""PT-USDai-18JUN2026"":12.7,""weETH"":13.71,""syrupUSDC"":3.39,""WETH"":0.91,""XAUt0"":0.03,""sUSDS"":0.12,""wstETH"":60.62,""WBTC"":8.53,""siUSD"":0}"
2026-04-25,123,USDC / 2026-12-17,Exactly,Op Mainnet,$1.73m,1730000,3.84,3.84,2.84,,,3.84,,2.84,1490000,2096,1490000,,
2026-04-25,124,BBQUSDT0,Morpho Blue,Arbitrum,$23.21m,23210000,3.84,3.84,3.48,,,3.84,,3.48,23252261.47111555,,636930784.87,0,"{""syrupUSDC"":38.1,""sUSDS"":22.04,""weETH"":10.14,""siUSD"":0.44,""XAUt0"":0.06,""PT-USDai-18JUN2026"":0,""bbqUSDC"":0,""sUSDe"":0,""WBTC"":10.01,""wsrUSD"":10.07,""wstETH"":4.17,""WETH"":4.97}"
2026-04-25,125,GTUSDCC,Morpho Blue,Base,$1.68m,1680000,3.79,3.79,4.24,,,3.79,,4.24,1839218.1114548317,,6159159.59,0,"{""UBTC"":40.74,""WHYPE"":29.62,""kHYPE"":29.63}"
2026-04-25,126,SPARKUSDC,Morpho Blue,Base,$9.21m,9210000,3.76,3.76,4.24,,,3.76,,4.24,0,,,,
2026-04-25,127,USDC / 2026-09-24,Exactly,Op Mainnet,$1.73m,1730000,3.74,3.74,3.86,,,3.74,,3.86,1500000,12216,1490000,,
2026-04-25,128,USDC / 2026-11-19,Exactly,Op Mainnet,$1.73m,1730000,3.72,3.72,3.65,,,3.72,,3.65,1500000,4769,1490000,,
2026-04-25,129,GTUSDCC,Morpho Blue,Arbitrum,$3.37m,3370000,3.72,3.72,3.3,,,3.72,,3.3,1839218.1114548317,,6159159.59,0,"{""UBTC"":40.74,""WHYPE"":29.62,""kHYPE"":29.63}"
2026-04-25,130,USDC / 2026-10-22,Exactly,Op Mainnet,$1.73m,1730000,3.68,3.68,4.05,,,3.68,,4.05,1510000,21652,1490000,,
2026-04-25,131,AAVEUSDC-AAVEGHO,Aura,Base,$4.37m,4370000,3.67,3.17,0.5,6.83,,0.5,,6.83,,,,,
2026-04-25,132,USDC / 2026-08-27,Exactly,Op Mainnet,$1.73m,1730000,3.66,3.66,3.88,,,3.66,,3.88,1510000,17977,1490000,,
2026-04-25,133,SUSDS,Sky Lending,Arbitrum,$357.76m,357760000,3.65,3.74,,,,,,3.74,,,,,
2026-04-25,134,USDC / 2026-07-30,Exactly,Op Mainnet,$1.73m,1730000,3.6,3.6,3.47,,,3.6,,3.47,1520000,30410,1490000,,
2026-04-25,135,USDC,Moonwell Lending,Base,$2.48m,2480000,3.57,3.57,4.27,,,3.57,,4.27,14970000,12470000,2500000,,
2026-04-25,136,USDY / US Dollar Yield,Ondo Yield Assets,Solana,$180.22m,180220000,3.55,3.55,3.55,3.55,,3.55,,3.55,,,,,
2026-04-25,137,USDY / US Dollar Yield,Ondo Yield Assets,Arbitrum,$5.58m,5580000,3.55,3.55,3.55,3.55,,3.55,,3.55,,,,,
2026-04-25,138,MWUSDC,Morpho Blue,Base,$5.71m,5710000,3.55,3.55,4.25,,,3.55,,4.25,23134.750314498215,,,,"{""Unknown"":100}"
2026-04-25,139,USDC,Aave V3,Base,$20.2m,20200000,3.5,3.5,2.97,,,3.5,,2.97,171560000,151250000,20310000,,
2026-04-25,140,USDC / Euler Earn USDC,Euler V2,Arbitrum,"$624,581",624581,3.4,3.4,3.29,,,3.4,,3.29,,,,,
2026-04-25,141,EARNAUSD,Neverland,Monad,$3.19m,3190000,3.32,0,3.32,4.02,,3.32,,4.02,3190000,0,3190000,,
2026-04-25,142,WYLDS,Hastra,Solana,$2.51m,2510000,3.3,3.3,3.29,,,3.3,,3.29,,,,,
2026-04-25,143,USDG,Loopscale,Solana,$1.71m,1710000,3.27,3.27,2.82,,,3.27,,2.82,,,,,
2026-04-25,144,CUSDO,OpenEden USDO,Solana,$5.72m,5720000,3.24,3.24,3.25,3.24,,3.25,,3.24,,,,,
2026-04-25,145,USDT,Aave V3,Op Mainnet,"$538,733",538733,3.08,3.08,2.07,,,3.08,,2.07,4420000,3880000,538084,,
2026-04-25,146,USDT / Main Pool,Save,Solana,"$695,257",695257,3.08,3.08,3.29,,,3.08,,3.29,3830000,3140000,695243,,
2026-04-25,147,USDC / Compound,Beefy,Op Mainnet,"$708,032",708032,3.03,2.96,,,,,,2.96,,,,,
2026-04-25,148,USDC,Yearn Finance,Base,"$960,520",960520,2.76,2.76,2.96,,,2.76,,2.96,,,,,
2026-04-25,149,USDS,Kamino Lend,Solana,$3.18m,3180000,2.72,2.72,1.47,,,2.72,,1.47,13330000,10150000,3180000,,
2026-04-25,150,GTUSDCP,Morpho Blue,Arbitrum,$1.93m,1930000,2.69,2.69,3.18,,,2.69,,3.18,1932579.483150566,,63056715.32,0,"{""WBTC"":94.24,""wstETH"":0,""WETH"":5.76,""sUSDS"":0}"
2026-04-25,151,USDC,Revert Lend,Base,$2.46m,2462472,8.95,8.95,0,8.91,,6.72,,,2462472,,,,
2026-04-25,152,baseUSD,Tokemak,Base,$5.68m,5677526,6.4399999999999995,4.64,1.7999999999999998,6.81,,6.5600000000000005,,,5677526,,,,
2026-04-27,2,MIM-USDC / Mim,Beefy,Arbitrum,$1.17m,1170000,22.62,9.18,,,,,,9.18,,,,,
2026-04-27,3,MSUSD-FRXUSD,Aerodrome V1,Base,"$964,811",964811,16.92,16.92,16.42,,,16.92,,16.42,,,,,
2026-04-27,4,AUSD-USDC-USDT0,Curve DEX,Monad,$3.25m,3250000,15.98,0,15.98,2.44,,15.98,,2.44,,,,,
2026-04-27,5,USDC / yoUSD,YO Protocol,Base,$19.19m,19190000,15.76,3.76,12,13.82,,12,,13.82,,,,,
2026-04-27,6,USDC / yoUSD,YO Protocol,Arbitrum,"$566,208",566208,15.76,3.76,12,13.84,,12,,13.84,,,,,
2026-04-27,7,USDC-MSUSD / stable - 0.05%,Velodrome V2,Op Mainnet,$1.08m,1080000,15.1,15.1,13.79,,,15.1,,13.79,,,,,
2026-04-27,8,USDC-USDM,Mento V3,Monad,"$521,756",521756,15.01,0.47,14.53,15.67,,14.53,,15.67,,,,,
2026-04-27,9,APXUSD / For buying PT-apxUSD-18JUN2026,Pendle,Base,$3.28m,3280000,14.36,14.36,14.19,,,14.36,,14.19,,,,,
2026-04-27,10,SUPERUSDC / SuperVault,Superform,Base,$1.31m,1310000,13.77,6.04,7.73,8.12,,7.73,,8.12,,,,,
2026-04-27,11,USDC-MUSD / CL10 - 0.05%,Aerodrome Slipstream,Base,"$530,752",530752,13.63,13.63,21.96,,,13.63,,21.96,,,,,
2026-04-27,12,WNUSDT0-WNAUSD-WNUSDC / Balancer,Beefy,Monad,$2.94m,2940000,13.6,14.14,,,,,,14.14,,,,,
2026-04-27,13,USDC / Compound,Beefy,Base,$1.23m,1230000,12.49,3.27,,,,,,3.27,,,,,
2026-04-27,14,AAVEGHO-USDT-USDC,Aura,Arbitrum,$4.31m,4310000,12.04,3.46,8.58,8.81,,8.58,,8.81,,,,,
2026-04-27,15,MIM-USDT0 / Mim,Beefy,Arbitrum,$1.09m,1090000,11.9,10.28,,,,,,10.28,,,,,
2026-04-27,16,USDC / arbUSD,AUTOfinance,Arbitrum,$3.55m,3550000,11.84,10.59,1.25,10.2,,1.25,,10.2,,,,,
2026-04-27,17,USDC,YieldSeeker,Base,$1.27m,1270000,11.44,11.44,10.21,,,11.44,,10.21,,,,,
2026-04-27,18,USDC,Sprinter,Base,$2.96m,2960000,11.35,10.95,,,,,,10.95,,,,,
2026-04-27,19,AUSD,Accountable,Monad,"$525,519",525519,11.3,6.3,5,11.3,,5,,11.3,,,,,
2026-04-27,20,GTUSDCC,Morpho Blue,Unichain,$1.13m,1130000,10.97,10.97,6.5,,,10.97,,6.5,1767750.9375544705,,6230888.3,0,"{""UBTC"":38.32,""WHYPE"":30.84,""kHYPE"":30.84}"
2026-04-27,21,ALUSD-USDC / Curve,Stake DAO,Arbitrum,"$690,519",690519,10.08,0.04,10.04,9.7,,10.04,,9.7,,,,,
2026-04-27,22,ALUSD-USDC,Curve DEX,Arbitrum,"$728,100",728100,9.85,0.07,9.78,9.54,,9.78,,9.54,,,,,
2026-04-27,23,SUSDU,Unitas,Solana,$46.54m,46540000,9.84,9.84,11.48,,,9.84,,11.48,,,,,
2026-04-27,24,MSUSD-USDC,Extra Finance Leverage Farming,Base,$1.11m,1110000,9.5,9.5,11.72,,,9.5,,11.72,,,,,
2026-04-27,25,AUSD,Neverland,Monad,$7.6m,7600000,9.4,4.43,4.97,9.87,,4.97,,9.87,43040000,35950000,7100000,,
2026-04-27,26,SUSDAI / For buying PT-sUSDai-15OCT2026,Pendle,Arbitrum,$10.9m,10900000,9.37,9.37,8.07,,,9.37,,8.07,,,,,
2026-04-27,27,SUSDAI / For buying PT-sUSDai-18JUN2026,Pendle,Arbitrum,$6.56m,6560000,9.17,9.17,7.69,,,9.17,,7.69,,,,,
2026-04-27,28,USDC-USDT / CL1 - 0.0009%,Aerodrome Slipstream,Base,$1.2m,1200000,9.13,8.25,0.88,10.48,8.11,10.48,,8.11,,,,,
2026-04-27,29,MSUSD-USDC,Aerodrome V1,Base,$7.66m,7660000,9.1,9.1,11.17,,,9.1,,11.17,,,,,
2026-04-27,30,USDT,ZEROBASE CeDeFi,Arbitrum,$7.94m,7940000,9,7,2,9,,2,,9,,,,,
2026-04-27,31,USDC,ZEROBASE CeDeFi,Arbitrum,"$783,884",783884,9,7,2,9,,2,,9,,,,,
2026-04-27,32,AUSD,Yearn Finance,Katana,$1.61m,1610000,8.95,8.95,4.14,,,8.95,,4.14,,,,,
2026-04-27,33,USDC / baseUSD,AUTOfinance,Base,$5.69m,5690000,8.86,5.07,3.79,7.58,,3.79,,7.58,,,,,
2026-04-27,34,USDC,Gains Network,Arbitrum,$5.65m,5650000,8.82,8.82,6.79,,,8.82,,6.79,,,,,
2026-04-27,35,APXUSD / For LP | Maturity 18JUN2026,Pendle,Base,$3.28m,3280000,8.75,6.8,1.96,8.78,,1.96,,8.78,,,,,
2026-04-27,36,HYPERVBUSDCA,Morpho Blue,Katana,$1.52m,1520000,8.7,8.24,0.46,4.58,,0.46,,4.58,,,,,
2026-04-27,37,USDC / vault,Avantis,Base,$49.83m,49830000,8.69,8.69,9.9,,,8.69,,9.9,,,,,
2026-04-27,38,USDT0,Neverland,Monad,$4.16m,4160000,8.68,3.7,4.98,9.34,,4.98,,9.34,15910000,11740000,4179999.9999999995,,
2026-04-27,39,USDC,Loopscale,Solana,$1.71m,1710000,8.57,7.52,1.06,8.55,,1.06,,8.55,,,,,
2026-04-27,40,MSUSD-USDC / Aerodrome,Beefy,Base,"$677,957",677957,8.55,10.7,,,,,,10.7,,,,,
2026-04-27,41,BBQUSD1,Morpho Blue,Monad,$1.35m,1350000,8.3,2.58,5.72,131,,5.72,,131,1352291.8462552314,,48639909.14,0,"{""wsrUSD"":100}"
2026-04-27,42,SUSDAI / For LP | Maturity 15OCT2026,Pendle,Arbitrum,$10.9m,10900000,8.29,7.34,0.95,7.42,,0.95,,7.42,,,,,
2026-04-27,43,AUSD / earnAUSD/AUSD,Curvance,Monad,$2.21m,2210000,8.17,6.17,2,7.34,,2,,7.34,12850000,10640000,2210000,,
2026-04-27,44,SYZUSD,Yuzu Money,Monad,$13.32m,13320000,8.17,8.17,7.47,,,8.17,,7.47,,,,,
2026-04-27,45,FEUSDC2,Morpho Blue,Hyperliquid L1,$18.16m,18160000,8.13,8.13,7.44,,,8.13,,7.44,18295034.37591967,,31696460.83,36.6,"{""wstHYPE"":1.8,""kHYPE"":13.43,""WHYPE"":84.77}"
2026-04-27,46,USDC,Neverland,Monad,$15.73m,15730000,8.12,3.82,4.3,8.25,,4.3,,8.25,64120000.00000001,48380000,15740000,,
2026-04-27,47,SUSDAI / For LP | Maturity 18JUN2026,Pendle,Arbitrum,$6.56m,6560000,7.96,7.19,0.77,7.11,,0.77,,7.11,,,,,
2026-04-27,48,USDC,Aave V3,Arbitrum,$7.36m,7360000,7.86,7.86,3.21,,,7.86,,3.21,152120000,145190000,6930000,,
2026-04-27,49,EDGEUSDC,Morpho Blue,Base,"$859,543",859543,7.81,5.36,2.45,5.56,,2.45,,5.56,101673.47775552917,,29893498.19,0.34,"{""wstETH"":68,""sUSDS"":8.81,""WBTC"":23.19}"
2026-04-27,50,AUGUSTUSDC,Morpho Blue,Monad,$6.13m,6130000,7.77,4.54,3.23,8.15,,3.23,,8.15,6135889.307490384,,158343845.94,3.73,"{""syzUSD"":50,""earnAUSD"":50}"
2026-04-27,51,AUSD / vUSD/AUSD,Curvance,Monad,"$968,480",968480,7.75,4.75,3,5.7,,3,,5.7,5500000,4530000,968569,,
2026-04-27,52,USDAI / For buying PT-USDai-15OCT2026,Pendle,Arbitrum,$1.01m,1010000,7.55,7.55,6.44,,,7.55,,6.44,,,,,
2026-04-27,53,AUGUSTUSDCV2,Morpho Blue,Monad,$6.13m,6130000,7.49,4.28,3.21,7.96,,3.21,,7.96,,,,,
2026-04-27,54,HYPERUSDCA,Morpho Blue,Monad,$16.56m,16559999.999999998,7.28,4.06,3.22,7.09,,3.22,,7.09,850941.3932326093,,199116877.57,0,"{""PT-sUSDai-18JUN2026"":12.84,""thBILL"":2.12,""WBTC"":16.21,""PT-sUSDai-19FEB2026"":0,""sUSDai"":3.35,""PT-thBILL-18JUN2026"":10.25,""PT-USDai-18JUN2026"":49,""sUSDS"":3.52,""weETH"":1.65,""WETH"":1.06}"
2026-04-27,55,AUSD / syzUSD/AUSD,Curvance,Monad,"$776,384",776384,7.19,5.19,2,6.58,,2,,6.58,4630000,3850000,776456,,
2026-04-27,56,USDY,Toros,Arbitrum,"$539,270",539270,7.15,5.12,,,,,,5.12,,,,,
2026-04-27,57,SUSDAI / 30d unlock,USD AI,Arbitrum,$262.32m,262320000,7.1,7.1,6.62,,,7.1,,6.62,,,,,
2026-04-27,58,USDC,MortgageFi,Base,"$754,491",754491,7.1,9.37,,,,,,9.37,,,,,
2026-04-27,59,USDG,Kamino Lend,Solana,$1.36m,1360000,6.99,6.99,5.54,,,6.99,,5.54,29560000,28210000,1350000,,
2026-04-27,60,USDAI / For buying PT-USDai-18JUN2026,Pendle,Arbitrum,$36.03m,36030000,6.98,6.98,5.57,,,6.98,,5.57,,,,,
2026-04-27,61,GTUSDCC,Morpho Blue,Hyperliquid L1,$1.75m,1750000,6.97,6.97,6.12,,,6.97,,6.12,1767750.9375544705,,6230888.3,0,"{""UBTC"":38.32,""WHYPE"":30.84,""kHYPE"":30.84}"
2026-04-27,62,ZVUSDC,Zircuit Finance,Base,$1.49m,1490000,6.96,6.96,8.55,,,6.96,,8.55,,,,,
2026-04-27,63,FEUSDT02,Morpho Blue,Hyperliquid L1,$1.94m,1940000,6.96,6.96,7.22,,,6.96,,7.22,1950602.7472811963,,55061089.24,3.42,"{""thBILL"":56.29,""kHYPE"":20.32,""hwHLP"":3.79,""UBTC"":6.63,""WHLP"":0.64,""UETH"":8.53,""WHYPE"":0.75,""hbUSDT"":3.02,""PT-hbUSDT-18DEC2025"":0.02}"
2026-04-27,64,USDC,Fluid Lending,Arbitrum,$32.93m,32930000,6.85,5.84,1.01,6.08,,1.01,,6.08,,,,,
2026-04-27,65,FEUSDC,Morpho Blue,Hyperliquid L1,$18.72m,18720000,6.74,6.74,5.84,,,6.74,,5.84,18644235.27144493,,75339775.71,19.84,"{""kHYPE"":96.52,""UBTC"":1.35,""WHYPE"":2.08,""PT-kHYPE-19MAR2026"":0.05}"
2026-04-27,66,USDC,Fluid Lending,Base,$11m,11000000,6.7,4.63,2.07,6.38,,2.07,,6.38,,,,,
2026-04-27,67,DTUSDC,Lagoon,Base,"$684,214",684214,6.63,6.63,5.74,,,6.63,,5.74,,,,,
2026-04-27,68,USDC,DeltaPrime,Arbitrum,"$707,005",707005,6.53,6.53,6.36,,,6.53,,6.36,,,,,
2026-04-27,69,USDC / 40 Acres,Harvest Finance,Base,$1.97m,1970000,6.5,6.5,6.53,,,6.5,,6.53,,,,,
2026-04-27,70,FEUSDH2,Morpho Blue,Hyperliquid L1,$10.16m,10160000,6.15,6.15,7.4,,,6.15,,7.4,10148233.289465306,,29842402.88,25.38,"{""kHYPE"":30.98,""WHYPE"":56.35,""wstHYPE"":12.67}"
2026-04-27,71,USDC,Extra Finance Leverage Farming,Base,$3.76m,3760000,6.14,6.14,5.41,,,6.14,,5.41,,,,,
2026-04-27,72,USDY,Toros,Base,"$888,412",888412,6.1,4.04,,,,,,4.04,,,,,
2026-04-27,73,BBQUSDT0,Morpho Blue,Monad,$5.97m,5970000,6.1,2.18,3.92,6.83,,3.92,,6.83,22535798.976811938,,637467606.8,0,"{""syrupUSDC"":33.65,""sUSDS"":25,""weETH"":10.59,""siUSD"":0.48,""XAUt0"":0.05,""PT-USDai-18JUN2026"":0,""bbqUSDC"":0,""sUSDe"":0,""WBTC"":10.9,""wsrUSD"":9.66,""wstETH"":4.4,""WETH"":5.27}"
2026-04-27,74,BBQUSDC,Morpho Blue,Base,$20.98m,20980000,6.07,6.07,5.45,,,6.07,,5.45,18726607.562882807,,491191310.72,0,"{""wsrUSD"":0,""PT-USDai-18JUN2026"":13.93,""weETH"":13.13,""syrupUSDC"":4.98,""WETH"":1.06,""XAUt0"":0.03,""wstETH"":57.13,""WBTC"":9.75,""siUSD"":0}"
2026-04-27,75,USDC,HyperLend Pooled,Hyperliquid L1,$8.24m,8240000,5.67,5.67,4.28,,,5.67,,4.28,62560000,54440000,8119999.999999999,,
2026-04-27,76,FEUSDE,Morpho Blue,Hyperliquid L1,"$899,942",899942,5.65,5.65,11.84,,,5.65,,11.84,899413.6250678655,,16088180.1,5.29,"{""WHYPE"":63.37,""UBTC"":36.63}"
2026-04-27,77,USDC / Morpho,Beefy,Base,$1.19m,1190000,5.55,4.86,,,,,,4.86,,,,,
2026-04-27,78,AUSD / YZM/AUSD,Curvance,Monad,"$758,110",758110,5.52,3.52,2,5.71,,2,,5.71,2130000,1370000,758180,,
2026-04-27,79,GTUSDCF,Morpho Blue,Base,"$849,708",849708,5.36,5.36,5.29,,,5.36,,5.29,1749536.7341737708,,109836715.26,0,"{""cbBTC"":38.26,""cbXRP"":38,""cbADA"":23.74}"
2026-04-27,80,FEUSDT0,Morpho Blue,Hyperliquid L1,$12.42m,12420000,5.35,5.35,7.13,,,5.35,,7.13,12077486.27642339,,95243632.39,11.25,"{""UBTC"":7.06,""kHYPE"":51.53,""WHYPE"":32.37,""PT-kHYPE-19MAR2026"":8.1,""beHYPE"":0.42,""wstHYPE"":0.52}"
2026-04-27,81,USDT,ZEROBASE CeDeFi,Op Mainnet,$8.1m,8100000,5.3,3.3,2,5.3,,2,,5.3,,,,,
2026-04-27,82,USDC / Autopilot,Harvest Finance,Base,"$633,345",633345,5.26,5.26,4.99,,,5.26,,4.99,,,,,
2026-04-27,83,CSUSDC,Morpho Blue,Base,$3.34m,3340000,5.1,5.1,5.83,,,5.1,,5.83,557.9915405434282,,75993622.31,0,"{""weETH"":0.06,""wstETH"":99.94}"
2026-04-27,84,USDC,Harmonix Finance,Arbitrum,"$840,725",840725,5.07,5.07,5.5,,,5.07,,5.5,,,,,
2026-04-27,85,GTUSDCP,Morpho Blue,Op Mainnet,$9.28m,9280000,5.05,2.57,2.48,4.61,,2.48,,4.61,3343009.3627525293,,61646529.24,0,"{""WBTC"":39,""wstETH"":59.44,""WETH"":1.56,""sUSDS"":0}"
2026-04-27,86,USDC / Harvest USDC vault Base,Fusion by IPOR,Base,"$633,427",633427,5.05,5.05,4.67,,,5.05,,4.67,,,,,
2026-04-27,87,USDC / SuperchargerV2,WOOFi Earn,Base,"$652,342",652342,4.87,4.87,4.86,,,4.87,,4.86,,,,,
2026-04-27,88,FEUSDH,Morpho Blue,Hyperliquid L1,$4.58m,4580000,4.87,4.87,6.93,,,4.87,,6.93,4577122.143290776,,35413514.03,11.45,"{""UBTC"":8.88,""kHYPE"":11.7,""WHYPE"":79.41}"
2026-04-27,89,BBQUSDC,Morpho Blue,Monad,$2.14m,2140000,4.72,1.51,3.21,4.33,,3.21,,4.33,18726607.562882807,,491191310.72,0,"{""wsrUSD"":0,""PT-USDai-18JUN2026"":13.93,""weETH"":13.13,""syrupUSDC"":4.98,""WETH"":1.06,""XAUt0"":0.03,""wstETH"":57.13,""WBTC"":9.75,""siUSD"":0}"
2026-04-27,90,EARNAUSD / earnAUSD/AUSD,Curvance,Monad,$15.37m,15370000,4.69,0,4.69,0.68,,4.69,,0.68,,,,,
2026-04-27,91,USDC-ALUSD / stable - 0.05%,Velodrome V2,Op Mainnet,$1.65m,1650000,4.66,4.66,5.57,,,4.66,,5.57,,,,,
2026-04-27,92,USDC / SuperchargerV2,WOOFi Earn,Arbitrum,$1.14m,1140000,4.65,4.65,4.72,,,4.65,,4.72,,,,,
2026-04-27,93,GHO,Fluid Lending,Base,"$874,090",874090,4.62,4.62,3.31,,,4.62,,3.31,,,,,
2026-04-27,94,VBUSDC,Yearn Finance,Katana,$14.38m,14380000,4.52,1.52,3,1.95,,3,,1.95,,,,,
2026-04-27,95,USDC,Wasabi Perps,Base,$2.16m,2160000,4.52,4.52,4.65,,,4.52,,4.65,,,,,
2026-04-27,96,GTUSDC,Morpho Blue,Katana,$2.65m,2650000,4.32,3.83,0.49,2.31,,0.49,,2.31,,,,,
2026-04-27,97,GTUSDCP,Morpho Blue,Base,$55.98m,55980000,4.31,4.31,4.23,,,4.31,,4.23,3343009.3627525293,,61646529.24,0,"{""WBTC"":39,""wstETH"":59.44,""WETH"":1.56,""sUSDS"":0}"
2026-04-27,98,STEAKUSDCFARCASTER,Morpho Blue,Base,"$509,165",509165,4.31,4.31,4.23,,,4.31,,4.23,,,,,
2026-04-27,99,STEAKUSDC,Morpho Blue,Base,$94.41m,94410000,4.31,4.31,4.23,,,4.31,,4.23,129327.53612503616,,64860211.07,0,"{""wstETH"":84.23,""WETH"":15.77}"
2026-04-27,100,USDC,Wasabi Perps,Solana,"$746,238",746238,4.29,4.29,6.25,,,4.29,,6.25,,,,,
2026-04-27,101,EARNAUSD,Upshift,Monad,$34.57m,34570000,4.24,1.66,2.58,8.53,,2.58,,8.53,,,,,
2026-04-27,102,GHO,Fluid Lending,Arbitrum,$3.08m,3080000,4.21,4.21,6.26,,,4.21,,6.26,,,,,
2026-04-27,103,USDC,Kamino Lend,Solana,$8.2m,8199999.999999999,4.12,4.12,3.45,,,4.12,,3.45,167930000,159720000,8210000.000000001,,
2026-04-27,104,FRUSDC,Morpho Blue,Base,$23.75m,23750000,4.09,4.09,4.27,,,4.09,,4.27,23752306.665121127,,0,0,"{""cbBTC"":100}"
2026-04-27,105,PUSDC,Morpho Blue,Base,$23.3m,23300000,4.09,4.09,4.24,,,4.09,,4.24,23301223.504604716,,1026569426.98,2.22,"{""cbBTC"":100}"
2026-04-27,106,TERMUSDC,Morpho Blue,Base,"$978,243",978243,4.09,4.09,4.27,,,4.09,,4.27,978275.2482171374,,198997086.75,0.49,"{""cbBTC"":100}"
2026-04-27,107,USDC / 2026-06-04,Exactly,Op Mainnet,$1.69m,1690000,4,4,3.77,,,4,,3.77,1520000,66624,1460000,,
2026-04-27,108,USDC / 2027-01-14,Exactly,Op Mainnet,$1.69m,1690000,3.99,3.99,3.32,,,3.99,,3.32,1460000,2255,1460000,,
2026-04-27,109,SUSDAI-USDC,Curve DEX,Arbitrum,$3.76m,3760000,3.97,3.97,4.27,,,3.97,,4.27,,,,,
2026-04-27,110,USDC / 2026-07-02,Exactly,Op Mainnet,$1.69m,1690000,3.93,3.93,3.59,,,3.93,,3.59,1500000,41784,1460000,,
2026-04-27,111,PYUSD,Kamino Lend,Solana,$10.75m,10750000,3.91,3.91,3.39,,,3.91,,3.39,83130000,72370000,10750000,,
2026-04-27,112,HYPERUSDCA,Morpho Blue,Arbitrum,"$875,945",875945,3.87,3.87,4.33,,,3.87,,4.33,850941.3932326093,,199116877.57,0,"{""PT-sUSDai-18JUN2026"":12.84,""thBILL"":2.12,""WBTC"":16.21,""PT-sUSDai-19FEB2026"":0,""sUSDai"":3.35,""PT-thBILL-18JUN2026"":10.25,""PT-USDai-18JUN2026"":49,""sUSDS"":3.52,""weETH"":1.65,""WETH"":1.06}"
2026-04-27,113,USDC / 2026-12-17,Exactly,Op Mainnet,$1.69m,1690000,3.85,3.85,3.09,,,3.85,,3.09,1460000,2187,1460000,,
2026-04-27,114,AAVEUSDC-AAVEGHO,Aura,Base,$4.08m,4080000,3.83,3.23,0.6,6.63,,0.6,,6.63,,,,,
2026-04-27,115,VBUSDT,Yearn Finance,Katana,$4.31m,4310000,3.79,2.36,1.43,1.91,,1.43,,1.91,,,,,
2026-04-27,116,USDC / 2026-09-24,Exactly,Op Mainnet,$1.69m,1690000,3.74,3.74,3.84,,,3.74,,3.84,1480000,12281,1460000,,
2026-04-27,117,USDC / 2026-11-19,Exactly,Op Mainnet,$1.69m,1690000,3.73,3.73,3.65,,,3.73,,3.65,1470000,4829,1460000,,
2026-04-27,118,USDC / Euler Earn USDC,Euler V2,Monad,"$518,912",518912,3.72,1.72,2,3.11,,2,,3.11,,,,,
2026-04-27,119,SPARKUSDC,Morpho Blue,Base,$9.48m,9480000,3.69,3.69,4.23,,,3.69,,4.23,0,,,,
2026-04-27,120,GTUSDCC,Morpho Blue,Base,$1.74m,1740000,3.68,3.68,4.23,,,3.68,,4.23,1767750.9375544705,,6230888.3,0,"{""UBTC"":38.32,""WHYPE"":30.84,""kHYPE"":30.84}"
2026-04-27,121,USDC / 2026-10-22,Exactly,Op Mainnet,$1.69m,1690000,3.68,3.68,4.01,,,3.68,,4.01,1490000,21715,1460000,,
2026-04-27,122,USDC / 2026-08-27,Exactly,Op Mainnet,$1.69m,1690000,3.67,3.67,3.85,,,3.67,,3.85,1480000,18043,1460000,,
2026-04-27,123,USDC,Moonwell Lending,Base,$2.32m,2320000,3.65,3.65,4.31,,,3.65,,4.31,14700000,12590000,2110000,,
2026-04-27,124,SUSDS,Sky Lending,Arbitrum,$357.92m,357920000,3.65,3.73,,,,,,3.73,,,,,
2026-04-27,125,USDC / 2026-07-30,Exactly,Op Mainnet,$1.69m,1690000,3.61,3.61,3.43,,,3.61,,3.43,1490000,30530,1460000,,
2026-04-27,126,USDY / US Dollar Yield,Ondo Yield Assets,Solana,$180.25m,180250000,3.55,3.55,3.55,3.55,,3.55,,3.55,,,,,
2026-04-27,127,USDY / US Dollar Yield,Ondo Yield Assets,Arbitrum,$5.58m,5580000,3.55,3.55,3.55,3.55,,3.55,,3.55,,,,,
2026-04-27,128,MWUSDC,Morpho Blue,Base,$5.37m,5370000,3.47,3.47,4.23,,,3.47,,4.23,23137.24912281768,,,,"{""Unknown"":100}"
2026-04-27,129,USDC,Aave V3,Base,$21.61m,21610000,3.45,3.45,3.04,,,3.45,,3.04,173790000,152230000,21560000,,
2026-04-27,130,BBQUSDC,Morpho Blue,Arbitrum,$13.22m,13220000,3.38,3.38,3.12,,,3.38,,3.12,18726607.562882807,,491191310.72,0,"{""wsrUSD"":0,""PT-USDai-18JUN2026"":13.93,""weETH"":13.13,""syrupUSDC"":4.98,""WETH"":1.06,""XAUt0"":0.03,""wstETH"":57.13,""WBTC"":9.75,""siUSD"":0}"
2026-04-27,131,WYLDS,Hastra,Solana,$5.87m,5870000,3.3,3.3,3.29,,,3.3,,3.29,,,,,
2026-04-27,132,CUSDO,OpenEden USDO,Solana,$5.7m,5700000,3.24,3.24,3.25,3.24,,3.25,,3.24,,,,,
2026-04-27,133,USDC,Compound V3,Base,"$962,430",962430,3.24,3.24,3.46,,,3.24,,3.46,9540000,8620000,922936,,
2026-04-27,134,USDG,Loopscale,Solana,$1.84m,1840000,3.18,3.18,2.8,,,3.18,,2.8,,,,,
2026-04-27,135,EARNAUSD,Neverland,Monad,$3.19m,3190000,3.15,0,3.15,3.92,,3.15,,3.92,3190000,0,3190000,,
2026-04-27,136,BBQUSDT0,Morpho Blue,Arbitrum,$22.8m,22800000,3.11,3.11,3.93,,,3.11,,3.93,22535798.976811938,,637467606.8,0,"{""syrupUSDC"":33.65,""sUSDS"":25,""weETH"":10.59,""siUSD"":0.48,""XAUt0"":0.05,""PT-USDai-18JUN2026"":0,""bbqUSDC"":0,""sUSDe"":0,""WBTC"":10.9,""wsrUSD"":9.66,""wstETH"":4.4,""WETH"":5.27}"
2026-04-27,137,USDT,Aave V3,Op Mainnet,"$533,288",533288,3.09,3.09,2.16,,,3.09,,2.16,4420000,3880000,533423,,
2026-04-27,138,USDC / Compound,Beefy,Op Mainnet,"$708,032",708032,3.03,2.92,,,,,,2.92,,,,,
2026-04-27,139,MSUSD-USDC / CL50 - 0.05%,Aerodrome Slipstream,Base,$19.41m,19410000,3.02,0.69,2.32,0.73,4.5,0.73,,4.5,,,,,
2026-04-27,140,USDT / Main Pool,Save,Solana,"$764,537",764537,2.96,2.96,3.29,,,2.96,,3.29,3840000,3070000,764528,,
2026-04-27,141,USDC-USDT-PYUSD,Carrot Liquidity,Solana,$1.95m,1950000,2.9,2.9,1.71,,,2.9,,1.71,,,,,
2026-04-27,142,USDS,Kamino Lend,Solana,$2.97m,2970000,2.83,2.83,1.56,,,2.83,,1.56,13290000,10320000,2970000,,
2026-04-27,143,GTUSDCP,Morpho Blue,Arbitrum,$3.34m,3340000,2.71,2.71,3.23,,,2.71,,3.23,3343009.3627525293,,61646529.24,0,"{""WBTC"":39,""wstETH"":59.44,""WETH"":1.56,""sUSDS"":0}"
2026-04-27,144,USDC,Yearn Finance,Base,"$960,684",960684,2.65,2.65,2.94,,,2.65,,2.94,,,,,
2026-04-27,145,USDC,Compound V3,Arbitrum,$5.21m,5210000,2.64,2.64,2.37,,,2.64,,2.37,19580000,14360000,5220000,,
2026-04-27,146,USDAI / For LP | Maturity 15OCT2026,Pendle,Arbitrum,$1.01m,1010000,2.49,1.85,0.64,2.87,,0.64,,2.87,,,,,
2026-04-27,147,GTUSDCC,Morpho Blue,Arbitrum,$3.35m,3350000,2.46,2.46,3.3,,,2.46,,3.3,1767750.9375544705,,6230888.3,0,"{""UBTC"":38.32,""WHYPE"":30.84,""kHYPE"":30.84}"
2026-04-27,148,USDT,Compound V3,Op Mainnet,$1.27m,1270000,2.42,2.42,2.09,,,2.42,,2.09,3880000,2620000,1270000,,
2026-04-27,149,USDC / Compound,Beefy,Arbitrum,$1.15m,1150000,2.42,2.37,,,,,,2.37,,,,,
2026-04-27,150,USDC / Main Pool,Save,Solana,$8.25m,8250000,2.42,2.42,2.64,,,2.42,,2.64,28690000,20460000,8240000,,
2026-04-27,151,USDC,Revert Lend,Base,$2.55m,2548754,7.41,7.41,0,9.15,,6.890000000000001,,,2548754,,,,
2026-04-27,152,baseUSD,Tokemak,Base,$5.68m,5684875,10.11,8.27,1.8399999999999999,6.239999999999999,,6.4399999999999995,,,5684875,,,,
2026-04-29,1,USDC,Yearn Finance,Base,"$774,262",774262,155,155,27.61,,,155,,27.61,,,,,
2026-04-29,3,MIM-USDC|Mim,Beefy,Arbitrum,$1.19m,1190000,21.25,9.98,,,,,,9.98,,,,,
2026-04-29,4,USDC-MSUSD|stable - 0.05%,Velodrome V2,Op Mainnet,$1.09m,1090000,16.86,16.86,13.72,,,16.86,,13.72,,,,,
2026-04-29,5,MSUSD-FRXUSD,Aerodrome V1,Base,"$997,342",997342,16.64,16.64,16.48,,,16.64,,16.48,,,,,
2026-04-29,6,WNUSDT0-WNAUSD-WNUSDC|Balancer,Beefy,Monad,$2.94m,2940000,16.37,14.16,,,,,,14.16,,,,,
2026-04-29,7,USDC-USDT|CL1 - 0.0009%,Aerodrome Slipstream,Base,$1.11m,1110000,15.78,14.73,1.05,11.68,8.68,11.68,,8.68,,,,,
2026-04-29,8,USDC|yoUSD,YO Protocol,Base,$18.58m,18580000,15.59,3.59,12,13.75,,12,,13.75,,,,,
2026-04-29,9,USDC|yoUSD,YO Protocol,Arbitrum,"$567,192",567192,15.59,3.59,12,13.76,,12,,13.76,,,,,
2026-04-29,10,AUSD-USDC-USDT0,Curve DEX,Monad,$3.63m,3630000,14.86,0,14.86,3.24,,14.86,,3.24,,,,,
2026-04-29,11,SUPERUSDC|SuperVault,Superform,Base,$1.36m,1360000,14.8,5.8,9,8.65,,9,,8.65,,,,,
2026-04-29,12,APXUSD|For buying PT-apxUSD-18JUN2026,Pendle,Base,$3.33m,3330000,14.78,14.78,14.22,,,14.78,,14.22,,,,,
2026-04-29,13,USDC-USDM,Mento V3,Monad,"$521,753",521753,14.72,0.19,14.53,15.49,,14.53,,15.49,,,,,
2026-04-29,14,USDC|Compound,Beefy,Base,$1.23m,1230000,12.49,3.29,,,,,,3.29,,,,,
2026-04-29,15,USDC|arbUSD,AUTOfinance,Arbitrum,$3.63m,3630000,12.11,10.88,1.23,10.59,,1.23,,10.59,,,,,
2026-04-29,16,GTUSDCC,Morpho Blue,Unichain,$1.15m,1150000,11.5,11.5,6.82,,,11.5,,6.82,1750584.9648526497,,6247880.88,0,"{""UBTC"":37.7,""WHYPE"":31.15,""kHYPE"":31.15}"
2026-04-29,17,MIM-USDT0|Mim,Beefy,Arbitrum,$1.09m,1090000,11.4,10.36,,,,,,10.36,,,,,
2026-04-29,18,USDC,Sprinter,Base,$2.96m,2960000,11.35,11.1,,,,,,11.1,,,,,
2026-04-29,19,AUSD,Accountable,Monad,"$525,519",525519,11.3,6.3,5,11.3,,5,,11.3,,,,,
2026-04-29,20,ZVUSDC,Zircuit Finance,Base,$1.49m,1490000,10.4,10.4,8.55,,,10.4,,8.55,,,,,
2026-04-29,21,SUSDU,Unitas,Solana,$45.29m,45290000,10.13,10.13,11.41,,,10.13,,11.41,,,,,
2026-04-29,22,ALUSD-USDC|Curve,Stake DAO,Arbitrum,"$690,504",690504,10.1,0.03,10.07,9.66,,10.07,,9.66,,,,,
2026-04-29,23,ALUSD-USDC,Curve DEX,Arbitrum,"$728,055",728055,9.91,0,9.91,9.5,,9.91,,9.5,,,,,
2026-04-29,24,MSUSD-USDC,Extra Finance Leverage Farming,Base,$1.13m,1130000,9.69,9.69,11.64,,,9.69,,11.64,,,,,
2026-04-29,25,AUSD,Neverland,Monad,$7.25m,7250000,9.6,4.42,5.18,9.79,,5.18,,9.79,,,,,
2026-04-29,26,USDC-MUSD|CL10 - 0.05%,Aerodrome Slipstream,Base,"$675,996",675996,9.52,9.52,18.66,,,9.52,,18.66,,,,,
2026-04-29,27,BBQUSDC,Morpho Blue,Arbitrum,$11.61m,11610000,9.39,9.39,3.5,,,9.39,,3.5,7000328.163221561,,502972174.36,0,"{""PT-USDai-18JUN2026"":7.21,""weETH"":21.87,""syrupUSDC"":3.27,""WETH"":1.27,""XAUt0"":0.13,""wsrUSD"":0,""wstETH"":59.72,""WBTC"":6.53}"
2026-04-29,28,MSUSD-USDC,Aerodrome V1,Base,$7.64m,7640000,9.28,9.28,11.09,,,9.28,,11.09,,,,,
2026-04-29,29,SUSDAI|For buying PT-sUSDai-15OCT2026,Pendle,Arbitrum,$11.96m,11960000,9.23,9.23,8.17,,,9.23,,8.17,,,,,
2026-04-29,30,HYPERVBUSDCA,Morpho Blue,Katana,$1.52m,1520000,9.08,8.59,0.49,4.75,,0.49,,4.75,,,,,
2026-04-29,31,USDC,YieldSeeker,Base,$1.26m,1260000,9.05,9.05,9.97,,,9.05,,9.97,,,,,
2026-04-29,32,USDT,ZEROBASE CeDeFi,Arbitrum,$7.93m,7930000,9,7,2,9,,2,,9,,,,,
2026-04-29,33,USDC,ZEROBASE CeDeFi,Arbitrum,"$783,839",783839,9,7,2,9,,2,,9,,,,,
2026-04-29,34,USDC|baseUSD,AUTOfinance,Base,$5.62m,5620000,8.99,5,3.99,7.71,,3.99,,7.71,,,,,
2026-04-29,35,AUSD,Yearn Finance,Katana,$1.61m,1610000,8.94,8.94,4.49,,,8.94,,4.49,,,,,
2026-04-29,36,APXUSD|For LP | Maturity 18JUN2026,Pendle,Base,$3.33m,3330000,8.92,7.46,1.46,8.8,,1.46,,8.8,,,,,
2026-04-29,37,SUSDAI|For buying PT-sUSDai-18JUN2026,Pendle,Arbitrum,$6.69m,6690000,8.89,8.89,7.8,,,8.89,,7.8,,,,,
2026-04-29,38,MSUSD-USDC|Aerodrome,Beefy,Base,"$678,290",678290,8.79,10.61,,,,,,10.61,,,,,
2026-04-29,39,USDC|vault,Avantis,Base,$49.56m,49560000,8.78,8.78,9.94,,,8.78,,9.94,,,,,
2026-04-29,40,USDT0,Neverland,Monad,$4.44m,4440000,8.67,3.47,5.2,9.33,,5.2,,9.33,,,,,
2026-04-29,41,AUSD|earnAUSD/AUSD,Curvance,Monad,$1.89m,1890000,8.47,6.47,2,7.45,,2,,7.45,,,,,
2026-04-29,42,USDC,Loopscale,Solana,$1.91m,1910000,8.45,7.4,1.05,8.57,,1.05,,8.57,,,,,
2026-04-29,43,USDC,Neverland,Monad,$14.92m,14920000,8.33,3.8,4.53,8.2,,4.53,,8.2,,,,,
2026-04-29,44,EDGEUSDC,Morpho Blue,Base,"$932,367",932367,8.21,5.97,2.24,5.68,,2.24,,5.68,101829.08052035751,,29896553.42,0.34,"{""wstETH"":84.9,""sUSDS"":1.04,""WBTC"":14.06}"
2026-04-29,45,USDAI|For buying PT-USDai-15OCT2026,Pendle,Arbitrum,"$895,838",895838,8.18,8.18,6.59,,,8.18,,6.59,,,,,
2026-04-29,46,SUSDAI|For LP | Maturity 15OCT2026,Pendle,Arbitrum,$11.96m,11960000,8.16,7.27,0.88,7.46,,0.88,,7.46,,,,,
2026-04-29,47,SUSDAI|For LP | Maturity 18JUN2026,Pendle,Arbitrum,$6.69m,6690000,7.9,7.13,0.77,7.19,,0.77,,7.19,,,,,
2026-04-29,48,WABASGHO-WABASUSDC|Aura,Beefy,Base,$1.03m,1030000,7.89,5.71,,,,,,5.71,,,,,
2026-04-29,49,AAVEUSDC-AAVEGHO,Aura,Base,$3.92m,3920000,7.89,7.23,0.66,6.48,,0.66,,6.48,,,,,
2026-04-29,50,SYZUSD,Yuzu Money,Monad,$13.13m,13130000,7.89,7.89,7.5,,,7.89,,7.5,,,,,
2026-04-29,51,AUSD|vUSD/AUSD,Curvance,Monad,"$968,282",968282,7.75,4.75,3,5.84,,3,,5.84,,,,,
2026-04-29,52,EARNAUSD,Upshift,Monad,$34.15m,34150000,7.74,5.43,2.31,8.38,,2.31,,8.38,,,,,
2026-04-29,53,AUGUSTUSDC,Morpho Blue,Monad,$6.26m,6260000,7.74,4.81,2.93,8.12,,2.93,,8.12,6271906.049861122,,158206820.24,3.81,"{""syzUSD"":48.4,""earnAUSD"":51.6}"
2026-04-29,54,HYPERUSDCA,Morpho Blue,Arbitrum,"$911,596",911596,7.7,7.7,4.31,,,7.7,,4.31,846302.4986560413,,199142922.11,0,"{""PT-thBILL-18JUN2026"":6.96,""PT-USDai-18JUN2026"":32.61,""PT-sUSDai-18JUN2026"":12.57,""thBILL"":1.77,""WBTC"":26.98,""WETH"":2.29,""PT-sUSDai-19FEB2026"":0,""sUSDai"":3.1,""weETH"":13.73}"
2026-04-29,55,AUGUSTUSDCV2,Morpho Blue,Monad,$6.25m,6250000,7.46,4.53,2.92,7.92,,2.92,,7.92,,,,,
2026-04-29,56,GTUSDCP,Morpho Blue,Arbitrum,$2.86m,2860000,7.31,7.31,3.28,,,7.31,,3.28,2855270.351223166,,62141225.07,0,"{""WBTC"":33.02,""wstETH"":65.39,""WETH"":1.59,""sUSDS"":0}"
2026-04-29,57,AUSD|syzUSD/AUSD,Curvance,Monad,"$693,396",693396,7.19,5.19,2,6.66,,2,,6.66,,,,,
2026-04-29,58,SUSDAI|30d unlock,USD AI,Arbitrum,$263.62m,263620000,7.12,7.12,6.69,,,7.12,,6.69,,,,,
2026-04-29,59,FEUSDE,Morpho Blue,Hyperliquid L1,"$805,007",805007,6.99,6.99,10.49,,,6.99,,10.49,804940.7544248789,,16177994.2,4.74,"{""WHYPE"":59.04,""UBTC"":40.96}"
2026-04-29,60,BBQUSD1,Morpho Blue,Monad,$1.35m,1350000,6.92,2.57,4.34,124,,4.34,,124,1352061.5363224568,,48629711.77,0,"{""wsrUSD"":100}"
2026-04-29,61,HYPERUSDCA,Morpho Blue,Monad,$16.61m,16610000,6.92,4,2.92,7.11,,2.92,,7.11,846302.4986560413,,199142922.11,0,"{""PT-thBILL-18JUN2026"":6.96,""PT-USDai-18JUN2026"":32.61,""PT-sUSDai-18JUN2026"":12.57,""thBILL"":1.77,""WBTC"":26.98,""WETH"":2.29,""PT-sUSDai-19FEB2026"":0,""sUSDai"":3.1,""weETH"":13.73}"
2026-04-29,62,USDC,DeltaPrime,Arbitrum,"$693,191",693191,6.86,6.86,6.36,,,6.86,,6.36,,,,,
2026-04-29,63,USDC,MortgageFi,Base,"$738,678",738678,6.81,9.41,,,,,,9.41,,,,,
2026-04-29,64,DTUSDC,Lagoon,Base,"$684,225",684225,6.63,6.63,5.75,,,6.63,,5.75,,,,,
2026-04-29,65,USDC|40 Acres,Harvest Finance,Base,$1.97m,1970000,6.49,6.49,6.57,,,6.49,,6.57,,,,,
2026-04-29,66,FEUSDH,Morpho Blue,Hyperliquid L1,$4.11m,4110000.0000000005,6.43,6.43,6.93,,,6.43,,6.93,4107717.2682788223,,35884567.18,10.27,"{""kHYPE"":12.03,""UBTC"":9.72,""WHYPE"":78.25}"
2026-04-29,67,USDC|Euler Earn USDC,Euler V2,Arbitrum,"$606,323",606323,6.34,6.34,3.29,,,6.34,,3.29,,,,,
2026-04-29,68,USDC,Fluid Lending,Base,$11.57m,11570000,6.29,4.36,1.93,6.4,,1.93,,6.4,,,,,
2026-04-29,69,FEUSDH2,Morpho Blue,Hyperliquid L1,$10.17m,10170000,6.28,6.28,7.09,,,6.28,,7.09,10169246.356578048,,29823038.09,25.43,"{""kHYPE"":29.91,""WHYPE"":57.34,""wstHYPE"":12.74}"
2026-04-29,70,AUSD|YZM/AUSD,Curvance,Monad,"$560,279",560279,6.27,4.27,2,5.7,,2,,5.7,,,,,
2026-04-29,71,USDAI|For buying PT-USDai-18JUN2026,Pendle,Arbitrum,$36.31m,36310000,6.19,6.19,5.7,,,6.19,,5.7,,,,,
2026-04-29,72,FEUSDT02,Morpho Blue,Hyperliquid L1,$2.08m,2080000,6.16,6.16,7.3,,,6.16,,7.3,2091612.6027458631,,54885256.2,3.67,"{""hbUSDT"":2.84,""thBILL"":51.69,""kHYPE"":25.86,""hwHLP"":3.46,""WHLP"":0.6,""UETH"":7.94,""WHYPE"":1.35,""UBTC"":6.24,""PT-hbUSDT-18DEC2025"":0.02}"
2026-04-29,73,FEUSDC2,Morpho Blue,Hyperliquid L1,$19.1m,19100000,6.02,6.02,7.19,,,6.02,,7.19,19079997.63840225,,30910413.9,38.17,"{""wstHYPE"":1.66,""kHYPE"":14.43,""WHYPE"":83.91}"
2026-04-29,74,GTUSDCC,Morpho Blue,Arbitrum,$3.35m,3350000,5.85,5.85,3.3,,,5.85,,3.3,1750584.9648526497,,6247880.88,0,"{""UBTC"":37.7,""WHYPE"":31.15,""kHYPE"":31.15}"
2026-04-29,75,BBQUSDT0,Morpho Blue,Monad,$5.93m,5930000,5.81,2.23,3.58,6.88,,3.58,,6.88,3192015.634161041,,656671265.96,0,"{""siUSD"":0.4,""XAUt0"":0.08,""bbqUSDC"":0,""syrupUSDC"":12.86,""sUSDS"":33.67,""weETH"":13.93,""sUSDe"":0,""WBTC"":15.97,""wsrUSD"":12.53,""wstETH"":3.59,""WETH"":6.95}"
2026-04-29,76,CSUSDC,Morpho Blue,Base,$3.64m,3640000,5.8,5.8,5.75,,,5.8,,5.75,558.262188771252,,75985368.73,0,"{""weETH"":0.06,""wstETH"":99.94}"
2026-04-29,77,BBQUSDC,Morpho Blue,Base,$20.54m,20540000,5.76,5.76,5.47,,,5.76,,5.47,7000328.163221561,,502972174.36,0,"{""PT-USDai-18JUN2026"":7.21,""weETH"":21.87,""syrupUSDC"":3.27,""WETH"":1.27,""XAUt0"":0.13,""wsrUSD"":0,""wstETH"":59.72,""WBTC"":6.53}"
2026-04-29,78,GTUSDCC,Morpho Blue,Hyperliquid L1,$1.75m,1750000,5.66,5.66,6.1,,,5.66,,6.1,1750584.9648526497,,6247880.88,0,"{""UBTC"":37.7,""WHYPE"":31.15,""kHYPE"":31.15}"
2026-04-29,79,FEUSDC,Morpho Blue,Hyperliquid L1,$19.22m,19220000,5.66,5.66,5.86,,,5.66,,5.86,19207877.506013997,,74774096.18,20.44,"{""kHYPE"":96.68,""UBTC"":1.25,""WHYPE"":2.02,""PT-kHYPE-19MAR2026"":0.04}"
2026-04-29,80,USDG,Kamino Lend,Solana,$1.71m,1710000,5.56,5.56,5.65,,,5.56,,5.65,,,,,
2026-04-29,81,FEUSDT0,Morpho Blue,Hyperliquid L1,$12.07m,12070000,5.48,5.48,7.16,,,5.48,,7.16,11815574.415134722,,95439988.96,11.02,"{""WHYPE"":32.63,""kHYPE"":53.28,""UBTC"":7.04,""PT-kHYPE-19MAR2026"":6.08,""beHYPE"":0.43,""wstHYPE"":0.53}"
2026-04-29,82,USDC,HyperLend Pooled,Hyperliquid L1,$9.4m,9400000,5.48,5.48,4.37,,,5.48,,4.37,,,,,
2026-04-29,83,USDC,Fluid Lending,Arbitrum,$36.38m,36380000,5.41,4.52,0.89,6.09,,0.89,,6.09,,,,,
2026-04-29,84,USDC,Aave V3,Arbitrum,$11.91m,11910000,5.36,5.36,3.42,,,5.36,,3.42,,,,,
2026-04-29,85,GTUSDCP,Morpho Blue,Op Mainnet,$8.81m,8810000,5.35,3.11,2.24,4.66,,2.24,,4.66,2855270.351223166,,62141225.07,0,"{""WBTC"":33.02,""wstETH"":65.39,""WETH"":1.59,""sUSDS"":0}"
2026-04-29,86,USDT,ZEROBASE CeDeFi,Op Mainnet,$8.1m,8100000,5.3,3.3,2,5.3,,2,,5.3,,,,,
2026-04-29,87,USDC-ALUSD|stable - 0.05%,Velodrome V2,Op Mainnet,$1.65m,1650000,5.22,5.22,5.58,,,5.22,,5.58,,,,,
2026-04-29,88,USDC,Harmonix Finance,Arbitrum,"$820,433",820433,5.22,5.22,5.49,,,5.22,,5.49,,,,,
2026-04-29,89,USDC|Autopilot,Harvest Finance,Base,"$633,528",633528,5.11,5.11,5.04,,,5.11,,5.04,,,,,
2026-04-29,90,USDC,Extra Finance Leverage Farming,Base,$4.18m,4179999.9999999995,5.03,5.03,5.43,,,5.03,,5.43,,,,,
2026-04-29,91,MWUSDC,Morpho Blue,Base,$9.36m,9360000,5,4.02,0.98,4.27,,0.98,,4.27,23135.419259717328,,,,"{""Unknown"":100}"
2026-04-29,92,VBUSDC,Yearn Finance,Katana,$13.7m,13700000,5,1.79,3.21,2.08,,3.21,,2.08,,,,,
2026-04-29,93,GTUSDCF,Morpho Blue,Base,$1.11m,1110000,4.98,4.98,5.28,,,4.98,,5.28,1948626.0250877463,,109634230.56,0,"{""cbBTC"":44.56,""cbXRP"":34.12,""cbADA"":21.32}"
2026-04-29,94,GHO,Fluid Lending,Base,"$848,220",848220,4.89,4.89,3.4,,,4.89,,3.4,,,,,
2026-04-29,95,USDC|SuperchargerV2,WOOFi Earn,Base,"$652,574",652574,4.87,4.87,4.86,,,4.87,,4.86,,,,,
2026-04-29,96,USDC,Moonwell Lending,Base,$2.5m,2500000,4.82,3.56,1.26,4.38,,1.26,,4.38,,,,,
2026-04-29,97,USDC,Gains Network,Arbitrum,$5.54m,5540000,4.75,4.75,6.8,,,4.75,,6.8,,,,,
2026-04-29,98,USDC|SuperchargerV2,WOOFi Earn,Arbitrum,"$896,653",896653,4.74,4.74,4.72,,,4.74,,4.72,,,,,
2026-04-29,99,YCSUSDC,Morpho Blue,Base,"$507,232",507232,4.72,4.72,5.64,,,4.72,,5.64,507292.9488916317,,107476248.01,0,"{""cbBTC"":0.15,""mBASIS"":0.17,""rETH"":0.93,""cbADA"":29.88,""wstETH"":0.99,""cbETH"":4.04,""cbDOGE"":35.31,""cbLTC"":11.94,""cbXRP"":14.48,""superOETHb"":1.52,""WETH"":0.56}"
2026-04-29,100,USDY,Toros,Base,"$888,568",888568,4.71,4.14,,,,,,4.14,,,,,
2026-04-29,101,USDC|Euler Earn USDC,Euler V2,Monad,"$503,516",503516,4.7,2.2,2.5,3.21,,2.5,,3.21,,,,,
2026-04-29,102,USDC,Kamino Lend,Solana,$8m,8000000,4.69,4.69,3.6,,,4.69,,3.6,,,,,
2026-04-29,103,USDC|Morpho,Beefy,Base,$1.16m,1160000,4.67,4.9,,,,,,4.9,,,,,
2026-04-29,104,USDC|Harvest USDC vault Base,Fusion by IPOR,Base,"$633,574",633574,4.57,4.57,4.73,,,4.57,,4.73,,,,,
2026-04-29,105,USDC,Wasabi Perps,Solana,"$746,486",746486,4.49,4.49,6.37,,,4.49,,6.37,,,,,
2026-04-29,106,USDC,Compound V3,Base,"$916,347",916347,4.4,4.4,3.55,,,4.4,,3.55,,,,,
2026-04-29,107,SUSDAI-USDC,Curve DEX,Arbitrum,$3.76m,3760000,4.34,4.34,4.29,,,4.34,,4.29,,,,,
2026-04-29,108,GHO,Fluid Lending,Arbitrum,$3.05m,3050000,4.26,4.26,6.15,,,4.26,,6.15,,,,,
2026-04-29,109,EARNAUSD|earnAUSD/AUSD,Curvance,Monad,$16.34m,16340000,4.16,0,4.16,0.91,,4.16,,0.91,,,,,
2026-04-29,110,BBQUSDT0,Morpho Blue,Arbitrum,$20.53m,20530000,4.07,4.07,3.55,,,4.07,,3.55,3192015.634161041,,656671265.96,0,"{""siUSD"":0.4,""XAUt0"":0.08,""bbqUSDC"":0,""syrupUSDC"":12.86,""sUSDS"":33.67,""weETH"":13.93,""sUSDe"":0,""WBTC"":15.97,""wsrUSD"":12.53,""wstETH"":3.59,""WETH"":6.95}"
2026-04-29,111,USDC|2026-06-04,Exactly,Op Mainnet,$1.61m,1610000,4.06,4.06,3.89,,,4.06,,3.89,,,,,
2026-04-29,112,VBUSDT,Yearn Finance,Katana,$4.46m,4460000,4.05,2.61,1.44,2.02,,1.44,,2.02,,,,,
2026-04-29,113,GTUSDCP,Morpho Blue,Base,$63.96m,63960000,4.04,4.04,4.23,,,4.04,,4.23,2855270.351223166,,62141225.07,0,"{""WBTC"":33.02,""wstETH"":65.39,""WETH"":1.59,""sUSDS"":0}"
2026-04-29,114,STEAKUSDCFARCASTER,Morpho Blue,Base,"$505,245",505245,4.04,4.04,4.23,,,4.04,,4.23,,,,,
2026-04-29,115,STEAKUSDC,Morpho Blue,Base,$98.16m,98160000,4.04,4.04,4.23,,,4.04,,4.23,347206.6059203575,,64649288.81,0,"{""WBTC"":10.4,""wstETH"":83.12,""WETH"":6.48}"
2026-04-29,116,PUSDC,Morpho Blue,Base,$25.6m,25600000,4.02,4.02,4.24,,,4.02,,4.24,25601538.636389323,,1024237165.79,2.44,"{""cbBTC"":100}"
2026-04-29,117,FRUSDC,Morpho Blue,Base,$23.76m,23760000,4.02,4.02,4.22,,,4.02,,4.22,23755575.404535566,,0,0,"{""cbBTC"":100}"
2026-04-29,118,TERMUSDC,Morpho Blue,Base,"$978,445",978445,4.02,4.02,4.22,,,4.02,,4.22,978409.8895136022,,198990867.14,0.49,"{""cbBTC"":100}"
2026-04-29,119,USDC|2026-07-02,Exactly,Op Mainnet,$1.61m,1610000,4.01,4.01,3.75,,,4.01,,3.75,,,,,
2026-04-29,120,USDC|2027-01-14,Exactly,Op Mainnet,$1.61m,1610000,3.99,3.99,3.37,,,3.99,,3.37,,,,,
2026-04-29,121,USDC,Wasabi Perps,Base,$2.13m,2130000,3.94,3.94,4.68,,,3.94,,4.68,,,,,
2026-04-29,122,BBQUSDC,Morpho Blue,Monad,$1.77m,1770000,3.9,0.97,2.93,4.38,,2.93,,4.38,7000328.163221561,,502972174.36,0,"{""PT-USDai-18JUN2026"":7.21,""weETH"":21.87,""syrupUSDC"":3.27,""WETH"":1.27,""XAUt0"":0.13,""wsrUSD"":0,""wstETH"":59.72,""WBTC"":6.53}"
2026-04-29,123,USDC|2026-12-17,Exactly,Op Mainnet,$1.61m,1610000,3.87,3.87,3.29,,,3.87,,3.29,,,,,
2026-04-29,124,GTUSDC,Morpho Blue,Katana,$4.43m,4430000,3.83,3.34,0.49,2.44,,0.49,,2.44,,,,,
2026-04-29,125,USDC|2026-09-24,Exactly,Op Mainnet,$1.61m,1610000,3.75,3.75,3.83,,,3.75,,3.83,,,,,
2026-04-29,126,USDC|2026-11-19,Exactly,Op Mainnet,$1.61m,1610000,3.75,3.75,3.65,,,3.75,,3.65,,,,,
2026-04-29,127,USDC|2026-10-22,Exactly,Op Mainnet,$1.61m,1610000,3.7,3.7,3.98,,,3.7,,3.98,,,,,
2026-04-29,128,USDC|2026-08-27,Exactly,Op Mainnet,$1.61m,1610000,3.68,3.68,3.82,,,3.68,,3.82,,,,,
2026-04-29,129,SUSDS,Sky Lending,Arbitrum,$357.92m,357920000,3.65,3.73,,,,,,3.73,,,,,
2026-04-29,130,USDC|2026-07-30,Exactly,Op Mainnet,$1.61m,1610000,3.63,3.63,3.4,,,3.63,,3.4,,,,,
2026-04-29,131,PYUSD,Kamino Lend,Solana,$11.16m,11160000,3.61,3.61,3.5,,,3.61,,3.5,,,,,
2026-04-29,132,GTUSDCC,Morpho Blue,Base,$1.76m,1760000,3.6,3.6,4.21,,,3.6,,4.21,1750584.9648526497,,6247880.88,0,"{""UBTC"":37.7,""WHYPE"":31.15,""kHYPE"":31.15}"
2026-04-29,133,SPARKUSDC,Morpho Blue,Base,$9.24m,9240000,3.6,3.6,4.2,,,3.6,,4.2,0,,,,
2026-04-29,134,AAVEGHO-USDT-USDC,Aura,Arbitrum,$4.14m,4139999.9999999995,3.59,3.26,0.33,8.8,,0.33,,8.8,,,,,
2026-04-29,135,WAARBUSDCN-WAARBUSDT-WAARBGHO|Aura,Beefy,Arbitrum,$1.69m,1690000,3.58,6.97,,,,,,6.97,,,,,
2026-04-29,136,USDY|US Dollar Yield,Ondo Yield Assets,Solana,$180.27m,180270000,3.55,3.55,3.55,3.55,,3.55,,3.55,,,,,
2026-04-29,137,USDY|US Dollar Yield,Ondo Yield Assets,Arbitrum,$5.58m,5580000,3.55,3.55,3.55,3.55,,3.55,,3.55,,,,,
2026-04-29,138,USDC,Aave V3,Base,$20.76m,20760000,3.49,3.49,3.09,,,3.49,,3.09,,,,,
2026-04-29,139,WYLDS,Hastra,Solana,$4.24m,4240000,3.31,3.31,3.29,,,3.31,,3.29,,,,,
2026-04-29,140,EARNAUSD,Neverland,Monad,$3.04m,3040000,3.27,0,3.27,3.84,,3.27,,3.84,,,,,
2026-04-29,141,CUSDO,OpenEden USDO,Solana,$5.7m,5700000,3.24,3.24,3.25,3.24,,3.25,,3.24,,,,,
2026-04-29,142,USDC-USDT|CL1 - 0.0012%,Velodrome V3,Op Mainnet,"$733,741",733741,3.08,3.08,2.6,,,3.08,,2.6,,,,,
2026-04-29,143,USDT,Aave V3,Op Mainnet,"$560,080",560080,3.05,3.05,2.22,,,3.05,,2.22,,,,,
2026-04-29,144,USDC|Compound,Beefy,Op Mainnet,"$708,032",708032,3.03,2.9,,,,,,2.9,,,,,
2026-04-29,145,USDC,Compound V3,Arbitrum,$3.37m,3370000,2.99,2.99,2.39,,,2.99,,2.39,,,,,
2026-04-29,146,USDT|Main Pool,Save,Solana,"$767,985",767985,2.95,2.95,3.29,,,2.95,,3.29,,,,,
2026-04-29,147,USDAI|For LP | Maturity 15OCT2026,Pendle,Arbitrum,"$895,838",895838,2.88,2.14,0.74,2.76,,0.74,,2.76,,,,,
2026-04-29,148,USDPY,Toros,Op Mainnet,$1.09m,1090000,2.87,1.71,,,,,,1.71,,,,,
2026-04-29,149,DAI,Aave V3,Arbitrum,"$592,844",592844,2.86,2.86,3.73,,,2.86,,3.73,,,,,
2026-04-29,150,USDS,Kamino Lend,Solana,$3m,3000000,2.81,2.81,1.64,,,2.81,,1.64,,,,,
2026-04-29,151,USDC,Revert Lend,Base,$2.57m,2570902,8.32,8.32,0,8.34,,7.02,,,2570902,,,,
2026-04-29,152,baseUSD,Tokemak,Base,$5.62m,5618190,9.09,7.180000000000001,1.91,5.91,,6.660000000000001,,,5618190,,,,
2026-04-30,1,USDC,Yearn Finance,Base,"$774,989",774989,155,155,33.19,,,155,,33.19,,,,,
2026-04-30,3,MIM-USDC|Mim,Beefy,Arbitrum,$1.19m,1190000,20.33,10.48,,,,,,10.48,,,,,
2026-04-30,4,AUGUSTUSDC,Morpho Blue,Monad,$5.73m,5730000,18.57,15.84,2.73,8.2,,2.73,,8.2,5734736.950458312,,158732006.66,3.49,"{""syzUSD"":46.67,""earnAUSD"":53.33}"
2026-04-30,5,MSUSD-FRXUSD,Aerodrome V1,Base,$1.01m,1010000,18.14,18.14,16.51,,,18.14,,16.51,,,,,
2026-04-30,6,AUSD-USDC-USDT0,Curve DEX,Monad,$2.97m,2970000,15.93,0,15.93,3.8,,15.93,,3.8,,,,,
2026-04-30,7,USDC|yoUSD,YO Protocol,Base,$18.48m,18480000,15.82,3.82,12,13.71,,12,,13.71,,,,,
2026-04-30,8,USDC|yoUSD,YO Protocol,Arbitrum,"$567,269",567269,15.82,3.82,12,13.71,,12,,13.71,,,,,
2026-04-30,9,APXUSD|For buying PT-apxUSD-18JUN2026,Pendle,Base,$3.33m,3330000,14.64,14.64,14.25,,,14.64,,14.25,,,,,
2026-04-30,10,USDC-USDM,Mento V3,Monad,"$525,201",525201,14.62,0.17,14.44,15.37,,14.44,,15.37,,,,,
2026-04-30,11,WNUSDT0-WNAUSD-WNUSDC|Balancer,Beefy,Monad,$2.94m,2940000,14.48,14.23,,,,,,14.23,,,,,
2026-04-30,12,SUPERUSDC|SuperVault,Superform,Base,$1.58m,1580000,14.43,4.72,9.72,9.02,,9.72,,9.02,,,,,
2026-04-30,13,USDC-MSUSD|stable - 0.05%,Velodrome V2,Op Mainnet,$1.09m,1090000,12.76,12.76,13.69,,,12.76,,13.69,,,,,
2026-04-30,14,USDC|Compound,Beefy,Base,$1.23m,1230000,12.49,3.3,,,,,,3.3,,,,,
2026-04-30,15,USDC|arbUSD,AUTOfinance,Arbitrum,$3.68m,3680000,12.1,10.91,1.18,10.84,,1.18,,10.84,,,,,
2026-04-30,16,AUGUSTUSDCV2,Morpho Blue,Monad,$5.73m,5730000,11.55,8.65,2.9,7.94,,2.9,,7.94,,,,,
2026-04-30,17,USDC,Sprinter,Base,$2.96m,2960000,11.35,11.21,,,,,,11.21,,,,,
2026-04-30,18,AUSD,Accountable,Monad,"$525,519",525519,11.3,6.3,5,11.3,,5,,11.3,,,,,
2026-04-30,19,MIM-USDT0|Mim,Beefy,Arbitrum,$1.09m,1090000,11.22,10.4,,,,,,10.4,,,,,
2026-04-30,20,ZVUSDC,Zircuit Finance,Base,$1.49m,1490000,10.85,10.85,8.62,,,10.85,,8.62,,,,,
2026-04-30,21,ALUSD-USDC|Curve,Stake DAO,Arbitrum,"$690,335",690335,10.17,0.03,10.14,9.63,,10.14,,9.63,,,,,
2026-04-30,22,SUSDU,Unitas,Solana,$45.27m,45270000,10.13,10.13,11.34,,,10.13,,11.34,,,,,
2026-04-30,23,AUSD|earnAUSD/AUSD,Curvance,Monad,$1.25m,1250000,9.82,7.32,2.5,7.53,,2.5,,7.53,,,,,
2026-04-30,24,AUSD,Neverland,Monad,$6.86m,6860000,9.36,4.47,4.89,9.74,,4.89,,9.74,,,,,
2026-04-30,25,MSUSD-USDC,Extra Finance Leverage Farming,Base,$1.15m,1150000,9.33,9.33,11.57,,,9.33,,11.57,,,,,
2026-04-30,26,SUSDAI|For buying PT-sUSDai-15OCT2026,Pendle,Arbitrum,$12.13m,12130000,9.17,9.17,8.24,,,9.17,,8.24,,,,,
2026-04-30,27,USDC|baseUSD,AUTOfinance,Base,$5.66m,5660000,9.09,5.22,3.87,7.8,,3.87,,7.8,,,,,
2026-04-30,28,USDT,ZEROBASE CeDeFi,Arbitrum,$7.93m,7930000,9,7,2,9,,2,,9,,,,,
2026-04-30,29,USDC,ZEROBASE CeDeFi,Arbitrum,"$783,750",783750,9,7,2,9,,2,,9,,,,,
2026-04-30,30,EDGEUSDC,Morpho Blue,Base,"$848,643",848643,8.96,6.54,2.42,5.79,,2.42,,5.79,101703.64720176144,,29893794.52,0.34,"{""wstETH"":1.37,""sUSDS"":98.63}"
2026-04-30,31,AUSD,Yearn Finance,Katana,$1.61m,1610000,8.95,8.95,4.75,,,8.95,,4.75,,,,,
2026-04-30,32,MSUSD-USDC,Aerodrome V1,Base,$7.66m,7660000,8.95,8.95,11.02,,,8.95,,11.02,,,,,
2026-04-30,33,SUSDAI|For buying PT-sUSDai-18JUN2026,Pendle,Arbitrum,$6.65m,6650000,8.93,8.93,7.88,,,8.93,,7.88,,,,,
2026-04-30,34,USDC,YieldSeeker,Base,$1.25m,1250000,8.84,8.84,9.81,,,8.84,,9.81,,,,,
2026-04-30,35,USDC|vault,Avantis,Base,$48.94m,48940000,8.81,8.81,9.99,,,8.81,,9.99,,,,,
2026-04-30,36,APXUSD|For LP | Maturity 18JUN2026,Pendle,Base,$3.33m,3330000,8.64,7.25,1.39,8.8,,1.39,,8.8,,,,,
2026-04-30,37,HYPERVBUSDCA,Morpho Blue,Katana,$1.53m,1530000,8.63,8.17,0.46,4.94,,0.46,,4.94,,,,,
2026-04-30,38,MSUSD-USDC|Aerodrome,Beefy,Base,"$683,660",683660,8.42,10.55,,,,,,10.55,,,,,
2026-04-30,39,USDAI|For buying PT-USDai-15OCT2026,Pendle,Arbitrum,"$895,106",895106,8.19,8.19,6.71,,,8.19,,6.71,,,,,
2026-04-30,40,USDC,Loopscale,Solana,$2.22m,2220000,8.05,7.02,1.03,8.56,,1.03,,8.56,,,,,
2026-04-30,41,USDC,Neverland,Monad,$15.83m,15830000,7.95,3.67,4.28,8.17,,4.28,,8.17,,,,,
2026-04-30,42,USDT0,Neverland,Monad,$4.91m,4910000,7.93,3.4,4.53,9.29,,4.53,,9.29,,,,,
2026-04-30,43,SUSDAI|For LP | Maturity 18JUN2026,Pendle,Arbitrum,$6.65m,6650000,7.92,7.13,0.79,7.26,,0.79,,7.26,,,,,
2026-04-30,44,EARNAUSD,Upshift,Monad,$34.8m,34800000,7.89,5.79,2.1,8.28,,2.1,,8.28,,,,,
2026-04-30,45,AAVEGHO-USDT-USDC,Aura,Arbitrum,$4.14m,4139999.9999999995,7.83,7.5,0.34,8.72,,0.34,,8.72,,,,,
2026-04-30,46,AUSD|vUSD/AUSD,Curvance,Monad,"$968,200",968200,7.75,4.75,3,5.93,,3,,5.93,,,,,
2026-04-30,47,SUSDAI|For LP | Maturity 15OCT2026,Pendle,Arbitrum,$12.13m,12130000,7.74,7.21,0.53,7.48,,0.53,,7.48,,,,,
2026-04-30,48,WAARBUSDCN-WAARBUSDT-WAARBGHO|Aura,Beefy,Arbitrum,$1.7m,1700000,7.74,6.86,,,,,,6.86,,,,,
2026-04-30,49,SYZUSD,Yuzu Money,Monad,$13.04m,13040000,7.69,7.69,7.51,,,7.69,,7.51,,,,,
2026-04-30,50,BBQUSDT0,Morpho Blue,Monad,$5.85m,5850000,7.64,4.24,3.39,6.87,,3.39,,6.87,70766.09156686933,,659515272.76,0,"{""sUSDe"":0.04,""weETH"":3.63,""siUSD"":0.13,""XAUt0"":0.24,""bbqUSDC"":0,""WBTC"":0.42,""wsrUSD"":4.02,""wstETH"":89.76,""WETH"":1.75}"
2026-04-30,51,SUSDAI|30d unlock,USD AI,Arbitrum,$266.69m,266690000,7.27,7.27,6.75,,,7.27,,6.75,,,,,
2026-04-30,52,HYPERUSDCA,Morpho Blue,Monad,$16.22m,16219999.999999998,7.18,4.47,2.71,7.06,,2.71,,7.06,817285.1708777222,,199152710.57,0,"{""PT-thBILL-18JUN2026"":10.67,""PT-USDai-18JUN2026"":24.96,""PT-sUSDai-18JUN2026"":13.38,""thBILL"":10.24,""WBTC"":19.82,""WETH"":1.29,""PT-sUSDai-19FEB2026"":0,""sUSDai"":3.58,""sUSDS"":1.02,""weETH"":15.05}"
2026-04-30,53,HYPERUSDCA,Morpho Blue,Arbitrum,"$817,262",817262,7,7,4.39,,,7,,4.39,817285.1708777222,,199152710.57,0,"{""PT-thBILL-18JUN2026"":10.67,""PT-USDai-18JUN2026"":24.96,""PT-sUSDai-18JUN2026"":13.38,""thBILL"":10.24,""WBTC"":19.82,""WETH"":1.29,""PT-sUSDai-19FEB2026"":0,""sUSDai"":3.58,""sUSDS"":1.02,""weETH"":15.05}"
2026-04-30,54,FEUSDE,Morpho Blue,Hyperliquid L1,"$802,010",802010,6.9,6.9,9.99,,,6.9,,9.99,801180.9346367497,,16182312.88,4.72,"{""UBTC"":40.97,""WHYPE"":59.03}"
2026-04-30,55,FEUSDT0,Morpho Blue,Hyperliquid L1,$11.2m,11200000,6.88,6.88,7.21,,,6.88,,7.21,11366740.01569783,,95886203.52,10.6,"{""PT-kHYPE-19MAR2026"":5.94,""beHYPE"":0.45,""UBTC"":7.13,""WHYPE"":33.51,""kHYPE"":52.41,""wstHYPE"":0.56}"
2026-04-30,56,USDC,DeltaPrime,Arbitrum,"$693,298",693298,6.86,6.86,6.37,,,6.86,,6.37,,,,,
2026-04-30,57,USDC,MortgageFi,Base,"$738,987",738987,6.75,9.38,,,,,,9.38,,,,,
2026-04-30,58,DTUSDC,Lagoon,Base,"$684,225",684225,6.63,6.63,5.73,,,6.63,,5.73,,,,,
2026-04-30,59,BBQUSD1,Morpho Blue,Monad,$1.35m,1350000,6.61,2.57,4.04,120,,4.04,,120,1353486.302169161,,48637270.45,0,"{""wsrUSD"":100}"
2026-04-30,60,USDC-MUSD|CL10 - 0.05%,Aerodrome Slipstream,Base,$1.12m,1120000,6.54,6.54,16.82,,,6.54,,16.82,,,,,
2026-04-30,61,USDC|Euler Earn USDC,Euler V2,Arbitrum,"$612,849",612849,6.5,6.5,3.45,,,6.5,,3.45,,,,,
2026-04-30,62,BBQUSDC,Morpho Blue,Arbitrum,$3.46m,3460000,6.41,6.41,3.63,,,6.41,,3.63,3457398.6804214343,,506466070.21,0,"{""PT-USDai-18JUN2026"":0.31,""weETH"":45.77,""syrupUSDC"":4.53,""XAUt0"":0.24,""wsrUSD"":0,""wstETH"":49,""WBTC"":0.16,""siUSD"":0}"
2026-04-30,63,GTUSDCP,Morpho Blue,Arbitrum,$3.06m,3060000,6.36,6.36,3.42,,,6.36,,3.42,3071138.949342812,,61919107.09,0,"{""WBTC"":41.26,""sUSDS"":0,""wstETH"":58.17,""WETH"":0.57}"
2026-04-30,64,AUSD|syzUSD/AUSD,Curvance,Monad,"$985,188",985188,6.35,4.35,2,6.64,,2,,6.64,,,,,
2026-04-30,65,USDC,Compound V3,Base,"$854,656",854656,6.32,6.32,3.62,,,6.32,,3.62,,,,,
2026-04-30,66,FEUSDH2,Morpho Blue,Hyperliquid L1,$10.18m,10180000,6.24,6.24,6.97,,,6.24,,6.97,10200184.185706375,,29779014.13,25.51,"{""kHYPE"":29.65,""WHYPE"":57.24,""wstHYPE"":13.11}"
2026-04-30,67,USDAI|For buying PT-USDai-18JUN2026,Pendle,Arbitrum,$36.31m,36310000,6.23,6.23,5.76,,,6.23,,5.76,,,,,
2026-04-30,68,FEUSDC2,Morpho Blue,Hyperliquid L1,$18.77m,18770000,6.13,6.13,7.02,,,6.13,,7.02,18778033.005483367,,31210139.29,37.56,"{""wstHYPE"":1.31,""kHYPE"":15.06,""WHYPE"":83.62}"
2026-04-30,69,USDC,Fluid Lending,Arbitrum,$36.09m,36090000,6.02,5.2,0.82,6.08,,0.82,,6.08,,,,,
2026-04-30,70,USDC,Fluid Lending,Base,$11.94m,11940000,5.98,4.27,1.71,6.4,,1.71,,6.4,,,,,
2026-04-30,71,USDC|Arcadia V2 USDC Pool,Arcadia V2,Base,"$552,123",552123,5.88,5.88,8.92,,,5.88,,8.92,,,,,
2026-04-30,72,USDC,Gains Network,Arbitrum,$5.34m,5340000,5.63,5.63,6.73,,,5.63,,6.73,,,,,
2026-04-30,73,USDG,Kamino Lend,Solana,$1.58m,1580000,5.61,5.61,5.71,,,5.61,,5.71,,,,,
2026-04-30,74,USDC,Extra Finance Leverage Farming,Base,$4.04m,4040000,5.6,5.6,5.46,,,5.6,,5.46,,,,,
2026-04-30,75,BBQUSDC,Morpho Blue,Base,$19.97m,19970000,5.57,5.57,5.47,,,5.57,,5.47,3457398.6804214343,,506466070.21,0,"{""PT-USDai-18JUN2026"":0.31,""weETH"":45.77,""syrupUSDC"":4.53,""XAUt0"":0.24,""wsrUSD"":0,""wstETH"":49,""WBTC"":0.16,""siUSD"":0}"
2026-04-30,76,USDC-ALUSD|stable - 0.05%,Velodrome V2,Op Mainnet,$1.65m,1650000,5.54,5.54,5.6,,,5.54,,5.6,,,,,
2026-04-30,77,FEUSDH,Morpho Blue,Hyperliquid L1,$4.31m,4310000,5.4,5.4,6.94,,,5.4,,6.94,4311380.30420898,,35667818.02,10.78,"{""kHYPE"":11.79,""UBTC"":9.47,""WHYPE"":78.74}"
2026-04-30,78,GTUSDCP,Morpho Blue,Op Mainnet,$8.69m,8690000,5.35,3.13,2.22,4.69,,2.22,,4.69,3071138.949342812,,61919107.09,0,"{""WBTC"":41.26,""sUSDS"":0,""wstETH"":58.17,""WETH"":0.57}"
2026-04-30,79,USDC,HyperLend Pooled,Hyperliquid L1,$10.46m,10460000,5.3,5.3,4.43,,,5.3,,4.43,,,,,
2026-04-30,80,USDT,ZEROBASE CeDeFi,Op Mainnet,$8.1m,8100000,5.3,3.3,2,5.3,,2,,5.3,,,,,
2026-04-30,81,CSUSDC,Morpho Blue,Base,$3.65m,3650000,5.28,5.28,5.51,,,5.28,,5.51,558.3563831174685,,75978474.9,0,"{""weETH"":0.06,""wstETH"":99.94}"
2026-04-30,82,USDC|Morpho,Beefy,Base,$1.18m,1180000,5.24,4.91,,,,,,4.91,,,,,
2026-04-30,83,USDC|40 Acres,Harvest Finance,Base,$1.97m,1970000,5.2,5.2,6.6,,,5.2,,6.6,,,,,
2026-04-30,84,GTUSDCC,Morpho Blue,Arbitrum,$3.48m,3480000,5.18,5.18,3.37,,,5.18,,3.37,1705910.2759873962,,6292197.29,0,"{""UBTC"":36.06,""WHYPE"":31.97,""kHYPE"":31.97}"
2026-04-30,85,GTUSDCC,Morpho Blue,Hyperliquid L1,$1.71m,1710000,5.14,5.14,6.09,,,5.14,,6.09,1705910.2759873962,,6292197.29,0,"{""UBTC"":36.06,""WHYPE"":31.97,""kHYPE"":31.97}"
2026-04-30,86,FEUSDC,Morpho Blue,Hyperliquid L1,$19.62m,19620000,5.08,5.08,5.85,,,5.08,,5.85,19617379.70732171,,74360384.2,20.87,"{""kHYPE"":96.4,""UBTC"":1.57,""WHYPE"":1.98,""PT-kHYPE-19MAR2026"":0.04}"
2026-04-30,87,USDC,Wasabi Perps,Solana,"$746,473",746473,5.04,5.04,6.41,,,5.04,,6.41,,,,,
2026-04-30,88,MWUSDC,Morpho Blue,Base,$9.56m,9560000,5,4.04,0.96,4.3,,0.96,,4.3,23134.38294413646,,,,"{""Unknown"":100}"
2026-04-30,89,YCSUSDC,Morpho Blue,Base,"$507,442",507442,4.96,4.96,5.55,,,4.96,,5.55,513319.54323128535,,107469466.62,0,"{""wstETH"":0.98,""cbETH"":4,""WETH"":0.01,""rETH"":0.92,""cbADA"":29.54,""cbBTC"":1.77,""cbDOGE"":35.15,""cbLTC"":11.8,""cbXRP"":14.32,""superOETHb"":1.5}"
2026-04-30,90,USDC,Harmonix Finance,Arbitrum,"$819,469",819469,4.91,4.91,5.48,,,4.91,,5.48,,,,,
2026-04-30,91,GHO,Fluid Lending,Base,"$850,339",850339,4.89,4.89,3.45,,,4.89,,3.45,,,,,
2026-04-30,92,GTUSDCF,Morpho Blue,Base,$1.12m,1120000,4.88,4.88,5.26,,,4.88,,5.26,1903351.771984791,,109678724.86,0,"{""cbXRP"":34.94,""cbADA"":21.83,""cbBTC"":43.23}"
2026-04-30,93,USDC|SuperchargerV2,WOOFi Earn,Base,"$652,705",652705,4.87,4.87,4.86,,,4.87,,4.86,,,,,
2026-04-30,94,VBUSDC,Yearn Finance,Katana,$14.68m,14680000,4.8,1.99,2.81,2.18,,2.81,,2.18,,,,,
2026-04-30,95,USDC|SuperchargerV2,WOOFi Earn,Arbitrum,"$896,789",896789,4.74,4.74,4.72,,,4.74,,4.72,,,,,
2026-04-30,96,USDC|Euler Earn USDC,Euler V2,Monad,"$505,916",505916,4.73,2.23,2.5,3.35,,2.5,,3.35,,,,,
2026-04-30,97,USDC,Moonwell Lending,Base,$2.81m,2810000,4.65,3.42,1.23,4.43,,1.23,,4.43,,,,,
2026-04-30,98,USDC,Aave V3,Arbitrum,$13.48m,13480000,4.58,4.58,3.52,,,4.58,,3.52,,,,,
2026-04-30,99,BBQUSDC,Morpho Blue,Monad,$1.98m,1980000,4.57,1.86,2.71,4.4,,2.71,,4.4,3457398.6804214343,,506466070.21,0,"{""PT-USDai-18JUN2026"":0.31,""weETH"":45.77,""syrupUSDC"":4.53,""XAUt0"":0.24,""wsrUSD"":0,""wstETH"":49,""WBTC"":0.16,""siUSD"":0}"
2026-04-30,100,USDC,Wasabi Perps,Base,$2.13m,2130000,4.56,4.56,4.69,,,4.56,,4.69,,,,,
2026-04-30,101,USDC|Dolomite Balance,Dolomite,Arbitrum,$1.39m,1390000,4.53,4.53,5.51,,,4.53,,5.51,,,,,
2026-04-30,102,GHO,Fluid Lending,Arbitrum,$3m,3000000,4.41,4.41,6.08,,,4.41,,6.08,,,,,
2026-04-30,103,USDC|Autopilot,Harvest Finance,Base,"$633,520",633520,4.41,4.41,5.06,,,4.41,,5.06,,,,,
2026-04-30,104,USDC,Kamino Lend,Solana,$8.08m,8080000,4.37,4.37,3.69,,,4.37,,3.69,,,,,
2026-04-30,105,FEUSDT02,Morpho Blue,Hyperliquid L1,$2.45m,2450000,4.26,4.26,7.33,,,4.26,,7.33,2442217.6673961366,,54533260.65,4.29,"{""thBILL"":52.66,""hwHLP"":2.92,""WHLP"":0.51,""kHYPE"":24.18,""WHYPE"":2.28,""hbUSDT"":2.84,""UETH"":8.09,""UBTC"":6.51,""PT-hbUSDT-18DEC2025"":0.02}"
2026-04-30,106,USDC|Harvest USDC vault Base,Fusion by IPOR,Base,"$633,571",633571,4.13,4.13,4.76,,,4.13,,4.76,,,,,
2026-04-30,107,USDC|2026-06-04,Exactly,Op Mainnet,$1.6m,1600000,4.06,4.06,3.9,,,4.06,,3.9,,,,,
2026-04-30,108,GTUSDC,Morpho Blue,Katana,$4.43m,4430000,4.06,3.58,0.48,2.53,,0.48,,2.53,,,,,
2026-04-30,109,GTUSDCP,Morpho Blue,Base,$354.29m,354290000,4.04,4.04,4.24,,,4.04,,4.24,3071138.949342812,,61919107.09,0,"{""WBTC"":41.26,""sUSDS"":0,""wstETH"":58.17,""WETH"":0.57}"
2026-04-30,110,STEAKUSDC,Morpho Blue,Base,$473.52m,473520000,4.04,4.04,4.24,,,4.04,,4.24,139848.87149390232,,64850397.16,0,"{""WBTC"":12.44,""wstETH"":70.46,""WETH"":17.1}"
2026-04-30,111,PUSDC,Morpho Blue,Base,$26.06m,26060000,4.04,4.04,4.24,,,4.04,,4.24,25976962.451712184,,1023854403.68,2.47,"{""cbBTC"":100}"
2026-04-30,112,FRUSDC,Morpho Blue,Base,$23.76m,23760000,4.04,4.04,4.2,,,4.04,,4.2,23758299.637633756,,0,0,"{""cbBTC"":100}"
2026-04-30,113,TERMUSDC,Morpho Blue,Base,"$978,611",978611,4.04,4.04,4.2,,,4.04,,4.2,978617.9670359582,,198989261.3,0.49,"{""cbBTC"":100}"
2026-04-30,114,STEAKUSDCFARCASTER,Morpho Blue,Base,"$504,254",504254,4.04,4.04,4.23,,,4.04,,4.23,,,,,
2026-04-30,115,USDC|2026-07-02,Exactly,Op Mainnet,$1.6m,1600000,4.03,4.03,3.77,,,4.03,,3.77,,,,,
2026-04-30,116,USDC|2027-01-14,Exactly,Op Mainnet,$1.6m,1600000,3.99,3.99,3.4,,,3.99,,3.4,,,,,
2026-04-30,117,VBUSDT,Yearn Finance,Katana,$4.54m,4540000,3.91,2.65,1.26,2.1,,1.26,,2.1,,,,,
2026-04-30,118,USDC|2026-12-17,Exactly,Op Mainnet,$1.6m,1600000,3.89,3.89,3.43,,,3.89,,3.43,,,,,
2026-04-30,119,USDC|2026-09-24,Exactly,Op Mainnet,$1.6m,1600000,3.8,3.8,3.82,,,3.8,,3.82,,,,,
2026-04-30,120,USDC|2026-11-19,Exactly,Op Mainnet,$1.6m,1600000,3.77,3.77,3.65,,,3.77,,3.65,,,,,
2026-04-30,121,USDC|2026-10-22,Exactly,Op Mainnet,$1.6m,1600000,3.76,3.76,3.96,,,3.76,,3.96,,,,,
2026-04-30,122,SUSDAI-USDC,Curve DEX,Arbitrum,$3.76m,3760000,3.76,3.76,4.3,,,3.76,,4.3,,,,,
2026-04-30,123,USDC|2026-08-27,Exactly,Op Mainnet,$1.6m,1600000,3.75,3.75,3.81,,,3.75,,3.81,,,,,
2026-04-30,124,AAVEUSDC-AAVEGHO,Aura,Base,$4.18m,4179999.9999999995,3.75,3.11,0.64,6.52,,0.64,,6.52,,,,,
2026-04-30,125,USDC|2026-07-30,Exactly,Op Mainnet,$1.6m,1600000,3.71,3.71,3.38,,,3.71,,3.38,,,,,
2026-04-30,126,USDY,Toros,Base,"$888,588",888588,3.71,4.2,,,,,,4.2,,,,,
2026-04-30,127,WABASGHO-WABASUSDC|Aura,Beefy,Base,$1.03m,1030000,3.7,5.75,,,,,,5.75,,,,,
2026-04-30,128,SUSDS,Sky Lending,Arbitrum,$357.94m,357940000,3.65,3.72,,,,,,3.72,,,,,
2026-04-30,129,SPARKUSDC,Morpho Blue,Base,$9.25m,9250000,3.62,3.62,4.18,,,3.62,,4.18,0,,,,
2026-04-30,130,GTUSDCC,Morpho Blue,Base,$1.77m,1770000,3.62,3.62,4.19,,,3.62,,4.19,1705910.2759873962,,6292197.29,0,"{""UBTC"":36.06,""WHYPE"":31.97,""kHYPE"":31.97}"
2026-04-30,131,EARNAUSD|earnAUSD/AUSD,Curvance,Monad,$17.17m,17170000,3.6,0,3.6,1.06,,3.6,,1.06,,,,,
2026-04-30,132,USDY|US Dollar Yield,Ondo Yield Assets,Solana,$180.31m,180310000,3.55,3.55,3.55,3.55,,3.55,,3.55,,,,,
2026-04-30,133,USDY|US Dollar Yield,Ondo Yield Assets,Arbitrum,$5.58m,5580000,3.55,3.55,3.55,3.55,,3.55,,3.55,,,,,
2026-04-30,134,GTUSDCC,Morpho Blue,Unichain,$1.14m,1140000,3.43,3.43,6.75,,,3.43,,6.75,1705910.2759873962,,6292197.29,0,"{""UBTC"":36.06,""WHYPE"":31.97,""kHYPE"":31.97}"
2026-04-30,135,USDC,Aave V3,Base,$23.7m,23700000,3.37,3.37,3.13,,,3.37,,3.13,,,,,
2026-04-30,136,GTUSDT,Morpho Blue,Katana,$64.04m,64040000.00000001,3.34,2.96,0.38,1.39,,0.38,,1.39,9.995614495534443e-7,,39982.46,0,"{""WHYPE"":100}"
2026-04-30,137,WYLDS,Hastra,Solana,$4.34m,4340000,3.29,3.29,3.29,,,3.29,,3.29,,,,,
2026-04-30,138,CUSDO,OpenEden USDO,Solana,$5.7m,5700000,3.24,3.24,3.24,3.24,,3.24,,3.24,,,,,
2026-04-30,139,USDC-USDT|0.01%,Uniswap V3,Arbitrum,$2.52m,2520000,3.15,3.15,2.39,3.8,,2.39,,3.8,,,,,
2026-04-30,140,EARNAUSD,Neverland,Monad,$3.04m,3040000,3.04,0,3.04,3.78,,3.04,,3.78,,,,,
2026-04-30,141,USDC|Compound,Beefy,Op Mainnet,"$708,032",708032,3.03,2.9,,,,,,2.9,,,,,
2026-04-30,142,MSUSD-USDC|CL50 - 0.05%,Aerodrome Slipstream,Base,$19.71m,19710000,2.98,0.68,2.3,0.53,3.81,0.53,,3.81,,,,,
2026-04-30,143,USDC,Compound V3,Arbitrum,$3.2m,3200000,2.96,2.96,2.41,,,2.96,,2.41,,,,,
2026-04-30,144,USDT|Main Pool,Save,Solana,"$767,721",767721,2.95,2.95,3.3,,,2.95,,3.3,,,,,
2026-04-30,145,USDAI|For LP | Maturity 15OCT2026,Pendle,Arbitrum,"$895,106",895106,2.85,2.11,0.75,2.69,,0.75,,2.69,,,,,
2026-04-30,146,USDT,Aave V3,Op Mainnet,"$764,379",764379,2.79,2.79,2.27,,,2.79,,2.27,,,,,
2026-04-30,147,GTAUSD,Morpho Blue,Katana,"$762,537",762537,2.66,2.66,0.81,,,2.66,,0.81,,,,,
2026-04-30,148,BBQUSDT0,Morpho Blue,Arbitrum,$20.3m,20300000,2.6,2.6,3.57,,,2.6,,3.57,70766.09156686933,,659515272.76,0,"{""sUSDe"":0.04,""weETH"":3.63,""siUSD"":0.13,""XAUt0"":0.24,""bbqUSDC"":0,""WBTC"":0.42,""wsrUSD"":4.02,""wstETH"":89.76,""WETH"":1.75}"
2026-04-30,149,USDC|Main Pool,Save,Solana,$7.65m,7650000,2.51,2.51,2.61,,,2.51,,2.61,,,,,
2026-04-30,150,USDT,Compound V3,Op Mainnet,$1.15m,1150000,2.49,2.49,2.09,,,2.49,,2.09,,,,,
2026-04-30,151,USDC,Revert Lend,Base,$2.48m,2481816,8.14,8.14,0,8.21,,7.090000000000001,,,2481816,,,,
2026-04-30,152,baseUSD,Tokemak,Base,$5.67m,5668414,1.78,-0.13999999999999999,1.92,6.4799999999999995,,6.550000000000001,,,5668414,,,,
2026-05-01,1,USDC,Yearn Finance,Base,"$774,911",774911,155,155,39.18,,,155,,39.18,,,,,
2026-05-01,3,MIM-USDC|Mim,Beefy,Arbitrum,$1.2m,1200000,20.05,10.98,,,,,,10.98,,,,,
2026-05-01,4,MSUSD-FRXUSD,Aerodrome V1,Base,$1.03m,1030000,17.41,17.41,16.51,,,17.41,,16.51,,,,,
2026-05-01,5,USDC-USDT|CL1 - 0.0009%,Aerodrome Slipstream,Base,$1.13m,1130000,17.16,16.37,0.79,11.59,9.45,11.59,,9.45,,,,,
2026-05-01,6,USDC|yoUSD,YO Protocol,Base,$18.69m,18690000,15.96,3.96,12,13.68,,12,,13.68,,,,,
2026-05-01,7,USDC|yoUSD,YO Protocol,Arbitrum,"$586,522",586522,15.96,3.96,12,13.68,,12,,13.68,,,,,
2026-05-01,8,AUSD-USDC-USDT0,Curve DEX,Monad,$2.95m,2950000,15.65,0,15.65,4.41,,15.65,,4.41,,,,,
2026-05-01,9,SUPERUSDC|SuperVault,Superform,Base,$1.9m,1900000,15.41,4.51,10.9,9.46,,10.9,,9.46,,,,,
2026-05-01,10,APXUSD|For buying PT-apxUSD-18JUN2026,Pendle,Base,$3.36m,3360000,14.52,14.52,14.26,,,14.52,,14.26,,,,,
2026-05-01,11,USDC-USDM,Mento V3,Monad,"$525,146",525146,14.49,0.04,14.44,15.3,,14.44,,15.3,,,,,
2026-05-01,12,USDC-MSUSD|stable - 0.05%,Velodrome V2,Op Mainnet,$1.06m,1060000,13.14,13.14,13.54,,,13.14,,13.54,,,,,
2026-05-01,13,WNUSDT0-WNAUSD-WNUSDC|Balancer,Beefy,Monad,$3m,3000000,12.82,14.36,,,,,,14.36,,,,,
2026-05-01,14,USDC|Compound,Beefy,Base,$1.23m,1230000,12.49,3.32,,,,,,3.32,,,,,
2026-05-01,15,USDC|arbUSD,AUTOfinance,Arbitrum,$3.64m,3640000,11.96,10.73,1.23,11.12,,1.23,,11.12,,,,,
2026-05-01,16,USDC,Sprinter,Base,$2.96m,2960000,11.35,11.32,,,,,,11.32,,,,,
2026-05-01,17,MIM-USDT0|Mim,Beefy,Arbitrum,$1.09m,1090000,11.09,10.42,,,,,,10.42,,,,,
2026-05-01,18,SUSDU,Unitas,Solana,$43.76m,43760000,10.5,10.5,11.27,,,10.5,,11.27,,,,,
2026-05-01,19,USDC-MUSD|CL10 - 0.05%,Aerodrome Slipstream,Base,$1.13m,1130000,10.27,10.27,15.71,,,10.27,,15.71,,,,,
2026-05-01,20,ALUSD-USDC,Curve DEX,Arbitrum,"$727,049",727049,10.23,0.02,10.21,9.39,,10.21,,9.39,,,,,
2026-05-01,21,AUSD,Neverland,Monad,$7.21m,7210000,9.46,4.43,5.03,9.7,,5.03,,9.7,,,,,
2026-05-01,22,SUSDAI|For buying PT-sUSDai-15OCT2026,Pendle,Arbitrum,$11.77m,11770000,9.23,9.23,8.32,,,9.23,,8.32,,,,,
2026-05-01,23,MSUSD-USDC,Extra Finance Leverage Farming,Base,$1.12m,1120000,9.16,9.16,11.46,,,9.16,,11.46,,,,,
2026-05-01,24,SUSDAI|For buying PT-sUSDai-18JUN2026,Pendle,Arbitrum,$6.33m,6330000,9.04,9.04,7.98,,,9.04,,7.98,,,,,
2026-05-01,25,USDT,ZEROBASE CeDeFi,Arbitrum,$7.93m,7930000,9,7,2,9,,2,,9,,,,,
2026-05-01,26,USDC,ZEROBASE CeDeFi,Arbitrum,"$783,314",783314,9,7,2,9,,2,,9,,,,,
2026-05-01,27,AUSD,Yearn Finance,Katana,$1.61m,1610000,8.98,8.98,5.04,,,8.98,,5.04,,,,,
2026-05-01,28,USDC|baseUSD,AUTOfinance,Base,$5.67m,5670000,8.95,5.11,3.84,7.9,,3.84,,7.9,,,,,
2026-05-01,29,USDC|vault,Avantis,Base,$48.69m,48690000,8.88,8.88,10.04,,,8.88,,10.04,,,,,
2026-05-01,30,MSUSD-USDC,Aerodrome V1,Base,$7.64m,7640000,8.79,8.79,10.93,,,8.79,,10.93,,,,,
2026-05-01,31,HYPERVBUSDCA,Morpho Blue,Katana,$1.53m,1530000,8.63,8.17,0.46,4.97,,0.46,,4.97,,,,,
2026-05-01,32,APXUSD|For LP | Maturity 18JUN2026,Pendle,Base,$3.36m,3360000,8.6,7.06,1.54,8.79,,1.54,,8.79,,,,,
2026-05-01,33,AUSD|earnAUSD/AUSD,Curvance,Monad,$2.31m,2310000,8.47,6.2,2.27,7.64,,2.27,,7.64,,,,,
2026-05-01,34,USDT0,Neverland,Monad,$4.64m,4640000,8.29,3.49,4.8,9.25,,4.8,,9.25,,,,,
2026-05-01,35,MSUSD-USDC|Aerodrome,Beefy,Base,"$683,790",683790,8.28,10.45,,,,,,10.45,,,,,
2026-05-01,36,USDC,YieldSeeker,Base,$1.26m,1260000,8.27,8.27,9.66,,,8.27,,9.66,,,,,
2026-05-01,37,USDC,Neverland,Monad,$15.76m,15760000,8.12,3.7,4.42,8.14,,4.42,,8.14,,,,,
2026-05-01,38,SUSDAI|For LP | Maturity 18JUN2026,Pendle,Arbitrum,$6.33m,6330000,8.09,7.16,0.93,7.34,,0.93,,7.34,,,,,
2026-05-01,39,BBQAUSD,Morpho Blue,Monad,"$905,833",905833,8.03,1.3,6.73,8.64,,6.73,,8.64,918632.5103760854,,229015325.32,0,"{""XAUt0"":0.98,""wstETH"":11.76,""wsrUSD"":38.19,""WBTC"":49.07}"
2026-05-01,40,EARNAUSD,Upshift,Monad,$34.73m,34730000,7.97,5.93,2.04,8.22,,2.04,,8.22,,,,,
2026-05-01,41,USDC,Loopscale,Solana,$2.04m,2040000,7.75,6.72,1.03,8.55,,1.03,,8.55,,,,,
2026-05-01,42,SUSDAI|For LP | Maturity 15OCT2026,Pendle,Arbitrum,$11.77m,11770000,7.74,7.13,0.61,7.51,,0.61,,7.51,,,,,
2026-05-01,43,AUGUSTUSDC,Morpho Blue,Monad,$5.16m,5160000,7.66,4.8,2.86,8.29,,2.86,,8.29,5157093.759804718,,159290358.63,3.14,"{""syzUSD"":44.73,""earnAUSD"":55.27}"
2026-05-01,44,HYPERUSDCA,Morpho Blue,Monad,$15.24m,15240000,7.65,4.79,2.86,7.09,,2.86,,7.09,809845.7049788067,,199130517.5,0,"{""PT-thBILL-18JUN2026"":10.91,""PT-USDai-18JUN2026"":28.08,""PT-sUSDai-18JUN2026"":11.85,""thBILL"":9.7,""WBTC"":18.52,""WETH"":1.48,""PT-sUSDai-19FEB2026"":0,""sUSDai"":3.33,""sUSDS"":0.94,""weETH"":15.18}"
2026-05-01,45,SYZUSD,Yuzu Money,Monad,$13.11m,13110000,7.5,7.5,7.52,,,7.5,,7.52,,,,,
2026-05-01,46,USDAI|For buying PT-USDai-15OCT2026,Pendle,Arbitrum,"$885,181",885181,7.45,7.45,6.81,,,7.45,,6.81,,,,,
2026-05-01,47,AUGUSTUSDCV2,Morpho Blue,Monad,$5.73m,5730000,7.43,4.57,2.86,8.03,,2.86,,8.03,,,,,
2026-05-01,48,SUSDAI|30d unlock,USD AI,Arbitrum,$268.76m,268760000,7.26,7.26,6.8,,,7.26,,6.8,,,,,
2026-05-01,49,USDC|40 Acres,Harvest Finance,Base,$1.97m,1970000,7.25,7.25,6.65,,,7.25,,6.65,,,,,
2026-05-01,50,FEUSDE,Morpho Blue,Hyperliquid L1,"$801,229",801229,6.99,6.99,9.58,,,6.99,,9.58,799198.6961981526,,16184103.4,4.71,"{""UBTC"":41.07,""WHYPE"":58.93}"
2026-05-01,51,USDC,DeltaPrime,Arbitrum,"$693,333",693333,6.86,6.86,6.39,,,6.86,,6.39,,,,,
2026-05-01,52,FEUSDH2,Morpho Blue,Hyperliquid L1,$10.28m,10280000,6.83,6.83,6.95,,,6.83,,6.95,10291408.780194758,,29715474.45,25.72,"{""kHYPE"":28.94,""WHYPE"":57.92,""wstHYPE"":13.14}"
2026-05-01,53,ZVUSDC,Zircuit Finance,Base,$1.49m,1490000,6.74,6.74,8.67,,,6.74,,8.67,,,,,
2026-05-01,54,AUSD|vUSD/AUSD,Curvance,Monad,$1.47m,1470000,6.72,3.99,2.73,6.01,,2.73,,6.01,,,,,
2026-05-01,55,DTUSDC,Lagoon,Base,"$684,225",684225,6.63,6.63,5.69,,,6.63,,5.69,,,,,
2026-05-01,56,USDC,MortgageFi,Base,"$746,490",746490,6.57,9.3,,,,,,9.3,,,,,
2026-05-01,57,AUSD|syzUSD/AUSD,Curvance,Monad,"$912,934",912934,6.55,4.55,2,6.68,,2,,6.68,,,,,
2026-05-01,58,SUSDP|saving,Parallel Protocol V3,Hyperliquid L1,"$511,103",511103,6.5,6.5,6.5,,,6.5,,6.5,,,,,
2026-05-01,59,FEUSDC2,Morpho Blue,Hyperliquid L1,$19.03m,19030000,6.44,6.44,6.93,,,6.44,,6.93,19061019.82834623,,30919948.84,38.14,"{""wstHYPE"":1.32,""kHYPE"":16.38,""WHYPE"":82.3}"
2026-05-01,60,FEUSDT02,Morpho Blue,Hyperliquid L1,$1.98m,1980000,6.43,6.43,7.33,,,6.43,,7.33,1982680.4999771386,,54995341.16,3.48,"{""hbUSDT"":3.01,""thBILL"":55.19,""UBTC"":7.21,""UETH"":8.85,""WHYPE"":1.56,""kHYPE"":20.44,""hwHLP"":3.08,""WHLP"":0.63,""PT-hbUSDT-18DEC2025"":0.02}"
2026-05-01,61,EDGEUSDC,Morpho Blue,Base,"$873,923",873923,6.35,3.9,2.45,5.85,,2.45,,5.85,101698.3366318524,,29889354.95,0.34,"{""wstETH"":1.37,""sUSDS"":98.63}"
2026-05-01,62,USDC|Euler Earn USDC,Euler V2,Monad,"$505,516",505516,6.27,3.77,2.5,3.53,,2.5,,3.53,,,,,
2026-05-01,63,FEUSDC,Morpho Blue,Hyperliquid L1,$19.17m,19170000,6.26,6.26,5.86,,,6.26,,5.86,19165687.320203353,,74798533.79,20.4,"{""kHYPE"":96.73,""UBTC"":1.2,""WHYPE"":2.03,""PT-kHYPE-19MAR2026"":0.04}"
2026-05-01,64,USDAI|For buying PT-USDai-18JUN2026,Pendle,Arbitrum,$36.31m,36310000,6.24,6.24,5.81,,,6.24,,5.81,,,,,
2026-05-01,65,USDG,Kamino Lend,Solana,$1.43m,1430000,6.19,6.19,5.79,,,6.19,,5.79,,,,,
2026-05-01,66,USDC,Fluid Lending,Base,$12.55m,12550000,6.16,4.44,1.72,6.4,,1.72,,6.4,,,,,
2026-05-01,67,FEUSDT0,Morpho Blue,Hyperliquid L1,$11.68m,11680000,6.16,6.16,7.23,,,6.16,,7.23,11674219.678008009,,95583508.7,10.88,"{""PT-kHYPE-19MAR2026"":5.74,""beHYPE"":0.44,""UBTC"":7.05,""WHYPE"":32.9,""kHYPE"":53.33,""wstHYPE"":0.54}"
2026-05-01,68,CSUSDC,Morpho Blue,Base,$3.6m,3600000,6.13,6.13,5.4,,,6.13,,5.4,558.3875320415759,,75979373.3,0,"{""weETH"":0.06,""wstETH"":99.94}"
2026-05-01,69,GTUSDCC,Morpho Blue,Hyperliquid L1,$1.77m,1770000,6.05,6.05,6.08,,,6.05,,6.08,1771213.5092279885,,6225741.48,0,"{""UBTC"":38.42,""WHYPE"":30.79,""kHYPE"":30.8}"
2026-05-01,70,BBQUSD1,Morpho Blue,Monad,$1.21m,1210000,5.88,1.53,4.35,117,,4.35,,117,1209873.286423381,,48776872.27,0,"{""wsrUSD"":100}"
2026-05-01,71,FEUSDH,Morpho Blue,Hyperliquid L1,$4.49m,4490000,5.86,5.86,7.05,,,5.86,,7.05,4488693.645270149,,35518189.58,11.22,"{""UBTC"":9.25,""kHYPE"":11.09,""WHYPE"":79.65}"
2026-05-01,72,BBQUSDC,Morpho Blue,Arbitrum,$12.84m,12840000,5.8,5.8,3.48,,,5.8,,3.48,3460955.841473689,,506386950.09,0,"{""PT-USDai-18JUN2026"":0,""weETH"":44.87,""syrupUSDC"":3.69,""WETH"":0.1,""XAUt0"":0.07,""wsrUSD"":0,""wstETH"":51.03,""WBTC"":0.25,""siUSD"":0}"
2026-05-01,73,USDC,Extra Finance Leverage Farming,Base,$3.98m,3980000,5.73,5.73,5.49,,,5.73,,5.49,,,,,
2026-05-01,74,USDC|Euler Earn USDC,Euler V2,Arbitrum,"$601,395",601395,5.71,5.71,3.58,,,5.71,,3.58,,,,,
2026-05-01,75,HYPERUSDCA,Morpho Blue,Arbitrum,"$809,831",809831,5.7,5.7,4.46,,,5.7,,4.46,809845.7049788067,,199130517.5,0,"{""PT-thBILL-18JUN2026"":10.91,""PT-USDai-18JUN2026"":28.08,""PT-sUSDai-18JUN2026"":11.85,""thBILL"":9.7,""WBTC"":18.52,""WETH"":1.48,""PT-sUSDai-19FEB2026"":0,""sUSDai"":3.33,""sUSDS"":0.94,""weETH"":15.18}"
2026-05-01,76,USDC,Fluid Lending,Arbitrum,$36.66m,36660000,5.67,4.81,0.86,6.1,,0.86,,6.1,,,,,
2026-05-01,77,GTUSDCP,Morpho Blue,Arbitrum,$2.55m,2550000,5.65,5.65,3.51,,,5.65,,3.51,2549780.5373409837,,62430834.92,0,"{""sUSDS"":0,""WBTC"":50.97,""wstETH"":48.05,""WETH"":0.98}"
2026-05-01,78,USDC,Compound V3,Base,"$875,115",875115,5.56,5.56,3.7,,,5.56,,3.7,,,,,
2026-05-01,79,USDC-ALUSD|stable - 0.05%,Velodrome V2,Op Mainnet,$1.65m,1650000,5.52,5.52,5.64,,,5.52,,5.64,,,,,
2026-05-01,80,BBQUSDT0,Morpho Blue,Monad,$5.85m,5850000,5.47,2.22,3.24,6.75,,3.24,,6.75,71074.22975029357,,659793995.54,0,"{""sUSDe"":0.04,""weETH"":5.45,""wsrUSD"":5.4,""wstETH"":87.23,""WETH"":1.88}"
2026-05-01,81,GHO,Fluid Lending,Arbitrum,$2.85m,2850000,5.39,5.39,6.03,,,5.39,,6.03,,,,,
2026-05-01,82,USDC,Gains Network,Arbitrum,$5.4m,5400000,5.38,5.38,6.73,,,5.38,,6.73,,,,,
2026-05-01,83,USDT,ZEROBASE CeDeFi,Op Mainnet,$8.1m,8100000,5.3,3.3,2,5.3,,2,,5.3,,,,,
2026-05-01,84,USDC,HyperLend Pooled,Hyperliquid L1,$10.84m,10840000,5.2,5.2,4.48,,,5.2,,4.48,,,,,
2026-05-01,85,BBQUSDC,Morpho Blue,Base,$19.52m,19520000,5.16,5.16,5.48,,,5.16,,5.48,3460955.841473689,,506386950.09,0,"{""PT-USDai-18JUN2026"":0,""weETH"":44.87,""syrupUSDC"":3.69,""WETH"":0.1,""XAUt0"":0.07,""wsrUSD"":0,""wstETH"":51.03,""WBTC"":0.25,""siUSD"":0}"
2026-05-01,86,MWUSDC,Morpho Blue,Base,$9.56m,9560000,5.11,4.15,0.96,4.34,,0.96,,4.34,23133.74653791743,,,,"{""Unknown"":100}"
2026-05-01,87,GHO,Fluid Lending,Base,"$846,763",846763,4.94,4.94,3.51,,,4.94,,3.51,,,,,
2026-05-01,88,USDC,Kamino Lend,Solana,$7.92m,7920000,4.94,4.94,3.76,,,4.94,,3.76,,,,,
2026-05-01,89,USDC,Harmonix Finance,Arbitrum,"$819,024",819024,4.91,4.91,5.46,,,4.91,,5.46,,,,,
2026-05-01,90,USDC|SuperchargerV2,WOOFi Earn,Base,"$652,793",652793,4.87,4.87,4.86,,,4.87,,4.86,,,,,
2026-05-01,91,GTUSDCC,Morpho Blue,Arbitrum,$3.61m,3610000,4.86,4.86,3.42,,,4.86,,3.42,1771213.5092279885,,6225741.48,0,"{""UBTC"":38.42,""WHYPE"":30.79,""kHYPE"":30.8}"
2026-05-01,92,USDC|Autopilot,Harvest Finance,Base,"$648,338",648338,4.78,4.78,5.11,,,4.78,,5.11,,,,,
2026-05-01,93,USDC|SuperchargerV2,WOOFi Earn,Arbitrum,"$896,854",896854,4.74,4.74,4.72,,,4.74,,4.72,,,,,
2026-05-01,94,GTUSDCF,Morpho Blue,Base,$1.91m,1910000,4.73,4.73,5.23,,,4.73,,5.23,1969250.4073616005,,109594793.32,0,"{""cbXRP"":33.77,""cbADA"":21.1,""cbBTC"":45.13}"
2026-05-01,95,USDC|Morpho,Beefy,Base,$1.24m,1240000,4.71,4.93,,,,,,4.93,,,,,
2026-05-01,96,USDC|Dolomite Balance,Dolomite,Arbitrum,$1.3m,1300000,4.7,4.7,5.58,,,4.7,,5.58,,,,,
2026-05-01,97,VBUSDC,Yearn Finance,Katana,$14.65m,14650000,4.63,2.04,2.59,2.28,,2.59,,2.28,,,,,
2026-05-01,98,USDC,Moonwell Lending,Base,$2.87m,2870000,4.61,3.38,1.23,4.47,,1.23,,4.47,,,,,
2026-05-01,99,YCSUSDC,Morpho Blue,Base,"$517,250",517250,4.6,4.6,5.48,,,4.6,,5.48,517199.63203234156,,107448135.32,0,"{""cbETH"":3.96,""cbDOGE"":34.89,""wstETH"":0.97,""cbLTC"":11.71,""WETH"":0.01,""rETH"":0.91,""cbADA"":29.32,""cbXRP"":14.21,""superOETHb"":1.49,""cbBTC"":2.51}"
2026-05-01,100,GTUSDCP,Morpho Blue,Op Mainnet,$9.33m,9330000,4.52,2.49,2.02,4.71,,2.02,,4.71,2549780.5373409837,,62430834.92,0,"{""sUSDS"":0,""WBTC"":50.97,""wstETH"":48.05,""WETH"":0.98}"
2026-05-01,101,USDC|Harvest USDC vault Base,Fusion by IPOR,Base,"$648,335",648335,4.43,4.43,4.81,,,4.43,,4.81,,,,,
2026-05-01,102,USDC-USDT|0.01%,Uniswap V3,Arbitrum,$2.55m,2550000,4.22,4.22,2.58,3.89,,2.58,,3.89,,,,,
2026-05-01,103,STEAKUSDC,Morpho Blue,Base,$468.79m,468790000,4.14,4.14,4.24,,,4.14,,4.24,151703.39169642166,,64828912.07,0,"{""WBTC"":12.09,""wstETH"":72.37,""WETH"":15.54}"
2026-05-01,104,GTUSDCP,Morpho Blue,Base,$353.44m,353440000,4.14,4.14,4.24,,,4.14,,4.24,2549780.5373409837,,62430834.92,0,"{""sUSDS"":0,""WBTC"":50.97,""wstETH"":48.05,""WETH"":0.98}"
2026-05-01,105,PUSDC,Morpho Blue,Base,$26.29m,26290000,4.12,4.12,4.24,,,4.12,,4.24,26294467.848842226,,1023367233.91,2.51,"{""cbBTC"":100}"
2026-05-01,106,FRUSDC,Morpho Blue,Base,$23.76m,23760000,4.11,4.11,4.18,,,4.11,,4.18,23757291.87761356,,0,0,"{""cbBTC"":100}"
2026-05-01,107,TERMUSDC,Morpho Blue,Base,"$978,450",978450,4.11,4.11,4.18,,,4.11,,4.18,978480.5973491711,,198957081.64,0.49,"{""cbBTC"":100}"
2026-05-01,108,STEAKUSDCFARCASTER,Morpho Blue,Base,"$505,095",505095,4.11,4.11,4.23,,,4.11,,4.23,,,,,
2026-05-01,109,BBQUSDC,Morpho Blue,Monad,$1.79m,1790000,4.09,1.23,2.86,4.42,,2.86,,4.42,3460955.841473689,,506386950.09,0,"{""PT-USDai-18JUN2026"":0,""weETH"":44.87,""syrupUSDC"":3.69,""WETH"":0.1,""XAUt0"":0.07,""wsrUSD"":0,""wstETH"":51.03,""WBTC"":0.25,""siUSD"":0}"
2026-05-01,110,USDC|2026-06-04,Exactly,Op Mainnet,$1.61m,1610000,4.07,4.07,3.92,,,4.07,,3.92,,,,,
2026-05-01,111,USDC|2026-07-02,Exactly,Op Mainnet,$1.61m,1610000,4.03,4.03,3.79,,,4.03,,3.79,,,,,
2026-05-01,112,USDC|2027-01-14,Exactly,Op Mainnet,$1.61m,1610000,4,4,3.43,,,4,,3.43,,,,,
2026-05-01,113,USDC|2026-12-17,Exactly,Op Mainnet,$1.61m,1610000,3.9,3.9,3.59,,,3.9,,3.59,,,,,
2026-05-01,114,USDY,Toros,Base,"$888,566",888566,3.88,4.29,,,,,,4.29,,,,,
2026-05-01,115,SUSDAI-USDC,Curve DEX,Arbitrum,$3.76m,3760000,3.86,3.86,4.29,,,3.86,,4.29,,,,,
2026-05-01,116,USDC|2026-09-24,Exactly,Op Mainnet,$1.61m,1610000,3.82,3.82,3.81,,,3.82,,3.81,,,,,
2026-05-01,117,USDC|2026-11-19,Exactly,Op Mainnet,$1.61m,1610000,3.78,3.78,3.65,,,3.78,,3.65,,,,,
2026-05-01,118,USDC|2026-10-22,Exactly,Op Mainnet,$1.61m,1610000,3.78,3.78,3.95,,,3.78,,3.95,,,,,
2026-05-01,119,USDC|2026-08-27,Exactly,Op Mainnet,$1.61m,1610000,3.77,3.77,3.79,,,3.77,,3.79,,,,,
2026-05-01,120,GTUSDC,Morpho Blue,Katana,$4.4m,4400000,3.77,3.77,2.62,,,3.77,,2.62,,,,,
2026-05-01,121,VBUSDT,Yearn Finance,Katana,$3.23m,3230000,3.76,3.76,2.51,,,3.76,,2.51,,,,,
2026-05-01,122,GTUSDCC,Morpho Blue,Base,$1.78m,1780000,3.75,3.75,4.17,,,3.75,,4.17,1771213.5092279885,,6225741.48,0,"{""UBTC"":38.42,""WHYPE"":30.79,""kHYPE"":30.8}"
2026-05-01,123,SPARKUSDC,Morpho Blue,Base,$9.45m,9450000,3.75,3.75,4.17,,,3.75,,4.17,0,,,,
2026-05-01,124,USDC|2026-07-30,Exactly,Op Mainnet,$1.61m,1610000,3.74,3.74,3.37,,,3.74,,3.37,,,,,
2026-05-01,125,SUSDS,Sky Lending,Arbitrum,$357.95m,357950000,3.65,3.72,,,,,,3.72,,,,,
2026-05-01,126,USDC,Aave V3,Arbitrum,$15.53m,15530000,3.6,3.6,3.61,,,3.6,,3.61,,,,,
2026-05-01,127,AAVEUSDC-AAVEGHO,Aura,Base,$4.18m,4179999.9999999995,3.57,3.02,0.56,6.37,,0.56,,6.37,,,,,
2026-05-01,128,USDY|US Dollar Yield,Ondo Yield Assets,Solana,$180.32m,180320000,3.55,3.55,3.55,3.55,,3.55,,3.55,,,,,
2026-05-01,129,USDY|US Dollar Yield,Ondo Yield Assets,Arbitrum,$5.58m,5580000,3.55,3.55,3.55,3.55,,3.55,,3.55,,,,,
2026-05-01,130,EARNAUSD|earnAUSD/AUSD,Curvance,Monad,$17.14m,17140000,3.54,0,3.54,1.2,,3.54,,1.2,,,,,
2026-05-01,131,GTUSDCC,Morpho Blue,Unichain,$1.1m,1100000,3.53,3.53,6.63,,,3.53,,6.63,1771213.5092279885,,6225741.48,0,"{""UBTC"":38.42,""WHYPE"":30.79,""kHYPE"":30.8}"
2026-05-01,132,WABASGHO-WABASUSDC|Aura,Beefy,Base,$1.03m,1030000,3.53,5.55,,,,,,5.55,,,,,
2026-05-01,133,AAVEGHO-USDT-USDC,Aura,Arbitrum,$4.14m,4139999.9999999995,3.42,3.09,0.33,8.64,,0.33,,8.64,,,,,
2026-05-01,134,WAARBUSDCN-WAARBUSDT-WAARBGHO|Aura,Beefy,Arbitrum,$1.7m,1700000,3.4,6.76,,,,,,6.76,,,,,
2026-05-01,135,USDC,Aave V3,Base,$24.02m,24020000,3.36,3.36,3.16,,,3.36,,3.16,,,,,
2026-05-01,136,WYLDS,Hastra,Solana,$2.24m,2240000,3.28,3.28,3.29,,,3.28,,3.29,,,,,
2026-05-01,137,EARNAUSD,Neverland,Monad,$2.96m,2960000,3.27,0,3.27,3.73,,3.27,,3.73,,,,,
2026-05-01,138,CUSDO,OpenEden USDO,Solana,$5.7m,5700000,3.24,3.24,3.24,3.24,,3.24,,3.24,,,,,
2026-05-01,139,USDC|Compound,Beefy,Op Mainnet,"$708,032",708032,3.03,2.91,,,,,,2.91,,,,,
2026-05-01,140,USDT|Main Pool,Save,Solana,"$768,054",768054,2.95,2.95,3.31,,,2.95,,3.31,,,,,
2026-05-01,141,USDT,Aave V3,Op Mainnet,"$690,846",690846,2.9,2.9,2.31,,,2.9,,2.31,,,,,
2026-05-01,142,PYUSD,Kamino Lend,Solana,$11.5m,11500000,2.86,2.86,3.62,,,2.86,,3.62,,,,,
2026-05-01,143,BBQUSDT0,Morpho Blue,Arbitrum,$19.73m,19730000,2.78,2.78,3.56,,,2.78,,3.56,71074.22975029357,,659793995.54,0,"{""sUSDe"":0.04,""weETH"":5.45,""wsrUSD"":5.4,""wstETH"":87.23,""WETH"":1.88}"
2026-05-01,144,USDAI|For LP | Maturity 15OCT2026,Pendle,Arbitrum,"$885,181",885181,2.7,1.85,0.84,2.63,,0.84,,2.63,,,,,
2026-05-01,145,GTAUSD,Morpho Blue,Katana,"$762,459",762459,2.63,2.63,0.89,,,2.63,,0.89,,,,,
2026-05-01,146,USDC,Compound V3,Arbitrum,$5.31m,5310000,2.54,2.54,2.42,,,2.54,,2.42,,,,,
2026-05-01,147,USDS,Kamino Lend,Solana,$3.81m,3810000,2.51,2.51,1.79,,,2.51,,1.79,,,,,
2026-05-01,148,USDC|Main Pool,Save,Solana,$7.68m,7680000,2.51,2.51,2.6,,,2.51,,2.6,,,,,
2026-05-01,149,USDT,Compound V3,Op Mainnet,$1.15m,1150000,2.49,2.49,2.11,,,2.49,,2.11,,,,,
2026-05-01,150,USDC,Aave V3,Op Mainnet,$3.3m,3300000,2.43,2.43,1.8,,,2.43,,1.8,,,,,
2026-05-01,151,USDC,Revert Lend,Base,$2.61m,2606893,7.9399999999999995,7.9399999999999995,0,8.15,,7.1499999999999995,,,2606893,,,,
2026-05-01,152,baseUSD,Tokemak,Base,$5.67m,5667940,11.72,9.83,1.8900000000000001,7.35,,6.65,,,5667940,,,,
2026-05-02,2,USDC,Yearn Finance,Base,"$774,986",774986,155,155,45.18,,,155,,45.18,,,,,
2026-05-02,3,MIM-USDC / Mim,Beefy,Arbitrum,$1.2m,1200000,19.91,11.48,,,,,,11.48,,,,,
2026-05-02,4,SUPERUSDC / SuperVault,Superform,Base,$2.16m,2160000,18.87,4.39,14.48,10,,14.48,,10,,,,,
2026-05-02,5,USDC-USDT / CL1 - 0.0009%,Aerodrome Slipstream,Base,"$935,521",935521,18.64,16.88,1.76,15.18,10.12,15.18,,10.12,,,,,
2026-05-02,6,MSUSD-FRXUSD,Aerodrome V1,Base,$1.07m,1070000,16.58,16.58,16.53,,,16.58,,16.53,,,,,
2026-05-02,7,FEUSDC,Morpho Blue,Hyperliquid L1,$19.55m,19550000,15.51,15.51,5.89,,,15.51,,5.89,20378845.52448233,,73602607.54,21.68,"{""kHYPE"":97.01,""UBTC"":1.04,""WHYPE"":1.91,""PT-kHYPE-19MAR2026"":0.04}"
2026-05-02,8,AUSD-USDC-USDT0,Curve DEX,Monad,$3.17m,3170000,15.11,0,15.11,5.01,,15.11,,5.01,,,,,
2026-05-02,9,USDC-USDM,Mento V3,Monad,"$535,353",535353,14.51,0.34,14.17,15.2,,14.17,,15.2,,,,,
2026-05-02,10,APXUSD / For buying PT-apxUSD-18JUN2026,Pendle,Base,$3.52m,3520000,14.34,14.34,14.27,,,14.34,,14.27,,,,,
2026-05-02,11,USDC-MSUSD / stable - 0.05%,Velodrome V2,Op Mainnet,$1.05m,1050000,13.58,13.58,12.72,,,13.58,,12.72,,,,,
2026-05-02,12,USDC / yoUSD,YO Protocol,Base,$18.63m,18630000,11.7,3.9,7.8,13.9,,7.8,,13.9,,,,,
2026-05-02,13,USDC / yoUSD,YO Protocol,Arbitrum,"$596,363",596363,11.7,3.9,7.8,13.89,,7.8,,13.89,,,,,
2026-05-02,14,USDC / arbUSD,AUTOfinance,Arbitrum,$3.64m,3640000,11.46,10.26,1.21,11.37,,1.21,,11.37,,,,,
2026-05-02,15,USDC,Sprinter,Base,$2.96m,2960000,11.35,11.35,,,,,,11.35,,,,,
2026-05-02,16,MIM-USDT0 / Mim,Beefy,Arbitrum,$1.09m,1090000,11.02,10.45,,,,,,10.45,,,,,
2026-05-02,17,ALUSD-USDC,Curve DEX,Arbitrum,"$695,447",695447,10.83,0.44,10.39,9.42,,10.39,,9.42,,,,,
2026-05-02,18,USDC,HyperLend Pooled,Hyperliquid L1,$5.64m,5640000,10.8,10.8,4.55,,,10.8,,4.55,64830000,54890000,9940000,,
2026-05-02,19,ALUSD-USDC / Curve,Stake DAO,Arbitrum,"$658,282",658282,10.68,0.09,10.59,9.55,,10.59,,9.55,,,,,
2026-05-02,20,SUSDU,Unitas,Solana,$43.77m,43770000,10.49,10.49,11.16,,,10.49,,11.16,,,,,
2026-05-02,21,AUGUSTUSDC,Morpho Blue,Monad,$5.16m,5160000,9.48,6.61,2.86,8.28,,2.86,,8.28,5159018.077328313,,159318894.25,3.14,"{""syzUSD"":44.73,""earnAUSD"":55.27}"
2026-05-02,22,AUSD,Neverland,Monad,$7.5m,7500000,9.36,4.38,4.98,9.67,,4.98,,9.67,45800000,38400000,7400000,,
2026-05-02,23,AUGUSTUSDCV2,Morpho Blue,Monad,$5.73m,5730000,9.17,6.31,2.86,8.01,,2.86,,8.01,,,,,
2026-05-02,24,USDC / vault,Avantis,Base,$48.53m,48530000,9.03,9.03,10.08,,,9.03,,10.08,,,,,
2026-05-02,25,SUSDAI / For buying PT-sUSDai-15OCT2026,Pendle,Arbitrum,$11.67m,11670000,9.01,9.01,8.38,,,9.01,,8.38,,,,,
2026-05-02,26,MSUSD-USDC,Extra Finance Leverage Farming,Base,$1.12m,1120000,9.01,9.01,11.37,,,9.01,,11.37,,,,,
2026-05-02,27,AUSD,Yearn Finance,Katana,$1.62m,1620000,9.01,9.01,5.33,,,9.01,,5.33,,,,,
2026-05-02,28,USDT,ZEROBASE CeDeFi,Arbitrum,$7.93m,7930000,9,7,2,9,,2,,9,,,,,
2026-05-02,29,USDC,ZEROBASE CeDeFi,Arbitrum,"$783,436",783436,9,7,2,9,,2,,9,,,,,
2026-05-02,30,USDC / baseUSD,AUTOfinance,Base,$5.66m,5660000,8.95,5.11,3.84,7.99,,3.84,,7.99,,,,,
2026-05-02,31,SUSDAI / For buying PT-sUSDai-18JUN2026,Pendle,Arbitrum,$6.36m,6360000,8.84,8.84,8.05,,,8.84,,8.05,,,,,
2026-05-02,32,USDT0,Neverland,Monad,$4.06m,4059999.9999999995,8.68,3.61,5.07,9.22,,5.07,,9.22,15050000,10990000,4059999.9999999995,,
2026-05-02,33,MSUSD-USDC,Aerodrome V1,Base,$7.65m,7650000,8.66,8.66,10.84,,,8.66,,10.84,,,,,
2026-05-02,34,HYPERVBUSDCA,Morpho Blue,Katana,$1.53m,1530000,8.63,8.17,0.46,5.03,,0.46,,5.03,,,,,
2026-05-02,35,FEUSDC2,Morpho Blue,Hyperliquid L1,$20.43m,20430000,8.59,8.59,6.83,,,8.59,,6.83,20243356.90074276,,29746777.71,40.49,"{""wstHYPE"":1.34,""kHYPE"":13.7,""WHYPE"":84.97}"
2026-05-02,36,AUSD / earnAUSD/AUSD,Curvance,Monad,$2.33m,2330000,8.45,6.17,2.28,7.72,,2.28,,7.72,13510000,11180000,2330000,,
2026-05-02,37,WNUSDT0-WNAUSD-WNUSDC / Balancer,Beefy,Monad,$3.03m,3030000,8.19,14.41,,,,,,14.41,,,,,
2026-05-02,38,APXUSD / For LP | Maturity 18JUN2026,Pendle,Base,$3.52m,3520000,8.18,6.79,1.39,8.77,,1.39,,8.77,,,,,
2026-05-02,39,MSUSD-USDC / Aerodrome,Beefy,Base,"$686,309",686309,8.16,10.35,,,,,,10.35,,,,,
2026-05-02,40,USDC,Neverland,Monad,$14.69m,14690000,8.13,3.85,4.28,8.12,,4.28,,8.12,62300000,47620000,14680000,,
2026-05-02,41,USDC,YieldSeeker,Base,$1.27m,1270000,8.1,8.1,9.49,,,8.1,,9.49,,,,,
2026-05-02,42,USDC-MUSD / CL10 - 0.05%,Aerodrome Slipstream,Base,"$852,160",852160,8.04,8.04,15.38,,,8.04,,15.38,,,,,
2026-05-02,43,EARNAUSD,Upshift,Monad,$34.85m,34850000,7.96,5.93,2.03,8.18,,2.03,,8.18,,,,,
2026-05-02,44,ZVUSDC,Zircuit Finance,Base,$1.49m,1490000,7.93,7.93,8.64,,,7.93,,8.64,,,,,
2026-05-02,45,BBQAUSD,Morpho Blue,Monad,"$934,744",934744,7.89,1.22,6.67,8.67,,6.67,,8.67,947467.3322142893,,229011161.93,0,"{""XAUt0"":0.95,""wstETH"":11.4,""wsrUSD"":37.04,""WBTC"":50.61}"
2026-05-02,46,GTUSDCC,Morpho Blue,Hyperliquid L1,$3.28m,3280000,7.88,7.88,6.09,,,7.88,,6.09,2037337.0802661164,,5961084.46,0,"{""UBTC"":46.44,""WHYPE"":26.78,""kHYPE"":26.78}"
2026-05-02,47,SUSDAI / For LP | Maturity 18JUN2026,Pendle,Arbitrum,$6.36m,6360000,7.79,7.11,0.68,7.42,,0.68,,7.42,,,,,
2026-05-02,48,USDC,Loopscale,Solana,$1.97m,1970000,7.77,6.74,1.03,8.52,,1.03,,8.52,,,,,
2026-05-02,49,SUSDAI / For LP | Maturity 15OCT2026,Pendle,Arbitrum,$11.67m,11670000,7.65,7.09,0.57,7.56,,0.57,,7.56,,,,,
2026-05-02,50,HYPERUSDCA,Morpho Blue,Monad,$15.48m,15480000,7.56,4.7,2.86,7.05,,2.86,,7.05,917615.4947876055,,199152781.6,0,"{""thBILL"":5.55,""PT-thBILL-18JUN2026"":8.15,""WBTC"":16.02,""WETH"":2.09,""PT-sUSDai-19FEB2026"":0,""sUSDai"":3.73,""PT-USDai-18JUN2026"":24.52,""PT-sUSDai-18JUN2026"":10.01,""Unknown"":11.92,""sUSDS"":4.9,""weETH"":13.12}"
2026-05-02,51,SYZUSD,Yuzu Money,Monad,$12.62m,12620000,7.47,7.47,7.52,,,7.47,,7.52,,,,,
2026-05-02,52,USDC,DeltaPrime,Arbitrum,"$673,638",673638,7.38,7.38,6.43,,,7.38,,6.43,,,,,
2026-05-02,53,SUSDAI / 30d unlock,USD AI,Arbitrum,$269.37m,269370000,7.25,7.25,6.87,,,7.25,,6.87,,,,,
2026-05-02,54,USDC / 40 Acres,Harvest Finance,Base,$1.97m,1970000,7.25,7.25,6.69,,,7.25,,6.69,,,,,
2026-05-02,55,USDAI / For buying PT-USDai-15OCT2026,Pendle,Arbitrum,"$880,524",880524,7,7,6.89,,,7,,6.89,,,,,
2026-05-02,56,AUSD / vUSD/AUSD,Curvance,Monad,$1.47m,1470000,6.72,4,2.73,6.07,,2.73,,6.07,6000000,4540000,1470000,,
2026-05-02,57,DTUSDC,Lagoon,Base,"$684,225",684225,6.63,6.63,5.65,,,6.63,,5.65,,,,,
2026-05-02,58,USDC,MortgageFi,Base,"$758,975",758975,6.57,9.22,,,,,,9.22,,,,,
2026-05-02,59,BBQUSD1,Morpho Blue,Monad,$1.09m,1090000,6.45,1.63,4.82,116,,4.82,,116,1091247.7292768718,,48905698.8,0,"{""wsrUSD"":100}"
2026-05-02,60,USDAI / For buying PT-USDai-18JUN2026,Pendle,Arbitrum,$36.32m,36320000,6.39,6.39,5.85,,,6.39,,5.85,,,,,
2026-05-02,61,BBQUSDC,Morpho Blue,Monad,$1.83m,1830000,6.39,3.54,2.86,4.38,,2.86,,4.38,3457308.7807969158,,506443242.66,0,"{""weETH"":43.67,""syrupUSDC"":4.24,""WETH"":0.03,""wsrUSD"":0,""PT-USDai-18JUN2026"":0.78,""XAUt0"":0.07,""wstETH"":46.95,""WBTC"":4.26,""siUSD"":0}"
2026-05-02,62,FEUSDE,Morpho Blue,Hyperliquid L1,"$806,514",806514,6.34,6.34,9.26,,,6.34,,9.26,806097.1121951181,,16177645.9,4.75,"{""UBTC"":41.95,""WHYPE"":58.05}"
2026-05-02,63,EDGEUSDC,Morpho Blue,Base,"$873,502",873502,6.26,3.82,2.44,5.92,,2.44,,5.92,101718.5870191673,,29892431.5,0.34,"{""wstETH"":1.37,""sUSDS"":98.63}"
2026-05-02,64,FEUSDH2,Morpho Blue,Hyperliquid L1,$10.5m,10500000,6.14,6.14,6.86,,,6.14,,6.86,10506759.23182443,,29491967.46,26.27,"{""kHYPE"":28.11,""WHYPE"":59.04,""wstHYPE"":12.85}"
2026-05-02,65,AUSD / syzUSD/AUSD,Curvance,Monad,$1.04m,1040000,6.12,4.12,2,6.64,,2,,6.64,4030000.0000000005,2980000,1040000,,
2026-05-02,66,GHO,Fluid Lending,Arbitrum,$2.77m,2770000,5.97,5.97,6,,,5.97,,6,,,,,
2026-05-02,67,GTUSDCP,Morpho Blue,Op Mainnet,$8.02m,8020000,5.84,3.63,2.22,4.76,,2.22,,4.76,2534440.801568709,,62452884.38,0,"{""WBTC"":54.67,""wstETH"":41.64,""WETH"":3.69,""sUSDS"":0}"
2026-05-02,68,USDC,Fluid Lending,Base,$13.17m,13170000,5.83,4.18,1.65,6.39,,1.65,,6.39,,,,,
2026-05-02,69,CSUSDC,Morpho Blue,Base,$3.59m,3590000,5.78,5.78,5.41,,,5.78,,5.41,558.4333434442456,,75982454.37,0,"{""weETH"":0.06,""wstETH"":99.94}"
2026-05-02,70,USDC,Harmonix Finance,Arbitrum,"$819,318",819318,5.7,5.7,5.45,,,5.7,,5.45,,,,,
2026-05-02,71,USDC,Extra Finance Leverage Farming,Base,$4.01m,4010000,5.7,5.7,5.52,,,5.7,,5.52,,,,,
2026-05-02,72,USDG,Kamino Lend,Solana,$1.59m,1590000,5.61,5.61,5.75,,,5.61,,5.75,29900000,28320000,1570000,,
2026-05-02,73,AAVEGHO-USDT-USDC,Aura,Arbitrum,$4.11m,4110000.0000000005,5.57,5.24,0.33,8.48,,0.33,,8.48,,,,,
2026-05-02,74,WAARBUSDCN-WAARBUSDT-WAARBGHO / Aura,Beefy,Arbitrum,$1.7m,1700000,5.55,6.57,,,,,,6.57,,,,,
2026-05-02,75,BBQUSDT0,Morpho Blue,Monad,$5.85m,5850000,5.47,2.23,3.24,6.66,,3.24,,6.66,71079.53522415298,,659765215.28,0,"{""sUSDe"":0.04,""weETH"":5.45,""WBTC"":5.4,""wstETH"":87.23,""WETH"":1.88}"
2026-05-02,76,USDC-ALUSD / stable - 0.05%,Velodrome V2,Op Mainnet,$1.64m,1640000,5.41,5.41,5.63,,,5.41,,5.63,,,,,
2026-05-02,77,USDC,Kamino Lend,Solana,$7.76m,7760000,5.41,5.41,3.8,,,5.41,,3.8,166430000,158170000,8260000,,
2026-05-02,78,USDC,Gains Network,Arbitrum,$5.4m,5400000,5.4,5.4,6.7,,,5.4,,6.7,,,,,
2026-05-02,79,USDC,Fluid Lending,Arbitrum,$37.14m,37140000,5.37,4.52,0.85,6.12,,0.85,,6.12,,,,,
2026-05-02,80,FEUSDT0,Morpho Blue,Hyperliquid L1,$12.42m,12420000,5.31,5.31,7.24,,,5.31,,7.24,12038616.488223149,,95254451.38,11.22,"{""PT-kHYPE-19MAR2026"":7.1,""beHYPE"":0.43,""UBTC"":6.92,""WHYPE"":33.05,""kHYPE"":51.98,""wstHYPE"":0.53}"
2026-05-02,81,USDT,ZEROBASE CeDeFi,Op Mainnet,$8.1m,8100000,5.3,3.3,2,5.3,,2,,5.3,,,,,
2026-05-02,82,BBQUSDC,Morpho Blue,Base,$3.92m,3920000,5.19,5.19,5.47,,,5.19,,5.47,3457308.7807969158,,506443242.66,0,"{""weETH"":43.67,""syrupUSDC"":4.24,""WETH"":0.03,""wsrUSD"":0,""PT-USDai-18JUN2026"":0.78,""XAUt0"":0.07,""wstETH"":46.95,""WBTC"":4.26,""siUSD"":0}"
2026-05-02,83,MWUSDC,Morpho Blue,Base,$9.5m,9500000,5.18,4.24,0.95,4.38,,0.95,,4.38,23135.29109831683,,,,"{""Unknown"":100}"
2026-05-02,84,FEUSDT02,Morpho Blue,Hyperliquid L1,$2.16m,2160000,5.14,5.14,7.34,,,5.14,,7.34,2112183.3346838555,,54884613.39,3.71,"{""hwHLP"":3.09,""WHLP"":0.59,""thBILL"":55.81,""kHYPE"":21.75,""hbUSDT"":3.01,""UETH"":8.71,""UBTC"":7.03,""PT-hbUSDT-18DEC2025"":0.02}"
2026-05-02,85,FEUSDH,Morpho Blue,Hyperliquid L1,$4.64m,4640000,5.13,5.13,7.06,,,5.13,,7.06,4491933.626622774,,35506793.06,11.23,"{""UBTC"":9.37,""kHYPE"":7.69,""WHYPE"":82.94}"
2026-05-02,86,GHO,Fluid Lending,Base,"$847,017",847017,4.94,4.94,3.61,,,4.94,,3.61,,,,,
2026-05-02,87,USDC / SuperchargerV2,WOOFi Earn,Base,"$652,889",652889,4.87,4.87,4.86,,,4.87,,4.86,,,,,
2026-05-02,88,USDC / Autopilot,Harvest Finance,Base,"$648,489",648489,4.87,4.87,5.13,,,4.87,,5.13,,,,,
2026-05-02,89,VBUSDC,Yearn Finance,Katana,$14.25m,14250000,4.77,2.1,2.67,2.39,,2.67,,2.39,,,,,
2026-05-02,90,GTUSDCF,Morpho Blue,Base,$2.2m,2200000,4.76,4.76,5.21,,,4.76,,5.21,2188946.6123696244,,109389416.05,0,"{""cbBTC"":50.62,""cbXRP"":30.39,""cbADA"":18.98}"
2026-05-02,91,YCSUSDC,Morpho Blue,Base,"$515,279",515279,4.75,4.75,5.45,,,4.75,,5.45,515096.9033082342,,107464095.09,0,"{""superOETHb"":1.5,""cbBTC"":1.29,""mBASIS"":0.79,""rETH"":0.91,""wstETH"":0.97,""cbDOGE"":35.04,""cbLTC"":11.76,""cbXRP"":14.27,""WETH"":0.01,""cbETH"":3.99,""cbADA"":29.44}"
2026-05-02,92,USDC / SuperchargerV2,WOOFi Earn,Arbitrum,"$896,976",896976,4.74,4.74,4.72,,,4.74,,4.72,,,,,
2026-05-02,93,USDC,Moonwell Lending,Base,$2.76m,2760000,4.67,3.47,1.2,4.49,,1.2,,4.49,15430000,12770000,2660000,,
2026-05-02,94,USDC / Dolomite Balance,Dolomite,Arbitrum,$1.31m,1310000,4.65,4.65,5.65,,,4.65,,5.65,4250000,2950000,1310000,,
2026-05-02,95,USDC / Morpho,Beefy,Base,$1.25m,1250000,4.61,4.96,,,,,,4.96,,,,,
2026-05-02,96,USDC / Harvest USDC vault Base,Fusion by IPOR,Base,"$648,588",648588,4.57,4.57,4.85,,,4.57,,4.85,,,,,
2026-05-02,97,USDC / Euler Earn USDC,Euler V2,Arbitrum,"$635,422",635422,4.45,4.45,3.65,,,4.45,,3.65,,,,,
2026-05-02,98,PUSDC,Morpho Blue,Base,$26.36m,26360000,4.24,4.24,4.24,,,4.24,,4.24,26357931.857507367,,1023438491.04,2.51,"{""cbBTC"":100}"
2026-05-02,99,STEAKUSDC,Morpho Blue,Base,$469.15m,469150000,4.24,4.24,4.24,,,4.24,,4.24,140271.74429009872,,64847053.44,0,"{""WBTC"":100,""WETH"":0}"
2026-05-02,100,GTUSDCP,Morpho Blue,Base,$352.85m,352850000,4.24,4.24,4.24,,,4.24,,4.24,2534440.801568709,,62452884.38,0,"{""WBTC"":54.67,""wstETH"":41.64,""WETH"":3.69,""sUSDS"":0}"
2026-05-02,101,STEAKUSDCFARCASTER,Morpho Blue,Base,"$505,540",505540,4.23,4.23,4.23,,,4.23,,4.23,,,,,
2026-05-02,102,FRUSDC,Morpho Blue,Base,$23.76m,23760000,4.21,4.21,4.18,,,4.21,,4.18,23763457.02525274,,0,0,"{""cbBTC"":100}"
2026-05-02,103,TERMUSDC,Morpho Blue,Base,"$978,685",978685,4.21,4.21,4.18,,,4.21,,4.18,978734.5184351322,,198982488.89,0.49,"{""cbBTC"":100}"
2026-05-02,104,GTUSDCP,Morpho Blue,Arbitrum,$2.53m,2530000,4.17,4.17,3.55,,,4.17,,3.55,2534440.801568709,,62452884.38,0,"{""WBTC"":54.67,""wstETH"":41.64,""WETH"":3.69,""sUSDS"":0}"
2026-05-02,105,USDC / Euler Earn USDC,Euler V2,Monad,"$505,595",505595,4.16,1.66,2.5,3.68,,2.5,,3.68,,,,,
2026-05-02,106,BBQUSDC,Morpho Blue,Arbitrum,$12.98m,12980000,4.1,4.1,3.56,,,4.1,,3.56,3457308.7807969158,,506443242.66,0,"{""weETH"":43.67,""syrupUSDC"":4.24,""WETH"":0.03,""wsrUSD"":0,""PT-USDai-18JUN2026"":0.78,""XAUt0"":0.07,""wstETH"":46.95,""WBTC"":4.26,""siUSD"":0}"
2026-05-02,107,HYPERUSDCA,Morpho Blue,Arbitrum,"$916,196",916196,4.1,4.1,4.43,,,4.1,,4.43,917615.4947876055,,199152781.6,0,"{""thBILL"":5.55,""PT-thBILL-18JUN2026"":8.15,""WBTC"":16.02,""WETH"":2.09,""PT-sUSDai-19FEB2026"":0,""sUSDai"":3.73,""PT-USDai-18JUN2026"":24.52,""PT-sUSDai-18JUN2026"":10.01,""Unknown"":11.92,""sUSDS"":4.9,""weETH"":13.12}"
2026-05-02,108,USDC / 2026-06-04,Exactly,Op Mainnet,$1.59m,1590000,4.07,4.07,3.94,,,4.07,,3.94,1440000,74985,1360000,,
2026-05-02,109,USDC,Aave V3,Arbitrum,$14.64m,14640000,4.05,4.05,3.7,,,4.05,,3.7,161550000,147010000,14540000,,
2026-05-02,110,USDC / 2026-07-02,Exactly,Op Mainnet,$1.59m,1590000,4.03,4.03,3.8,,,4.03,,3.8,1420000,46156,1370000,,
2026-05-02,111,USDC / 2027-01-14,Exactly,Op Mainnet,$1.59m,1590000,4,4,3.46,,,4,,3.46,1380000,2614,1380000,,
2026-05-02,112,USDC / 2026-12-17,Exactly,Op Mainnet,$1.59m,1590000,3.91,3.91,3.7,,,3.91,,3.7,1380000,2972,1380000,,
2026-05-02,113,USDC / 2026-09-24,Exactly,Op Mainnet,$1.59m,1590000,3.83,3.83,3.8,,,3.83,,3.8,1390000,13644,1380000,,
2026-05-02,114,USDC / 2026-10-22,Exactly,Op Mainnet,$1.59m,1590000,3.79,3.79,3.93,,,3.79,,3.93,1400000,22944,1380000,,
2026-05-02,115,USDC / 2026-11-19,Exactly,Op Mainnet,$1.59m,1590000,3.79,3.79,3.65,,,3.79,,3.65,1380000,5626,1380000,,
2026-05-02,116,GTUSDCC,Morpho Blue,Base,$1.78m,1780000,3.79,3.79,4.16,,,3.79,,4.16,2037337.0802661164,,5961084.46,0,"{""UBTC"":46.44,""WHYPE"":26.78,""kHYPE"":26.78}"
2026-05-02,117,SPARKUSDC,Morpho Blue,Base,$9.13m,9130000,3.79,3.79,4.15,,,3.79,,4.15,0,,,,
2026-05-02,118,VBUSDT,Yearn Finance,Katana,$3.23m,3230000,3.79,3.79,2.59,,,3.79,,2.59,,,,,
2026-05-02,119,USDC / 2026-08-27,Exactly,Op Mainnet,$1.59m,1590000,3.78,3.78,3.78,,,3.78,,3.78,1400000,19451,1380000,,
2026-05-02,120,USDC / 2026-07-30,Exactly,Op Mainnet,$1.59m,1590000,3.75,3.75,3.36,,,3.75,,3.36,1410000,32105,1380000,,
2026-05-02,121,GTUSDC,Morpho Blue,Katana,$3.98m,3980000,3.75,3.75,2.71,,,3.75,,2.71,,,,,
2026-05-02,122,GTUSDCC,Morpho Blue,Arbitrum,$3.34m,3340000,3.65,3.65,3.44,,,3.65,,3.44,2037337.0802661164,,5961084.46,0,"{""UBTC"":46.44,""WHYPE"":26.78,""kHYPE"":26.78}"
2026-05-02,123,SUSDS,Sky Lending,Arbitrum,$358.03m,358030000,3.65,3.72,,,,,,3.72,,,,,
2026-05-02,124,USDY / US Dollar Yield,Ondo Yield Assets,Solana,$180.34m,180340000,3.55,3.55,3.55,3.55,,3.55,,3.55,,,,,
2026-05-02,125,USDY / US Dollar Yield,Ondo Yield Assets,Arbitrum,$5.58m,5580000,3.55,3.55,3.55,3.55,,3.55,,3.55,,,,,
2026-05-02,126,EARNAUSD / earnAUSD/AUSD,Curvance,Monad,$17.09m,17090000,3.53,0,3.53,1.33,,3.53,,1.33,,,,,
2026-05-02,127,AAVEUSDC-AAVEGHO,Aura,Base,$4.18m,4179999.9999999995,3.51,2.96,0.56,6.27,,0.56,,6.27,,,,,
2026-05-02,128,SUSDAI-USDC,Curve DEX,Arbitrum,$3.76m,3760000,3.49,3.49,4.24,,,3.49,,4.24,,,,,
2026-05-02,129,GTUSDCC,Morpho Blue,Unichain,$1.1m,1100000,3.48,3.48,6.59,,,3.48,,6.59,2037337.0802661164,,5961084.46,0,"{""UBTC"":46.44,""WHYPE"":26.78,""kHYPE"":26.78}"
2026-05-02,130,WABASGHO-WABASUSDC / Aura,Beefy,Base,$1.03m,1030000,3.48,5.42,,,,,,5.42,,,,,
2026-05-02,131,USDC,Aave V3,Base,$23.64m,23640000,3.37,3.37,3.18,,,3.37,,3.18,175300000,151790000,23510000,,
2026-05-02,132,WYLDS,Hastra,Solana,$2.06m,2060000,3.31,3.31,3.29,,,3.31,,3.29,,,,,
2026-05-02,133,USDY,Toros,Base,"$888,902",888902,3.29,4.33,,,,,,4.33,,,,,
2026-05-02,134,CUSDO,OpenEden USDO,Solana,$5.7m,5700000,3.24,3.24,3.24,3.24,,3.24,,3.24,,,,,
2026-05-02,135,EARNAUSD,Neverland,Monad,$2.96m,2960000,3.22,0,3.22,3.68,,3.22,,3.68,2960000,0,2960000,,
2026-05-02,136,USDC,Compound V3,Base,$1.06m,1060000,3.2,3.2,3.76,,,3.2,,3.76,9320000,8440000,881624,,
2026-05-02,137,USDS,Kamino Lend,Solana,$2.15m,2150000,3.18,3.18,1.88,,,3.18,,1.88,12120000,9960000,2150000,,
2026-05-02,138,USDT / Main Pool,Save,Solana,"$757,945",757945,2.97,2.97,3.32,,,2.97,,3.32,3830000,3070000,757946,,
2026-05-02,139,USDT,Aave V3,Op Mainnet,"$687,461",687461,2.9,2.9,2.36,,,2.9,,2.36,4650000,3960000,687432,,
2026-05-02,140,BBQUSDT0,Morpho Blue,Arbitrum,$19.52m,19520000,2.81,2.81,3.56,,,2.81,,3.56,71079.53522415298,,659765215.28,0,"{""sUSDe"":0.04,""weETH"":5.45,""WBTC"":5.4,""wstETH"":87.23,""WETH"":1.88}"
2026-05-02,141,GTAUSD,Morpho Blue,Katana,"$775,621",775621,2.61,2.61,0.98,,,2.61,,0.98,,,,,
2026-05-02,142,PYUSD,Kamino Lend,Solana,$11.7m,11700000,2.6,2.6,3.48,,,2.6,,3.48,83870000,72180000,11700000,,
2026-05-02,143,USDC,Compound V3,Arbitrum,$5.23m,5230000,2.55,2.55,2.42,,,2.55,,2.42,17940000,12700000,5230000,,
2026-05-02,144,USDC / Main Pool,Save,Solana,$7.56m,7560000,2.53,2.53,2.59,,,2.53,,2.59,28080000,20540000,7540000,,
2026-05-02,145,USDG,Loopscale,Solana,$3.17m,3170000,2.5,2.5,2.64,,,2.5,,2.64,,,,,
2026-05-02,146,USDT,Compound V3,Op Mainnet,$1.14m,1140000,2.49,2.49,2.12,,,2.49,,2.12,3720000,2580000,1140000,,
2026-05-02,147,USDAI / For LP | Maturity 15OCT2026,Pendle,Arbitrum,"$880,524",880524,2.48,1.57,0.91,2.54,,0.91,,2.54,,,,,
2026-05-02,148,USDC,Aave V3,Op Mainnet,$3.43m,3430000,2.36,2.36,1.83,,,2.36,,1.83,14800000,11640000,3160000,,
2026-05-02,149,USDC,Gains Network,Base,$2.55m,2550000,2.36,2.36,2.02,,,2.36,,2.02,,,,,
2026-05-02,150,USDT,Compound V3,Arbitrum,$6.98m,6980000,2.33,2.33,1.97,,,2.33,,1.97,19820000,12830000,6980000,,
2026-05-02,151,USDC,Revert Lend,Base,$2.76m,2760970,7.03,7.03,0,7.8,,7.22,,,2760970,,,,
2026-05-02,152,baseUSD,Tokemak,Base,$5.66m,5658660,9.6,7.71,1.8900000000000001,7.779999999999999,,6.660000000000001,,,5658660,,,,
2026-05-04,2,USDC,Yearn Finance,Base,"$775,582",775582,155,155,53.29,,,155,,53.29,,,,,
2026-05-04,3,MIM-USDC|Mim,Beefy,Arbitrum,$1.2m,1200000,20.02,12.17,,,,,,12.17,,,,,
2026-05-04,4,SUPERUSDC|SuperVault,Superform,Base,$2.22m,2220000,16.94,4.25,12.69,10.69,,12.69,,10.69,,,,,
2026-05-04,5,MSUSD-FRXUSD,Aerodrome V1,Base,$1.11m,1110000,15.94,15.94,16.49,,,15.94,,16.49,,,,,
2026-05-04,6,AUSD-USDC-USDT0,Curve DEX,Monad,$2.96m,2960000,15.62,0,15.62,5.69,,15.62,,5.69,,,,,
2026-05-04,7,AUGUSTUSDCV2,Morpho Blue,Monad,$5.74m,5740000,14.64,11.78,2.86,8.16,,2.86,,8.16,,,,,
2026-05-04,8,USDC-MSUSD|stable - 0.05%,Velodrome V2,Op Mainnet,"$929,347",929347,14.41,14.41,13.67,,,14.41,,13.67,,,,,
2026-05-04,9,APXUSD|For buying PT-apxUSD-18JUN2026,Pendle,Base,$3.55m,3550000,13.84,13.84,14.26,,,13.84,,14.26,,,,,
2026-05-04,10,USDC-USDM,Mento V3,Monad,"$573,475",573475,13.59,0.36,13.23,15.06,,13.23,,15.06,,,,,
2026-05-04,11,AUGUSTUSDC,Morpho Blue,Monad,$5.16m,5160000,12.71,9.85,2.86,8.45,,2.86,,8.45,5160647.496160017,,159317041.94,3.14,"{""syzUSD"":44.73,""earnAUSD"":55.27}"
2026-05-04,12,USDC-USDT|CL1 - 0.0009%,Aerodrome Slipstream,Base,"$934,421",934421,12.33,11.13,1.2,15.74,10.61,15.74,,10.61,,,,,
2026-05-04,13,USDC|yoUSD,YO Protocol,Base,$18.61m,18610000,11.54,3.74,7.8,14.12,,7.8,,14.12,,,,,
2026-05-04,14,USDC|yoUSD,YO Protocol,Arbitrum,"$610,812",610812,11.54,3.74,7.8,14.12,,7.8,,14.12,,,,,
2026-05-04,15,USDC,Sprinter,Base,$2.96m,2960000,11.35,11.35,,,,,,11.35,,,,,
2026-05-04,16,MIM-USDT0|Mim,Beefy,Arbitrum,$1.09m,1090000,11.1,10.5,,,,,,10.5,,,,,
2026-05-04,17,ALUSD-USDC|Curve,Stake DAO,Arbitrum,"$658,394",658394,10.95,0.08,10.87,9.57,,10.87,,9.57,,,,,
2026-05-04,18,FEUSDT0,Morpho Blue,Hyperliquid L1,$13.34m,13340000,10.88,10.88,7.47,,,10.88,,7.47,13329475.88256479,,93954685.35,12.42,"{""PT-kHYPE-19MAR2026"":26.23,""beHYPE"":0.38,""UBTC"":6.25,""WHYPE"":29.85,""kHYPE"":36.81,""wstHYPE"":0.47}"
2026-05-04,19,FEUSDE,Morpho Blue,Hyperliquid L1,"$823,959",823959,10.84,10.84,8.86,,,10.84,,8.86,824481.8414435304,,16163131.94,4.85,"{""UBTC"":49.35,""WHYPE"":50.65}"
2026-05-04,20,ALUSD-USDC,Curve DEX,Arbitrum,"$695,553",695553,10.67,0,10.67,9.46,,10.67,,9.46,,,,,
2026-05-04,21,SUSDU,Unitas,Solana,$43.78m,43780000,10.49,10.49,10.91,,,10.49,,10.91,,,,,
2026-05-04,22,USDC|arbUSD,AUTOfinance,Arbitrum,$3.67m,3670000,10.18,8.98,1.2,11.62,,1.2,,11.62,,,,,
2026-05-04,23,AUSD,Neverland,Monad,$7.08m,7080000,9.54,4.43,5.11,9.65,,5.11,,9.65,,,,,
2026-05-04,24,AUSD,Yearn Finance,Katana,$1.62m,1620000,9.08,9.08,5.73,,,9.08,,5.73,,,,,
2026-05-04,25,SUSDAI|For buying PT-sUSDai-15OCT2026,Pendle,Arbitrum,$11.74m,11740000,9.06,9.06,8.45,,,9.06,,8.45,,,,,
2026-05-04,26,MSUSD-USDC,Extra Finance Leverage Farming,Base,$1.12m,1120000,9.04,9.04,11.28,,,9.04,,11.28,,,,,
2026-05-04,27,USDC|vault,Avantis,Base,$48.44m,48440000,9.02,9.02,10.11,,,9.02,,10.11,,,,,
2026-05-04,28,USDC|baseUSD,AUTOfinance,Base,$5.67m,5670000,9.02,5.15,3.88,8.11,,3.88,,8.11,,,,,
2026-05-04,29,USDT,ZEROBASE CeDeFi,Arbitrum,$7.93m,7930000,9,7,2,9,,2,,9,,,,,
2026-05-04,30,USDC,ZEROBASE CeDeFi,Arbitrum,"$783,508",783508,9,7,2,9,,2,,9,,,,,
2026-05-04,31,USDT0,Neverland,Monad,$3.95m,3950000,8.81,3.65,5.15,9.19,,5.15,,9.19,,,,,
2026-05-04,32,WNUSDT0-WNAUSD-WNUSDC|Balancer,Beefy,Monad,$3.04m,3040000,8.71,14.02,,,,,,14.02,,,,,
2026-05-04,33,MSUSD-USDC,Aerodrome V1,Base,$7.64m,7640000,8.69,8.69,10.74,,,8.69,,10.74,,,,,
2026-05-04,34,SUSDAI|For buying PT-sUSDai-18JUN2026,Pendle,Arbitrum,$6.36m,6360000,8.68,8.68,8.11,,,8.68,,8.11,,,,,
2026-05-04,35,HYPERVBUSDCA,Morpho Blue,Katana,$1.53m,1530000,8.63,8.17,0.46,5.1,,0.46,,5.1,,,,,
2026-05-04,36,ZVUSDC,Zircuit Finance,Base,$1.49m,1490000,8.58,8.58,8.61,,,8.58,,8.61,,,,,
2026-05-04,37,USDC,YieldSeeker,Base,$1.27m,1270000,8.49,8.49,9.33,,,8.49,,9.33,,,,,
2026-05-04,38,USDC,Neverland,Monad,$14.18m,14180000,8.29,3.88,4.4,8.13,,4.4,,8.13,,,,,
2026-05-04,39,MSUSD-USDC|Aerodrome,Beefy,Base,"$693,076",693076,8.17,10.25,,,,,,10.25,,,,,
2026-05-04,40,EARNAUSD,Upshift,Monad,$34.54m,34540000,7.98,5.93,2.05,8.07,,2.05,,8.07,,,,,
2026-05-04,41,SUSDAI|For LP | Maturity 18JUN2026,Pendle,Arbitrum,$6.36m,6360000,7.84,7.11,0.73,7.51,,0.73,,7.51,,,,,
2026-05-04,42,USDC,Loopscale,Solana,$1.85m,1850000,7.81,6.78,1.03,8.43,,1.03,,8.43,,,,,
2026-05-04,43,SUSDAI|For LP | Maturity 15OCT2026,Pendle,Arbitrum,$11.74m,11740000,7.74,7.14,0.6,7.61,,0.6,,7.61,,,,,
2026-05-04,44,AUSD|earnAUSD/AUSD,Curvance,Monad,$3.06m,3060000,7.69,5.45,2.24,7.82,,2.24,,7.82,,,,,
2026-05-04,45,FEUSDC2,Morpho Blue,Hyperliquid L1,$19.69m,19690000,7.67,7.67,6.91,,,7.67,,6.91,19720952.723337647,,30270661.45,39.45,"{""wstHYPE"":1.37,""kHYPE"":14.14,""WHYPE"":84.49}"
2026-05-04,46,BBQAUSD,Morpho Blue,Monad,$1.19m,1190000,7.57,1.11,6.46,9.09,,6.46,,9.09,1192929.6542104369,,228749530.85,0,"{""WBTC"":60.77,""wstETH"":9.06,""wsrUSD"":29.42,""XAUt0"":0.75}"
2026-05-04,47,SYZUSD,Yuzu Money,Monad,$12.49m,12490000,7.42,7.42,7.53,,,7.42,,7.53,,,,,
2026-05-04,48,USDC,DeltaPrime,Arbitrum,"$673,941",673941,7.38,7.38,6.43,,,7.38,,6.43,,,,,
2026-05-04,49,HYPERUSDCA,Morpho Blue,Monad,$15.63m,15630000,7.34,4.47,2.86,7.06,,2.86,,7.06,952385.5245471746,,199029914.35,0,"{""sUSDS"":0.9,""sUSDai"":0.63,""PT-thBILL-18JUN2026"":9.36,""PT-sUSDai-18JUN2026"":9.64,""PT-USDai-18JUN2026"":50.71,""Unknown"":0,""weETH"":3.46,""thBILL"":5.37,""WBTC"":18.98,""WETH"":0.94,""PT-sUSDai-19FEB2026"":0}"
2026-05-04,50,SUSDAI|30d unlock,USD AI,Arbitrum,$269.49m,269490000,7.26,7.26,6.96,,,7.26,,6.96,,,,,
2026-05-04,51,USDC|40 Acres,Harvest Finance,Base,$1.97m,1970000,7.25,7.25,6.66,,,7.25,,6.66,,,,,
2026-05-04,52,APXUSD|For LP | Maturity 18JUN2026,Pendle,Base,$3.55m,3550000,7.15,6.11,1.04,8.7,,1.04,,8.7,,,,,
2026-05-04,53,FEUSDH,Morpho Blue,Hyperliquid L1,$4.53m,4530000,7.08,7.08,7.2,,,7.08,,7.2,4529781.992610095,,35459265.75,11.33,"{""UBTC"":11.59,""kHYPE"":7.01,""WHYPE"":81.4}"
2026-05-04,54,FEUSDH2,Morpho Blue,Hyperliquid L1,$10.52m,10520000,7.06,7.06,6.83,,,7.06,,6.83,10512726.419273606,,29476321.32,26.29,"{""kHYPE"":28.14,""WHYPE"":59.01,""wstHYPE"":12.85}"
2026-05-04,55,USDC-MUSD|CL10 - 0.05%,Aerodrome Slipstream,Base,"$946,690",946690,7.06,7.06,14.14,,,7.06,,14.14,,,,,
2026-05-04,56,USDAI|For buying PT-USDai-15OCT2026,Pendle,Arbitrum,"$889,783",889783,6.87,6.87,6.95,,,6.87,,6.95,,,,,
2026-05-04,57,BBQUSD1,Morpho Blue,Monad,$1.09m,1090000,6.8,1.97,4.83,115,,4.83,,115,1089817.7861470655,,48889791.48,0,"{""wsrUSD"":100}"
2026-05-04,58,FEUSDC,Morpho Blue,Hyperliquid L1,$20.7m,20700000,6.75,6.75,6.03,,,6.75,,6.03,20666019.95002252,,73318214.7,21.99,"{""kHYPE"":97.05,""UBTC"":1.03,""WHYPE"":1.88,""PT-kHYPE-19MAR2026"":0.04}"
2026-05-04,59,GTUSDCC,Morpho Blue,Hyperliquid L1,$1.73m,1730000,6.72,6.72,6.18,,,6.72,,6.18,1730331.092924173,,6268327.18,0,"{""UBTC"":36.91,""WHYPE"":31.54,""kHYPE"":31.55}"
2026-05-04,60,AUSD|vUSD/AUSD,Curvance,Monad,$1.47m,1470000,6.72,4,2.73,6.13,,2.73,,6.13,,,,,
2026-05-04,61,DTUSDC,Lagoon,Base,"$685,894",685894,6.43,6.43,5.6,,,6.43,,5.6,,,,,
2026-05-04,62,EDGEUSDC,Morpho Blue,Base,"$873,813",873813,6.25,3.76,2.49,6,,2.49,,6,101742.32003539045,,29895594.47,0.34,"{""wstETH"":1.37,""sUSDS"":98.63}"
2026-05-04,63,USDC,MortgageFi,Base,"$767,156",767156,6.23,8.84,,,,,,8.84,,,,,
2026-05-04,64,USDAI|For buying PT-USDai-18JUN2026,Pendle,Arbitrum,$36.31m,36310000,6.23,6.23,5.89,,,6.23,,5.89,,,,,
2026-05-04,65,AUSD|syzUSD/AUSD,Curvance,Monad,$1.03m,1030000,6.15,4.15,2,6.72,,2,,6.72,,,,,
2026-05-04,66,GHO,Fluid Lending,Arbitrum,$2.76m,2760000,6.06,6.06,6.01,,,6.06,,6.01,,,,,
2026-05-04,67,FEUSDT02,Morpho Blue,Hyperliquid L1,$2.03m,2029999.9999999998,5.92,5.92,7.38,,,5.92,,7.38,2029723.6661480803,,54962344.86,3.56,"{""hwHLP"":3.21,""WHLP"":0.61,""thBILL"":58.65,""kHYPE"":17.99,""hbUSDT"":3.13,""UETH"":9.06,""UBTC"":7.32,""PT-hbUSDT-18DEC2025"":0.02}"
2026-05-04,68,WAARBUSDCN-WAARBUSDT-WAARBGHO|Aura,Beefy,Arbitrum,$1.68m,1680000,5.78,6.25,,,,,,6.25,,,,,
2026-05-04,69,USDC,HyperLend Pooled,Hyperliquid L1,$8.27m,8270000,5.73,5.73,4.66,,,5.73,,4.66,,,,,
2026-05-04,70,USDC,Extra Finance Leverage Farming,Base,$4m,4000000,5.72,5.72,5.57,,,5.72,,5.57,,,,,
2026-05-04,71,AAVEGHO-USDT-USDC,Aura,Arbitrum,$4.07m,4070000.0000000005,5.7,5.35,0.35,8.23,,0.35,,8.23,,,,,
2026-05-04,72,USDC,Fluid Lending,Base,$13.43m,13430000,5.63,4.04,1.59,6.37,,1.59,,6.37,,,,,
2026-05-04,73,USDC,Harmonix Finance,Arbitrum,"$819,505",819505,5.63,5.63,5.48,,,5.63,,5.48,,,,,
2026-05-04,74,USDC,Fluid Lending,Arbitrum,$40.12m,40120000,5.51,4.74,0.77,6.1,,0.77,,6.1,,,,,
2026-05-04,75,CSUSDC,Morpho Blue,Base,$3.62m,3620000,5.5,5.5,5.42,,,5.5,,5.42,1.0057001943411938,,75987697.89,0,"{""weETH"":35.12,""wstETH"":64.88}"
2026-05-04,76,BBQUSDT0,Morpho Blue,Monad,$5.85m,5850000,5.47,2.22,3.24,6.57,,3.24,,6.57,71464.76741639731,,659727507.85,0,"{""weETH"":27.06,""sUSDS"":26.44,""sUSDe"":0.04,""WBTC"":18.07,""wstETH"":8.19,""WETH"":20.2}"
2026-05-04,77,USDG,Kamino Lend,Solana,$2m,2000000,5.46,5.46,5.81,,,5.46,,5.81,,,,,
2026-05-04,78,USDC-ALUSD|stable - 0.05%,Velodrome V2,Op Mainnet,$1.62m,1620000,5.43,5.43,5.5,,,5.43,,5.5,,,,,
2026-05-04,79,USDT,ZEROBASE CeDeFi,Op Mainnet,$8.1m,8100000,5.3,3.3,2,5.3,,2,,5.3,,,,,
2026-05-04,80,USDC,Gains Network,Arbitrum,$5.4m,5400000,5.28,5.28,6.49,,,5.28,,6.49,,,,,
2026-05-04,81,BBQUSDC,Morpho Blue,Base,$20.2m,20200000,5.14,5.14,5.48,,,5.14,,5.48,3453708.1854201355,,506501017.33,0,"{""PT-USDai-18JUN2026"":22.94,""XAUt0"":0.09,""weETH"":50.22,""syrupUSDC"":5,""WETH"":0.72,""wsrUSD"":0,""wstETH"":18.06,""WBTC"":2.99,""siUSD"":0}"
2026-05-04,82,GTUSDCP,Morpho Blue,Op Mainnet,$8.07m,8070000,5.06,2.81,2.25,4.81,,2.25,,4.81,2651621.071416136,,62342608.65,0,"{""sUSDS"":0,""WBTC"":58.02,""wstETH"":37.46,""WETH"":4.52}"
2026-05-04,83,MWUSDC,Morpho Blue,Base,$9.73m,9730000,5.03,4.08,0.96,4.43,,0.96,,4.43,23136.11143330572,,,,"{""Unknown"":100}"
2026-05-04,84,USDC|SuperchargerV2,WOOFi Earn,Base,"$652,932",652932,4.87,4.87,4.86,,,4.87,,4.86,,,,,
2026-05-04,85,GHO,Fluid Lending,Base,"$848,537",848537,4.85,4.85,3.74,,,4.85,,3.74,,,,,
2026-05-04,86,VBUSDC,Yearn Finance,Katana,$14.72m,14720000,4.74,2.16,2.58,2.54,,2.58,,2.54,,,,,
2026-05-04,87,USDC|SuperchargerV2,WOOFi Earn,Arbitrum,"$897,151",897151,4.74,4.74,4.72,,,4.74,,4.72,,,,,
2026-05-04,88,USDC,Moonwell Lending,Base,$2.7m,2700000,4.72,3.5,1.23,4.52,,1.23,,4.52,,,,,
2026-05-04,89,USDC|Euler Earn USDC,Euler V2,Monad,"$505,760",505760,4.68,2.18,2.5,3.87,,2.5,,3.87,,,,,
2026-05-04,90,GTUSDCF,Morpho Blue,Base,$1.07m,1070000,4.65,4.65,5.21,,,4.65,,5.21,2004184.344539729,,109581786.99,0,"{""cbXRP"":33.2,""cbBTC"":46.06,""cbADA"":20.74}"
2026-05-04,91,USDC|Morpho,Beefy,Base,$1.29m,1290000,4.65,4.97,,,,,,4.97,,,,,
2026-05-04,92,YCSUSDC,Morpho Blue,Base,"$516,728",516728,4.63,4.63,5.42,,,4.63,,5.42,521237.9185110776,,107465317.32,0,"{""cbETH"":3.94,""cbBTC"":2.43,""mBASIS"":0.78,""WETH"":0.01,""wstETH"":0.96,""cbDOGE"":34.64,""cbXRP"":14.11,""rETH"":0.9,""cbADA"":29.11,""cbLTC"":11.62,""superOETHb"":1.48}"
2026-05-04,93,USDC|Dolomite Balance,Dolomite,Arbitrum,$1.35m,1350000,4.56,4.56,5.74,,,4.56,,5.74,,,,,
2026-05-04,94,BBQUSDC,Morpho Blue,Monad,$2m,2000000,4.55,1.69,2.86,4.42,,2.86,,4.42,3453708.1854201355,,506501017.33,0,"{""PT-USDai-18JUN2026"":22.94,""XAUt0"":0.09,""weETH"":50.22,""syrupUSDC"":5,""WETH"":0.72,""wsrUSD"":0,""wstETH"":18.06,""WBTC"":2.99,""siUSD"":0}"
2026-05-04,95,USDC,Kamino Lend,Solana,$7.99m,7990000,4.55,4.55,3.89,,,4.55,,3.89,,,,,
2026-05-04,96,USDC|Autopilot,Harvest Finance,Base,"$648,237",648237,4.46,4.46,5.16,,,4.46,,5.16,,,,,
2026-05-04,97,USDC|Harvest USDC vault Base,Fusion by IPOR,Base,"$648,251",648251,4.42,4.42,4.88,,,4.42,,4.88,,,,,
2026-05-04,98,USDC,Aave V3,Arbitrum,$14.39m,14390000,4.18,4.18,3.82,,,4.18,,3.82,,,,,
2026-05-04,99,STEAKUSDCFARCASTER,Morpho Blue,Base,"$513,209",513209,4.08,4.08,4.24,,,4.08,,4.24,,,,,
2026-05-04,100,STEAKUSDC,Morpho Blue,Base,$106.79m,106790000,4.08,4.08,4.24,,,4.08,,4.24,129730.87434363076,,64864498.85,0,"{""WBTC"":84.6,""wstETH"":15.4,""WETH"":0}"
2026-05-04,101,PUSDC,Morpho Blue,Base,$26.37m,26370000,4.08,4.08,4.25,,,4.08,,4.25,26369511.09621428,,1023498498.77,2.51,"{""cbBTC"":100}"
2026-05-04,102,FRUSDC,Morpho Blue,Base,$23.77m,23770000,4.08,4.08,4.18,,,4.08,,4.18,23769266.65578826,,0,0,"{""cbBTC"":100}"
2026-05-04,103,TERMUSDC,Morpho Blue,Base,"$978,985",978985,4.08,4.08,4.18,,,4.08,,4.18,978973.7970024615,,198995885.23,0.49,"{""cbBTC"":100}"
2026-05-04,104,GTUSDCP,Morpho Blue,Base,$64.25m,64250000,4.08,4.08,4.24,,,4.08,,4.24,2651621.071416136,,62342608.65,0,"{""sUSDS"":0,""WBTC"":58.02,""wstETH"":37.46,""WETH"":4.52}"
2026-05-04,105,USDC|2026-06-04,Exactly,Op Mainnet,$1.55m,1550000,4.07,4.07,3.96,,,4.07,,3.96,,,,,
2026-05-04,106,USDC|2026-07-02,Exactly,Op Mainnet,$1.55m,1550000,4.04,4.04,3.82,,,4.04,,3.82,,,,,
2026-05-04,107,USDC|2027-01-14,Exactly,Op Mainnet,$1.55m,1550000,4,4,3.5,,,4,,3.5,,,,,
2026-05-04,108,USDC|2026-12-17,Exactly,Op Mainnet,$1.55m,1550000,3.92,3.92,3.73,,,3.92,,3.73,,,,,
2026-05-04,109,VBUSDT,Yearn Finance,Katana,$3.17m,3170000,3.87,3.87,2.7,,,3.87,,2.7,,,,,
2026-05-04,110,USDC|2026-09-24,Exactly,Op Mainnet,$1.55m,1550000,3.84,3.84,3.79,,,3.84,,3.79,,,,,
2026-05-04,111,USDC|2026-10-22,Exactly,Op Mainnet,$1.55m,1550000,3.81,3.81,3.9,,,3.81,,3.9,,,,,
2026-05-04,112,USDC|2026-11-19,Exactly,Op Mainnet,$1.55m,1550000,3.81,3.81,3.65,,,3.81,,3.65,,,,,
2026-05-04,113,USDC|2026-08-27,Exactly,Op Mainnet,$1.55m,1550000,3.79,3.79,3.76,,,3.79,,3.76,,,,,
2026-05-04,114,USDC|2026-07-30,Exactly,Op Mainnet,$1.55m,1550000,3.78,3.78,3.35,,,3.78,,3.35,,,,,
2026-05-04,115,HYPERUSDCA,Morpho Blue,Arbitrum,"$952,413",952413,3.76,3.76,4.37,,,3.76,,4.37,952385.5245471746,,199029914.35,0,"{""sUSDS"":0.9,""sUSDai"":0.63,""PT-thBILL-18JUN2026"":9.36,""PT-sUSDai-18JUN2026"":9.64,""PT-USDai-18JUN2026"":50.71,""Unknown"":0,""weETH"":3.46,""thBILL"":5.37,""WBTC"":18.98,""WETH"":0.94,""PT-sUSDai-19FEB2026"":0}"
2026-05-04,116,USDC|Euler Earn USDC,Euler V2,Arbitrum,"$605,099",605099,3.75,3.75,3.67,,,3.75,,3.67,,,,,
2026-05-04,117,USDY,Toros,Base,"$889,024",889024,3.75,4.35,,,,,,4.35,,,,,
2026-05-04,118,AAVEUSDC-AAVEGHO,Aura,Base,$4.17m,4170000,3.74,3.17,0.57,6.45,,0.57,,6.45,,,,,
2026-05-04,119,WABASGHO-WABASUSDC|Aura,Beefy,Base,$1.02m,1020000,3.7,5.66,,,,,,5.66,,,,,
2026-05-04,120,GTUSDCC,Morpho Blue,Base,$1.79m,1790000,3.66,3.66,4.14,,,3.66,,4.14,1730331.092924173,,6268327.18,0,"{""UBTC"":36.91,""WHYPE"":31.54,""kHYPE"":31.55}"
2026-05-04,121,SPARKUSDC,Morpho Blue,Base,$9.1m,9100000,3.66,3.66,4.14,,,3.66,,4.14,0,,,,
2026-05-04,122,SUSDS,Sky Lending,Arbitrum,$358.1m,358100000,3.65,3.71,,,,,,3.71,,,,,
2026-05-04,123,EARNAUSD|earnAUSD/AUSD,Curvance,Monad,$16.64m,16640000,3.57,0,3.57,1.52,,3.57,,1.52,,,,,
2026-05-04,124,USDY|US Dollar Yield,Ondo Yield Assets,Solana,$180.36m,180360000,3.55,3.55,3.55,3.55,,3.55,,3.55,,,,,
2026-05-04,125,USDY|US Dollar Yield,Ondo Yield Assets,Arbitrum,$5.58m,5580000,3.55,3.55,3.55,3.55,,3.55,,3.55,,,,,
2026-05-04,126,USDC,Compound V3,Base,"$930,436",930436,3.51,3.51,3.85,,,3.51,,3.85,,,,,
2026-05-04,127,GTUSDCC,Morpho Blue,Unichain,$1.09m,1090000,3.46,3.46,6.55,,,3.46,,6.55,1730331.092924173,,6268327.18,0,"{""UBTC"":36.91,""WHYPE"":31.54,""kHYPE"":31.55}"
2026-05-04,128,BBQUSDC,Morpho Blue,Arbitrum,$14.62m,14620000,3.44,3.44,3.6,,,3.44,,3.6,3453708.1854201355,,506501017.33,0,"{""PT-USDai-18JUN2026"":22.94,""XAUt0"":0.09,""weETH"":50.22,""syrupUSDC"":5,""WETH"":0.72,""wsrUSD"":0,""wstETH"":18.06,""WBTC"":2.99,""siUSD"":0}"
2026-05-04,129,PYUSD,Kamino Lend,Solana,$11.14m,11140000,3.43,3.43,3.58,,,3.43,,3.58,,,,,
2026-05-04,130,GTUSDC,Morpho Blue,Katana,$4.45m,4450000,3.42,3.42,2.83,,,3.42,,2.83,,,,,
2026-05-04,131,SUSDAI-USDC,Curve DEX,Arbitrum,$3.76m,3760000,3.39,3.39,4.23,,,3.39,,4.23,,,,,
2026-05-04,132,USDC,Aave V3,Base,$24.66m,24660000,3.33,3.33,3.21,,,3.33,,3.21,,,,,
2026-05-04,133,WYLDS,Hastra,Solana,$2.01m,2009999.9999999998,3.31,3.31,3.29,,,3.31,,3.29,,,,,
2026-05-04,134,EARNAUSD,Neverland,Monad,$2.96m,2960000,3.26,0,3.26,3.62,,3.26,,3.62,,,,,
2026-05-04,135,CUSDO,OpenEden USDO,Solana,$5.7m,5700000,3.24,3.24,3.24,3.24,,3.24,,3.24,,,,,
2026-05-04,136,USDS,Kamino Lend,Solana,$2.07m,2069999.9999999998,3.23,3.23,2,,,3.23,,2,,,,,
2026-05-04,137,GTUSDCP,Morpho Blue,Arbitrum,$2.65m,2650000,3.09,3.09,3.54,,,3.09,,3.54,2651621.071416136,,62342608.65,0,"{""sUSDS"":0,""WBTC"":58.02,""wstETH"":37.46,""WETH"":4.52}"
2026-05-04,138,USDT|Main Pool,Save,Solana,"$760,153",760153,2.96,2.96,3.33,,,2.96,,3.33,,,,,
2026-05-04,139,USDC,Compound V3,Arbitrum,$3.57m,3570000,2.88,2.88,2.43,,,2.88,,2.43,,,,,
2026-05-04,140,USDT,Aave V3,Op Mainnet,"$826,109",826109,2.74,2.74,2.42,,,2.74,,2.42,,,,,
2026-05-04,141,GTUSDCC,Morpho Blue,Arbitrum,$3.33m,3330000,2.67,2.67,3.41,,,2.67,,3.41,1730331.092924173,,6268327.18,0,"{""UBTC"":36.91,""WHYPE"":31.54,""kHYPE"":31.55}"
2026-05-04,142,BBQUSDT0,Morpho Blue,Arbitrum,$19.5m,19500000,2.66,2.66,3.55,,,2.66,,3.55,71464.76741639731,,659727507.85,0,"{""weETH"":27.06,""sUSDS"":26.44,""sUSDe"":0.04,""WBTC"":18.07,""wstETH"":8.19,""WETH"":20.2}"
2026-05-04,143,GTAUSD,Morpho Blue,Katana,"$773,177",773177,2.6,2.6,1.1,,,2.6,,1.1,,,,,
2026-05-04,144,USDPY,Toros,Op Mainnet,$1.08m,1080000,2.56,1.92,,,,,,1.92,,,,,
2026-05-04,145,USDC|Main Pool,Save,Solana,$7.4m,7400000,2.55,2.55,2.57,,,2.55,,2.57,,,,,
2026-05-04,146,USDT,Compound V3,Op Mainnet,$1.13m,1130000,2.5,2.5,2.14,,,2.5,,2.14,,,,,
2026-05-04,147,USDG,Loopscale,Solana,$3.17m,3170000,2.5,2.5,2.59,,,2.5,,2.59,,,,,
2026-05-04,148,USDC,Aave V3,Op Mainnet,$3.38m,3380000,2.38,2.38,1.87,,,2.38,,1.87,,,,,
2026-05-04,149,HYUSD,Loopscale,Solana,"$809,477",809477,2.32,2.32,2.06,,,2.32,,2.06,,,,,
2026-05-04,150,USDT,Compound V3,Arbitrum,$7.05m,7050000,2.32,2.32,1.99,,,2.32,,1.99,,,,,
2026-05-04,151,USDC,Revert Lend,Base,$2.60m,2598212,7.22,7.22,0,7.580000000000001,,7.2700000000000005,,,2598212,,,,
2026-05-04,152,baseUSD,Tokemak,Base,$5.67m,5672290,5.489999999999999,3.5900000000000003,1.9,7.59,,6.72,,,5672290,,,,
2026-05-05,1,MIM-USDC|Mim,Beefy,Arbitrum,$1.2m,1200000,16.09,12.55,,,,,,12.55,,,,,
2026-05-05,2,AUSD-USDC-USDT0,Curve DEX,Monad,$2.96m,2960000,15.96,0,15.96,6.2,,15.96,,6.2,,,,,
2026-05-05,3,ALPHAUSDTPRIME,Morpho Blue,Hyperliquid L1,$2.61m,2610000,15.91,7.51,8.4,23,,8.4,,23,,,,,
2026-05-05,4,SUPERUSDC|SuperVault,Superform,Base,$2.27m,2270000,15.35,4.18,11.17,11.09,,11.17,,11.09,,,,,
2026-05-05,5,MSUSD-FRXUSD,Aerodrome V1,Base,$1.17m,1170000,14.89,14.89,16.46,,,14.89,,16.46,,,,,
2026-05-05,6,USDC-USDT|CL1 - 0.0009%,Aerodrome Slipstream,Base,"$976,660",976660,14.88,13.8,1.08,15.32,10.95,15.32,,10.95,,,,,
2026-05-05,7,USDC-MSUSD|stable - 0.05%,Velodrome V2,Op Mainnet,"$929,300",929300,14.63,14.63,13.81,,,14.63,,13.81,,,,,
2026-05-05,8,USDC-USDM,Mento V3,Monad,"$559,499",559499,14.23,0.67,13.56,14.98,,13.56,,14.98,,,,,
2026-05-05,9,APXUSD|For buying PT-apxUSD-18JUN2026,Pendle,Base,$3.56m,3560000,13.74,13.74,14.24,,,13.74,,14.24,,,,,
2026-05-05,10,USDC-MUSD|CL10 - 0.05%,Aerodrome Slipstream,Base,"$632,226",632226,13.26,13.26,13.6,,,13.26,,13.6,,,,,
2026-05-05,11,USDC|yoUSD,YO Protocol,Base,$17.91m,17910000,11.46,3.66,7.8,14.32,,7.8,,14.32,,,,,
2026-05-05,12,USDC|yoUSD,YO Protocol,Arbitrum,"$591,645",591645,11.46,3.66,7.8,14.31,,7.8,,14.31,,,,,
2026-05-05,13,USDC,Sprinter,Base,$2.96m,2960000,11.35,11.35,,,,,,11.35,,,,,
2026-05-05,14,MIM-USDT0|Mim,Beefy,Arbitrum,$1.09m,1090000,11.16,10.54,,,,,,10.54,,,,,
2026-05-05,15,ALUSD-USDC|Curve,Stake DAO,Arbitrum,"$658,573",658573,11,0.07,10.93,9.54,,10.93,,9.54,,,,,
2026-05-05,16,ALUSD-USDC,Curve DEX,Arbitrum,"$697,866",697866,10.75,0.05,10.7,9.48,,10.7,,9.48,,,,,
2026-05-05,17,SUSDU,Unitas,Solana,$43.78m,43780000,9.95,9.95,10.77,,,9.95,,10.77,,,,,
2026-05-05,18,WNUSDT0-WNAUSD-WNUSDC|Balancer,Beefy,Monad,$3.03m,3030000,9.83,13.76,,,,,,13.76,,,,,
2026-05-05,19,AUSD,Neverland,Monad,$7.04m,7040000,9.72,4.45,5.26,9.64,,5.26,,9.64,,,,,
2026-05-05,20,AUGUSTUSDC,Morpho Blue,Monad,$2.83m,2830000,9.53,6.17,3.36,8.53,,3.36,,8.53,2830311.09231684,,161633918.66,1.72,"{""syzUSD"":27.31,""earnAUSD"":72.69}"
2026-05-05,21,USDC,Neverland,Monad,$13.95m,13950000,9.24,3.88,5.37,8.15,,5.37,,8.15,,,,,
2026-05-05,22,AUSD,Yearn Finance,Katana,$1.62m,1620000,9.14,9.14,0.0001,5.98,,0.0001,,5.98,,,,,
2026-05-05,23,AUGUSTUSDCV2,Morpho Blue,Monad,$5.83m,5830000,9.07,5.8,3.27,8.26,,3.27,,8.26,,,,,
2026-05-05,24,SUSDAI|For buying PT-sUSDai-15OCT2026,Pendle,Arbitrum,$11.72m,11720000,9.03,9.03,8.48,,,9.03,,8.48,,,,,
2026-05-05,25,USDC|vault,Avantis,Base,$48.13m,48130000,9.02,9.02,10.12,,,9.02,,10.12,,,,,
2026-05-05,26,USDT,ZEROBASE CeDeFi,Arbitrum,$7.93m,7930000,9,7,2,9,,2,,9,,,,,
2026-05-05,27,USDC,ZEROBASE CeDeFi,Arbitrum,"$783,503",783503,9,7,2,9,,2,,9,,,,,
2026-05-05,28,MSUSD-USDC,Extra Finance Leverage Farming,Base,$1.12m,1120000,8.83,8.83,11.24,,,8.83,,11.24,,,,,
2026-05-05,29,USDC|baseUSD,AUTOfinance,Base,$6.06m,6060000,8.82,5.15,3.67,8.2,,3.67,,8.2,,,,,
2026-05-05,30,USDC|arbUSD,AUTOfinance,Arbitrum,$3.6m,3600000,8.75,7.52,1.23,11.65,,1.23,,11.65,,,,,
2026-05-05,31,USDC,YieldSeeker,Base,$1.27m,1270000,8.68,8.68,9.27,,,8.68,,9.27,,,,,
2026-05-05,32,ZVUSDC,Zircuit Finance,Base,$1.49m,1490000,8.64,8.64,8.61,,,8.64,,8.61,,,,,
2026-05-05,33,HYPERVBUSDCA,Morpho Blue,Katana,$1.53m,1530000,8.63,8.17,0.46,5.18,,0.46,,5.18,,,,,
2026-05-05,34,SUSDAI|For buying PT-sUSDai-18JUN2026,Pendle,Arbitrum,$6.37m,6370000,8.59,8.59,8.17,,,8.59,,8.17,,,,,
2026-05-05,35,USDT0,Neverland,Monad,$3.64m,3640000,8.59,4.08,4.5,9.18,,4.5,,9.18,,,,,
2026-05-05,36,MSUSD-USDC,Aerodrome V1,Base,$7.64m,7640000,8.5,8.5,10.69,,,8.5,,10.69,,,,,
2026-05-05,37,USDC,HyperLend Pooled,Hyperliquid L1,$6.1m,6100000,8.41,8.41,4.81,,,8.41,,4.81,,,,,
2026-05-05,38,MSUSD-USDC|Aerodrome,Beefy,Base,"$694,244",694244,8.03,10.2,,,,,,10.2,,,,,
2026-05-05,39,AUSD|earnAUSD/AUSD,Curvance,Monad,$3.06m,3060000,7.93,5.43,2.5,7.89,,2.5,,7.89,,,,,
2026-05-05,40,USDC,Loopscale,Solana,$1.66m,1660000,7.88,6.84,1.04,8.41,,1.04,,8.41,,,,,
2026-05-05,41,SUSDAI|For LP | Maturity 15OCT2026,Pendle,Arbitrum,$11.72m,11720000,7.81,7.1,0.72,7.65,,0.72,,7.65,,,,,
2026-05-05,42,SUSDAI|For LP | Maturity 18JUN2026,Pendle,Arbitrum,$6.37m,6370000,7.75,7.05,0.7,7.56,,0.7,,7.56,,,,,
2026-05-05,43,CSUSDC,Morpho Blue,Base,$3.54m,3540000,7.58,7.58,5.44,,,7.58,,5.44,1.0057477317131147,,75990080.91,0,"{""weETH"":35.12,""wstETH"":64.88}"
2026-05-05,44,EARNAUSD,Upshift,Monad,$34.25m,34250000,7.57,6.22,1.35,8.01,,1.35,,8.01,,,,,
2026-05-05,45,HYPERUSDCA,Morpho Blue,Monad,$14.94m,14940000,7.5,4.13,3.38,7.06,,3.38,,7.06,950769.8324627042,,199015781.34,0,"{""PT-USDai-18JUN2026"":25.87,""sUSDS"":23.1,""weETH"":9.78,""thBILL"":7.01,""WBTC"":13.57,""WETH"":1.56,""sUSDai"":2.52,""PT-thBILL-18JUN2026"":6.93,""PT-sUSDai-18JUN2026"":9.65}"
2026-05-05,46,SYZUSD,Yuzu Money,Monad,$12.69m,12690000,7.37,7.37,7.54,,,7.37,,7.54,,,,,
2026-05-05,47,USDC,DeltaPrime,Arbitrum,"$676,668",676668,7.31,7.31,6.43,,,7.31,,6.43,,,,,
2026-05-05,48,FEUSDC2,Morpho Blue,Hyperliquid L1,$19.62m,19620000,7.3,7.3,7.01,,,7.3,,7.01,19700480.83239476,,30288646.75,39.41,"{""wstHYPE"":1.66,""kHYPE"":14.4,""WHYPE"":83.94}"
2026-05-05,49,USDC|40 Acres,Harvest Finance,Base,$1.98m,1980000,7.25,7.25,6.64,,,7.25,,6.64,,,,,
2026-05-05,50,SUSDAI|30d unlock,USD AI,Arbitrum,$273.67m,273670000,7.21,7.21,7.01,,,7.21,,7.01,,,,,
2026-05-05,51,APXUSD|For LP | Maturity 18JUN2026,Pendle,Base,$3.56m,3560000,7.21,5.94,1.27,8.65,,1.27,,8.65,,,,,
2026-05-05,52,USDC,Compound V3,Base,"$816,387",816387,7.04,7.04,3.91,,,7.04,,3.91,,,,,
2026-05-05,53,AUSD|vUSD/AUSD,Curvance,Monad,$1.47m,1470000,7,4,3,6.17,,3,,6.17,,,,,
2026-05-05,54,USDAI|For buying PT-USDai-15OCT2026,Pendle,Arbitrum,"$890,185",890185,6.8,6.8,6.98,,,6.8,,6.98,,,,,
2026-05-05,55,BBQUSD1,Morpho Blue,Monad,$1.04m,1040000,6.8,2.12,4.68,115,,4.68,,115,1039362.9662470308,,48948392.55,0,"{""wsrUSD"":100}"
2026-05-05,56,AUSD|syzUSD/AUSD,Curvance,Monad,"$850,827",850827,6.62,4.62,2,6.75,,2,,6.75,,,,,
2026-05-05,57,FEUSDT02,Morpho Blue,Hyperliquid L1,$1.91m,1910000,6.48,6.48,7.47,,,6.48,,7.47,1900085.0158157293,,55088551.48,3.33,"{""thBILL"":56.88,""kHYPE"":19.13,""hbUSDT"":3.14,""WHYPE"":1.31,""UETH"":8.72,""UBTC"":6.92,""hwHLP"":3.21,""WHLP"":0.66,""PT-hbUSDT-18DEC2025"":0.03}"
2026-05-05,58,DTUSDC,Lagoon,Base,"$685,834",685834,6.43,6.43,5.6,,,6.43,,5.6,,,,,
2026-05-05,59,EDGEUSDC,Morpho Blue,Base,"$876,148",876148,6.4,3.88,2.52,6.11,,2.52,,6.11,101743.07115595536,,29893239.61,0.34,"{""wstETH"":31.4,""sUSDS"":7.7,""WBTC"":60.9}"
2026-05-05,60,GHO,Fluid Lending,Arbitrum,$2.74m,2740000,6.33,6.33,6.03,,,6.33,,6.03,,,,,
2026-05-05,61,FEUSDC,Morpho Blue,Hyperliquid L1,$20.88m,20880000,6.25,6.25,6.1,,,6.25,,6.1,20819263.869466424,,73160295.99,22.15,"{""kHYPE"":97.08,""UBTC"":1.33,""WHYPE"":1.55,""PT-kHYPE-19MAR2026"":0.04}"
2026-05-05,62,USDC,MortgageFi,Base,"$776,753",776753,6.14,8.62,,,,,,8.62,,,,,
2026-05-05,63,FEUSDH2,Morpho Blue,Hyperliquid L1,$10.55m,10550000,6.12,6.12,6.82,,,6.12,,6.82,10560803.553388862,,29429087.81,26.41,"{""kHYPE"":26.05,""WHYPE"":59.32,""wstHYPE"":14.63}"
2026-05-05,64,FEUSDE,Morpho Blue,Hyperliquid L1,"$911,332",911332,6.01,6.01,9.21,,,6.01,,9.21,911196.6072856621,,16072481.16,5.37,"{""UBTC"":36.7,""WHYPE"":63.3}"
2026-05-05,65,USDAI|For buying PT-USDai-18JUN2026,Pendle,Arbitrum,$36.31m,36310000,6.01,6.01,5.92,,,6.01,,5.92,,,,,
2026-05-05,66,BBQUSDT0,Morpho Blue,Monad,$5.85m,5850000,5.97,2.22,3.75,6.56,,3.75,,6.56,71476.41942792934,,659774924.45,0,"{""sUSDe"":0.04,""weETH"":75.1,""sUSDS"":0,""wstETH"":1.08,""WETH"":23.78}"
2026-05-05,67,BBQAUSD,Morpho Blue,Monad,"$980,138",980138,5.88,1.25,4.63,8.71,,4.63,,8.71,992635.8335820244,,228934762.49,0,"{""WBTC"":26.02,""wstETH"":34.79,""wsrUSD"":32.69,""XAUt0"":0.83,""WMON"":0.32,""WETH"":5.35,""SOL"":0}"
2026-05-05,68,USDC,Harmonix Finance,Arbitrum,"$819,238",819238,5.85,5.85,5.48,,,5.85,,5.48,,,,,
2026-05-05,69,USDC,Extra Finance Leverage Farming,Base,$3.97m,3970000,5.77,5.77,5.59,,,5.77,,5.59,,,,,
2026-05-05,70,USDG,Kamino Lend,Solana,$1.54m,1540000,5.65,5.65,5.87,,,5.65,,5.87,,,,,
2026-05-05,71,USDC,Fluid Lending,Base,$13.72m,13720000,5.59,4.01,1.58,6.38,,1.58,,6.38,,,,,
2026-05-05,72,USDC,Gains Network,Arbitrum,$5.4m,5400000,5.58,5.58,6.38,,,5.58,,6.38,,,,,
2026-05-05,73,USDC,Fluid Lending,Arbitrum,$40.09m,40090000,5.57,4.79,0.78,6.12,,0.78,,6.12,,,,,
2026-05-05,74,USDC-ALUSD|stable - 0.05%,Velodrome V2,Op Mainnet,$1.62m,1620000,5.51,5.51,5.42,,,5.51,,5.42,,,,,
2026-05-05,75,FEUSDH,Morpho Blue,Hyperliquid L1,$4.48m,4480000,5.51,5.51,7.27,,,5.51,,7.27,4479192.451588588,,35510698.91,11.2,"{""UBTC"":8.54,""kHYPE"":13.22,""WHYPE"":78.24}"
2026-05-05,76,USDC|Autopilot,Harvest Finance,Base,"$663,203",663203,5.46,5.46,5.2,,,5.46,,5.2,,,,,
2026-05-05,77,USDT,ZEROBASE CeDeFi,Op Mainnet,$8.1m,8100000,5.3,3.3,2,5.3,,2,,5.3,,,,,
2026-05-05,78,USDC,Kamino Lend,Solana,$7.87m,7870000,5.29,5.29,3.95,,,5.29,,3.95,,,,,
2026-05-05,79,VBUSDC,Yearn Finance,Katana,$7.49m,7490000,5.25,4.05,1.2,2.47,,1.2,,2.47,,,,,
2026-05-05,80,GTUSDC,Morpho Blue,Katana,$4.33m,4330000,5.14,3.68,1.46,2.95,,1.46,,2.95,,,,,
2026-05-05,81,BBQUSDC,Morpho Blue,Base,$20.4m,20400000,5.04,5.04,5.5,,,5.04,,5.5,3422161.136799417,,506492544.36,0,"{""PT-USDai-18JUN2026"":26.95,""weETH"":48.97,""syrupUSDC"":4.24,""WETH"":2.5,""XAUt0"":0.04,""wsrUSD"":0,""wstETH"":0,""WBTC"":17.3,""siUSD"":0}"
2026-05-05,82,MWUSDC,Morpho Blue,Base,$9.8m,9800000,5,4.03,0.97,4.48,,0.97,,4.48,23136.50748393569,,,,"{""Unknown"":100}"
2026-05-05,83,USDC|Dolomite Balance,Dolomite,Arbitrum,$1.23m,1230000,4.92,4.92,5.79,,,4.92,,5.79,,,,,
2026-05-05,84,WABASGHO-WABASUSDC|Aura,Beefy,Base,"$975,193",975193,4.9,5.76,,,,,,5.76,,,,,
2026-05-05,85,GTUSDCP,Morpho Blue,Op Mainnet,$7.98m,7980000,4.88,2.54,2.34,4.81,,2.34,,4.81,2373722.7617478124,,62615406.37,0,"{""wstETH"":64.41,""WETH"":1.32,""sUSDS"":0,""WBTC"":34.27}"
2026-05-05,86,USDC|SuperchargerV2,WOOFi Earn,Base,"$538,151",538151,4.87,4.87,4.86,,,4.87,,4.86,,,,,
2026-05-05,87,FEUSDT0,Morpho Blue,Hyperliquid L1,$13.13m,13130000,4.86,4.86,7.62,,,4.86,,7.62,13127816.81710289,,94149879.36,12.24,"{""PT-kHYPE-19MAR2026"":5.21,""beHYPE"":0.39,""UBTC"":6.47,""WHYPE"":26.71,""kHYPE"":60.74,""wstHYPE"":0.48}"
2026-05-05,88,GHO,Fluid Lending,Base,"$848,512",848512,4.84,4.84,3.81,,,4.84,,3.81,,,,,
2026-05-05,89,USDC|SuperchargerV2,WOOFi Earn,Arbitrum,"$768,297",768297,4.72,4.72,4.71,,,4.72,,4.71,,,,,
2026-05-05,90,USDC,Moonwell Lending,Base,$2.71m,2710000,4.7,3.48,1.22,4.55,,1.22,,4.55,,,,,
2026-05-05,91,USDC|Morpho,Beefy,Base,$1.38m,1380000,4.61,4.98,,,,,,4.98,,,,,
2026-05-05,92,YCSUSDC,Morpho Blue,Base,"$521,340",521340,4.57,4.57,5.41,,,4.57,,5.41,519894.32711461803,,107461815.36,0,"{""cbBTC"":2.17,""WETH"":0.01,""cbETH"":3.95,""rETH"":0.91,""cbADA"":29.18,""wstETH"":0.96,""mBASIS"":0.78,""cbDOGE"":34.73,""cbLTC"":11.66,""cbXRP"":14.14,""superOETHb"":1.49}"
2026-05-05,93,BBQUSDC,Morpho Blue,Monad,$1.8m,1800000,4.41,1.04,3.38,4.4,,3.38,,4.4,3422161.136799417,,506492544.36,0,"{""PT-USDai-18JUN2026"":26.95,""weETH"":48.97,""syrupUSDC"":4.24,""WETH"":2.5,""XAUt0"":0.04,""wsrUSD"":0,""wstETH"":0,""WBTC"":17.3,""siUSD"":0}"
2026-05-05,94,GTUSDCF,Morpho Blue,Base,"$788,445",788445,4.39,4.39,5.21,,,4.39,,5.21,1579658.571785928,,110001305.7,0,"{""cbXRP"":0.04,""cbBTC"":97.13,""cbDOGE"":0,""cbADA"":1.5,""cbETH"":1.34}"
2026-05-05,95,GTUSDCC,Morpho Blue,Hyperliquid L1,$2.2m,2200000,4.26,4.26,6.21,,,4.26,,6.21,1459902.6892061578,,6538357.72,0,"{""UBTC"":29.34,""WHYPE"":33.27,""kHYPE"":37.4}"
2026-05-05,96,VBUSDT,Yearn Finance,Katana,$4.45m,4450000,4.23,2.67,1.56,2.47,,1.56,,2.47,,,,,
2026-05-05,97,USDC|Harvest USDC vault Base,Fusion by IPOR,Base,"$663,199",663199,4.19,4.19,4.91,,,4.19,,4.91,,,,,
2026-05-05,98,USDC|2026-06-04,Exactly,Op Mainnet,$1.58m,1580000,4.07,4.07,3.97,,,4.07,,3.97,,,,,
2026-05-05,99,USDC|2026-07-02,Exactly,Op Mainnet,$1.58m,1580000,4.05,4.05,3.83,,,4.05,,3.83,,,,,
2026-05-05,100,STEAKUSDCFARCASTER,Morpho Blue,Base,"$504,757",504757,4.04,4.04,4.25,,,4.04,,4.25,,,,,
2026-05-05,101,STEAKUSDC,Morpho Blue,Base,$109.51m,109510000,4.04,4.04,4.25,,,4.04,,4.25,129944.47722457482,,64859184.65,0,"{""WBTC"":100,""wstETH"":0}"
2026-05-05,102,GTUSDCP,Morpho Blue,Base,$64.17m,64170000,4.04,4.04,4.25,,,4.04,,4.25,2373722.7617478124,,62615406.37,0,"{""wstETH"":64.41,""WETH"":1.32,""sUSDS"":0,""WBTC"":34.27}"
2026-05-05,103,PUSDC,Morpho Blue,Base,$26.16m,26160000,4.04,4.04,4.26,,,4.04,,4.26,26162782.680022493,,1023658117.76,2.49,"{""cbBTC"":100}"
2026-05-05,104,FRUSDC,Morpho Blue,Base,$23.77m,23770000,4.04,4.04,4.17,,,4.04,,4.17,23770791.33669873,,0,0,"{""cbBTC"":100}"
2026-05-05,105,TERMUSDC,Morpho Blue,Base,"$979,008",979008,4.04,4.04,4.17,,,4.04,,4.17,979036.5933295069,,198986849.2,0.49,"{""cbBTC"":100}"
2026-05-05,106,USDC|2027-01-14,Exactly,Op Mainnet,$1.58m,1580000,4.03,4.03,3.51,,,4.03,,3.51,,,,,
2026-05-05,107,BBQUSDC,Morpho Blue,Arbitrum,$14.75m,14750000,4.02,4.02,3.62,,,4.02,,3.62,3422161.136799417,,506492544.36,0,"{""PT-USDai-18JUN2026"":26.95,""weETH"":48.97,""syrupUSDC"":4.24,""WETH"":2.5,""XAUt0"":0.04,""wsrUSD"":0,""wstETH"":0,""WBTC"":17.3,""siUSD"":0}"
2026-05-05,108,USDC|2026-12-17,Exactly,Op Mainnet,$1.58m,1580000,3.97,3.97,3.74,,,3.97,,3.74,,,,,
2026-05-05,109,GTUSDCC,Morpho Blue,Arbitrum,$3.33m,3330000,3.95,3.95,3.38,,,3.95,,3.38,1459902.6892061578,,6538357.72,0,"{""UBTC"":29.34,""WHYPE"":33.27,""kHYPE"":37.4}"
2026-05-05,110,HYPERUSDCA,Morpho Blue,Arbitrum,"$950,720",950720,3.89,3.89,4.31,,,3.89,,4.31,950769.8324627042,,199015781.34,0,"{""PT-USDai-18JUN2026"":25.87,""sUSDS"":23.1,""weETH"":9.78,""thBILL"":7.01,""WBTC"":13.57,""WETH"":1.56,""sUSDai"":2.52,""PT-thBILL-18JUN2026"":6.93,""PT-sUSDai-18JUN2026"":9.65}"
2026-05-05,111,USDC|2026-09-24,Exactly,Op Mainnet,$1.58m,1580000,3.88,3.88,3.78,,,3.88,,3.78,,,,,
2026-05-05,112,USDC|2026-10-22,Exactly,Op Mainnet,$1.58m,1580000,3.87,3.87,3.89,,,3.87,,3.89,,,,,
2026-05-05,113,USDC|2026-11-19,Exactly,Op Mainnet,$1.58m,1580000,3.87,3.87,3.65,,,3.87,,3.65,,,,,
2026-05-05,114,USDC|TermMax USDC Vault,TermMax,Base,$1.25m,1250000,3.86,3.86,2.29,,,3.86,,2.29,,,,,
2026-05-05,115,USDC|2026-08-27,Exactly,Op Mainnet,$1.58m,1580000,3.84,3.84,3.74,,,3.84,,3.74,,,,,
2026-05-05,116,USDC|2026-07-30,Exactly,Op Mainnet,$1.58m,1580000,3.82,3.82,3.34,,,3.82,,3.34,,,,,
2026-05-05,117,AAVEUSDC-AAVEGHO,Aura,Base,$4.13m,4130000,3.8,3.22,0.58,6.52,,0.58,,6.52,,,,,
2026-05-05,118,MSUSD-USDC|CL50 - 0.05%,Aerodrome Slipstream,Base,$22.05m,22050000,3.8,1.86,1.94,0.51,2.96,0.51,,2.96,,,,,
2026-05-05,119,GTUSDT,Morpho Blue,Katana,$62.71m,62710000,3.72,1.97,1.75,1.67,,1.75,,1.67,9.997921358339394e-7,,39991.69,0,"{""WHYPE"":100}"
2026-05-05,120,SUSDS,Sky Lending,Arbitrum,$358.13m,358130000,3.65,3.65,3.71,,,3.65,,3.71,,,,,
2026-05-05,121,GTUSDCC,Morpho Blue,Base,$1.8m,1800000,3.63,3.63,4.14,,,3.63,,4.14,1459902.6892061578,,6538357.72,0,"{""UBTC"":29.34,""WHYPE"":33.27,""kHYPE"":37.4}"
2026-05-05,122,SPARKUSDC,Morpho Blue,Base,$9.15m,9150000,3.61,3.61,4.14,,,3.61,,4.14,0,,,,
2026-05-05,123,USDY|US Dollar Yield,Ondo Yield Assets,Solana,$180.37m,180370000,3.55,3.55,3.55,3.55,,3.55,,3.55,,,,,
2026-05-05,124,USDY|US Dollar Yield,Ondo Yield Assets,Arbitrum,$5.58m,5580000,3.55,3.55,3.55,3.55,,3.55,,3.55,,,,,
2026-05-05,125,USDY,Toros,Base,"$889,075",889075,3.51,4.34,,,,,,4.34,,,,,
2026-05-05,126,USDC,Aave V3,Base,$22.21m,22210000,3.42,3.42,3.24,,,3.42,,3.24,,,,,
2026-05-05,127,SUSDAI-USDC,Curve DEX,Arbitrum,$3.76m,3760000,3.42,3.42,4.22,,,3.42,,4.22,,,,,
2026-05-05,128,EARNAUSD,Neverland,Monad,$2.96m,2960000,3.41,0,3.41,3.59,,3.41,,3.59,,,,,
2026-05-05,129,USDS,Kamino Lend,Solana,$1.98m,1980000,3.31,3.31,2.08,,,3.31,,2.08,,,,,
2026-05-05,130,AAVEGHO-USDT-USDC,Aura,Arbitrum,$4.07m,4070000.0000000005,3.31,2.96,0.35,8.02,,0.35,,8.02,,,,,
2026-05-05,131,WYLDS,Hastra,Solana,$1.98m,1980000,3.29,3.29,3.29,,,3.29,,3.29,,,,,
2026-05-05,132,WAARBUSDCN-WAARBUSDT-WAARBGHO|Aura,Beefy,Arbitrum,$1.68m,1680000,3.28,5.98,,,,,,5.98,,,,,
2026-05-05,133,GTUSDCC,Morpho Blue,Unichain,$1.09m,1090000,3.27,3.27,6.54,,,3.27,,6.54,1459902.6892061578,,6538357.72,0,"{""UBTC"":29.34,""WHYPE"":33.27,""kHYPE"":37.4}"
2026-05-05,134,CUSDO,OpenEden USDO,Solana,$5.7m,5700000,3.24,3.24,3.24,3.24,,3.24,,3.24,,,,,
2026-05-05,135,GTUSDCP,Morpho Blue,Arbitrum,$2.47m,2470000,3.17,3.17,3.54,,,3.17,,3.54,2373722.7617478124,,62615406.37,0,"{""wstETH"":64.41,""WETH"":1.32,""sUSDS"":0,""WBTC"":34.27}"
2026-05-05,136,USDC,Aave V3,Arbitrum,$19.18m,19180000,3.13,3.13,3.89,,,3.13,,3.89,,,,,
2026-05-05,137,EARNAUSD|earnAUSD/AUSD,Curvance,Monad,$16.52m,16520000,3.03,0,3.03,1.64,,3.03,,1.64,,,,,
2026-05-05,138,USDT|Main Pool,Save,Solana,"$741,427",741427,2.99,2.99,3.31,,,2.99,,3.31,,,,,
2026-05-05,139,BBQUSDT0,Morpho Blue,Arbitrum,$19.28m,19280000,2.87,2.87,3.48,,,2.87,,3.48,71476.41942792934,,659774924.45,0,"{""sUSDe"":0.04,""weETH"":75.1,""sUSDS"":0,""wstETH"":1.08,""WETH"":23.78}"
2026-05-05,140,USDT,Aave V3,Op Mainnet,"$802,990",802990,2.76,2.76,2.45,,,2.76,,2.45,,,,,
2026-05-05,141,USDC|Euler Earn USDC,Euler V2,Arbitrum,"$603,154",603154,2.72,2.72,3.65,,,2.72,,3.65,,,,,
2026-05-05,142,USDC,Compound V3,Arbitrum,$4.72m,4720000,2.68,2.68,2.44,,,2.68,,2.44,,,,,
2026-05-05,143,USDC|Main Pool,Save,Solana,$6.73m,6730000,2.66,2.66,2.57,,,2.66,,2.57,,,,,
2026-05-05,144,USDC,Yearn Finance,Base,$1.02m,1020000,2.59,2.59,2.41,,,2.59,,2.41,,,,,
2026-05-05,145,GTAUSD,Morpho Blue,Katana,"$764,863",764863,2.55,2.55,1.18,,,2.55,,1.18,,,,,
2026-05-05,146,USDT,Compound V3,Op Mainnet,$1.13m,1130000,2.5,2.5,2.15,,,2.5,,2.15,,,,,
2026-05-05,147,USDG,Loopscale,Solana,$3.17m,3170000,2.5,2.5,2.59,,,2.5,,2.59,,,,,
2026-05-05,148,USDC,Aave V3,Op Mainnet,$3.44m,3440000,2.37,2.37,1.89,,,2.37,,1.89,,,,,
2026-05-05,149,USDC,Gains Network,Base,$2.55m,2550000,2.34,2.34,2.05,,,2.34,,2.05,,,,,
2026-05-05,150,HYUSD,Loopscale,Solana,"$801,466",801466,2.34,2.34,2.07,,,2.34,,2.07,,,,,
2026-05-05,151,USDC,Revert Lend,Base,$2.63m,2627722,6.61,6.61,0,7.5,,7.26,,,2627722,,,,
2026-05-05,152,baseUSD,Tokemak,Base,$6.06m,6056073,8.28,6.36,1.92,7.62,,6.819999999999999,,,6056073,,,,
2026-05-06,1,WNUSDT0-WNAUSD-WNUSDC|Balancer,Beefy,Monad,$3.03m,3030000,18.74,13.71,,,,,,13.71,,,,,
2026-05-06,2,ALPHAUSDTPRIME,Morpho Blue,Hyperliquid L1,$2.68m,2680000,17.99,9.86,8.13,22.34,,8.13,,22.34,,,,,
2026-05-06,3,USDC-USDT|CL1 - 0.0009%,Aerodrome Slipstream,Base,"$961,045",961045,17.16,15.57,1.6,15.33,11.22,15.33,,11.22,,,,,
2026-05-06,4,MIM-USDC|Mim,Beefy,Arbitrum,$1.21m,1210000,16.45,12.94,,,,,,12.94,,,,,
2026-05-06,5,AUSD-USDC-USDT0,Curve DEX,Monad,$3.85m,3850000,15.93,0,15.93,6.87,,15.93,,6.87,,,,,
2026-05-06,6,MSUSD-FRXUSD,Aerodrome V1,Base,$1.16m,1160000,15.84,15.84,16.41,,,15.84,,16.41,,,,,
2026-05-06,7,USDC-MSUSD|stable - 0.05%,Velodrome V2,Op Mainnet,"$929,604",929604,14.94,14.94,14,,,14.94,,14,,,,,
2026-05-06,8,USDC-USDM,Mento V3,Monad,"$555,580",555580,14.62,0.97,13.65,14.91,,13.65,,14.91,,,,,
2026-05-06,9,APXUSD|For buying PT-apxUSD-18JUN2026,Pendle,Base,$3.56m,3560000,14.56,14.56,14.23,,,14.56,,14.23,,,,,
2026-05-06,10,AUSD,Metrom,Katana,$1.64m,1640000,13.65,9.2,4.45,13.63,,4.45,,13.63,,,,,
2026-05-06,11,USDC,Metrom,Katana,$14.74m,14740000,12.04,2.24,9.79,11.85,,9.79,,11.85,,,,,
2026-05-06,12,ALUSD-USDC|Curve,Stake DAO,Arbitrum,"$654,879",654879,11.65,0.18,11.47,9.51,,11.47,,9.51,,,,,
2026-05-06,13,ALUSD-USDC,Curve DEX,Arbitrum,"$668,723",668723,11.55,0.06,11.49,9.55,,11.49,,9.55,,,,,
2026-05-06,14,USDC|yoUSD,YO Protocol,Base,$17.6m,17600000,11.52,3.72,7.8,14.56,,7.8,,14.56,,,,,
2026-05-06,15,USDC|yoUSD,YO Protocol,Arbitrum,"$590,273",590273,11.52,3.72,7.8,14.54,,7.8,,14.54,,,,,
2026-05-06,16,MIM-USDT0|Mim,Beefy,Arbitrum,$1.1m,1100000,11.42,10.6,,,,,,10.6,,,,,
2026-05-06,17,USDC,Sprinter,Base,$2.96m,2960000,11.35,11.35,,,,,,11.35,,,,,
2026-05-06,18,AUGUSTUSDC,Morpho Blue,Monad,$2.83m,2830000,11.29,7.78,3.5,8.56,,3.5,,8.56,4010.2191865664017,,164455227.84,0,"{""earnAUSD"":100}"
2026-05-06,19,USDT,Metrom,Katana,$4.47m,4470000,10.43,2.67,7.75,9.99,,7.75,,9.99,,,,,
2026-05-06,20,SUSDU,Unitas,Solana,$42.69m,42690000,10.22,10.22,10.62,,,10.22,,10.62,,,,,
2026-05-06,21,FEUSDC2,Morpho Blue,Hyperliquid L1,$20.49m,20490000,10.12,10.12,7.18,,,10.12,,7.18,20570665.777472306,,29414932.49,41.15,"{""kHYPE"":13.57,""WHYPE"":85.37,""wstHYPE"":1.05}"
2026-05-06,22,SUPERUSDC|SuperVault,Superform,Base,$2.43m,2430000,9.89,3.63,6.26,11.4,,6.26,,11.4,,,,,
2026-05-06,23,AUSD,Neverland,Monad,$7.65m,7650000,9.53,4.36,5.17,9.64,,5.17,,9.64,,,,,
2026-05-06,24,MSUSD-USDC,Extra Finance Leverage Farming,Base,$1.12m,1120000,9.28,9.28,11.22,,,9.28,,11.22,,,,,
2026-05-06,25,AUSD,Yearn Finance,Katana,$1.59m,1590000,9.2,9.2,0.0001,6.32,,0.0001,,6.32,,,,,
2026-05-06,26,USDC|vault,Avantis,Base,$47.83m,47830000,9.17,9.17,10.12,,,9.17,,10.12,,,,,
2026-05-06,27,FEUSDH2,Morpho Blue,Hyperliquid L1,$10.17m,10170000,9.09,9.09,6.94,,,9.09,,6.94,10126815.138883451,,29864664.24,25.32,"{""kHYPE"":26.3,""WHYPE"":60.03,""wstHYPE"":13.67}"
2026-05-06,28,SUSDAI|For buying PT-sUSDai-15OCT2026,Pendle,Arbitrum,$11.22m,11220000,9.09,9.09,8.52,,,9.09,,8.52,,,,,
2026-05-06,29,MSUSD-USDC,Aerodrome V1,Base,$7.64m,7640000,9.01,9.01,10.63,,,9.01,,10.63,,,,,
2026-05-06,30,USDT,ZEROBASE CeDeFi,Arbitrum,$7.93m,7930000,9,7,2,9,,2,,9,,,,,
2026-05-06,31,USDC,ZEROBASE CeDeFi,Arbitrum,"$783,532",783532,9,7,2,9,,2,,9,,,,,
2026-05-06,32,USDC,Neverland,Monad,$15.09m,15090000,8.95,3.78,5.17,8.19,,5.17,,8.19,,,,,
2026-05-06,33,USDC|baseUSD,AUTOfinance,Base,$6.11m,6110000,8.91,5.22,3.69,8.29,,3.69,,8.29,,,,,
2026-05-06,34,AUSD|earnAUSD/AUSD,Curvance,Monad,$1.91m,1910000,8.84,6.34,2.5,7.97,,2.5,,7.97,,,,,
2026-05-06,35,SUSDAI|For buying PT-sUSDai-18JUN2026,Pendle,Arbitrum,$6.39m,6390000,8.82,8.82,8.24,,,8.82,,8.24,,,,,
2026-05-06,36,USDC-MUSD|CL10 - 0.05%,Aerodrome Slipstream,Base,"$906,410",906410,8.79,8.79,13.42,,,8.79,,13.42,,,,,
2026-05-06,37,USDC,YieldSeeker,Base,$1.26m,1260000,8.77,8.77,9.23,,,8.77,,9.23,,,,,
2026-05-06,38,ZVUSDC,Zircuit Finance,Base,$1.5m,1500000,8.7,8.7,8.6,,,8.7,,8.6,,,,,
2026-05-06,39,BBQAUSD,Morpho Blue,Monad,"$625,459",625459,8.55,1.39,7.15,8.58,,7.15,,8.58,638224.9617292066,,229345927.61,0,"{""wstETH"":20.2,""WETH"":1.35,""wsrUSD"":77.14,""WMON"":0.06,""XAUt0"":1.26,""SOL"":0}"
2026-05-06,40,SUSDAI|For LP | Maturity 15OCT2026,Pendle,Arbitrum,$11.22m,11220000,8.47,7.72,0.75,7.71,,0.75,,7.71,,,,,
2026-05-06,41,MSUSD-USDC|Aerodrome,Beefy,Base,"$694,522",694522,8.43,10.14,,,,,,10.14,,,,,
2026-05-06,42,SUSDAI|For LP | Maturity 18JUN2026,Pendle,Arbitrum,$6.39m,6390000,8.4,7.7,0.7,7.64,,0.7,,7.64,,,,,
2026-05-06,43,GTUSDCC,Morpho Blue,Hyperliquid L1,$1.4m,1400000,8.36,8.36,6.31,,,8.36,,6.31,1978109.9825655108,,6019585.74,0,"{""kHYPE"":27.61,""UBTC"":52.87,""WHYPE"":19.53}"
2026-05-06,44,USDT0,Neverland,Monad,$3.3m,3300000,8.26,4.4,3.86,9.17,,3.86,,9.17,,,,,
2026-05-06,45,APXUSD|For LP | Maturity 18JUN2026,Pendle,Base,$3.56m,3560000,8.07,7.13,0.94,8.59,,0.94,,8.59,,,,,
2026-05-06,46,USDC,Loopscale,Solana,$1.68m,1680000,7.87,6.83,1.03,8.39,,1.03,,8.39,,,,,
2026-05-06,47,SUSDAI|30d unlock,USD AI,Arbitrum,$255.21m,255210000,7.61,7.61,7.08,,,7.61,,7.08,,,,,
2026-05-06,48,FEUSDC,Morpho Blue,Hyperliquid L1,$20.31m,20310000,7.54,7.54,6.21,,,7.54,,6.21,20401974.92529365,,73570949.82,21.71,"{""kHYPE"":97.55,""UBTC"":1.04,""WHYPE"":1.36,""PT-kHYPE-19MAR2026"":0.04}"
2026-05-06,49,USDC,DeltaPrime,Arbitrum,"$676,745",676745,7.48,7.48,6.42,,,7.48,,6.42,,,,,
2026-05-06,50,USDC|arbUSD,AUTOfinance,Arbitrum,$3.45m,3450000,7.47,6.1,1.37,11.57,,1.37,,11.57,,,,,
2026-05-06,51,EARNAUSD,Upshift,Monad,$34.7m,34700000,7.46,6.07,1.38,7.95,,1.38,,7.95,,,,,
2026-05-06,52,FEUSDE,Morpho Blue,Hyperliquid L1,"$812,587",812587,7.44,7.44,8.95,,,7.44,,8.95,820685.7326238953,,16164950.59,4.83,"{""UBTC"":40.8,""WHYPE"":59.2}"
2026-05-06,53,SYZUSD,Yuzu Money,Monad,$12.69m,12690000,7.27,7.27,7.55,,,7.27,,7.55,,,,,
2026-05-06,54,USDC|40 Acres,Harvest Finance,Base,$1.97m,1970000,7.25,7.25,6.61,,,7.25,,6.61,,,,,
2026-05-06,55,HYPERUSDCA,Morpho Blue,Monad,$16.21m,16210000,7.2,4.06,3.14,7.06,,3.14,,7.06,972889.3973005444,,198963543.19,0,"{""thBILL"":2.91,""WBTC"":22.19,""WETH"":1.54,""sUSDS"":4.62,""weETH"":19.93,""sUSDai"":3.7,""PT-thBILL-18JUN2026"":8.83,""PT-USDai-18JUN2026"":26.82,""PT-sUSDai-18JUN2026"":9.46}"
2026-05-06,56,FEUSDH,Morpho Blue,Hyperliquid L1,$4.21m,4210000,7.13,7.13,7.38,,,7.13,,7.38,4209886.887139831,,35781592.49,10.53,"{""UBTC"":9.02,""kHYPE"":9.79,""WHYPE"":81.19}"
2026-05-06,57,AUSD|vUSD/AUSD,Curvance,Monad,$1.47m,1470000,7,4,3,6.23,,3,,6.23,,,,,
2026-05-06,58,USDC,Gains Network,Arbitrum,$5.4m,5400000,6.88,6.88,6.29,,,6.88,,6.29,,,,,
2026-05-06,59,AUSD|syzUSD/AUSD,Curvance,Monad,"$750,732",750732,6.86,4.86,2,6.79,,2,,6.79,,,,,
2026-05-06,60,USDAI|For buying PT-USDai-15OCT2026,Pendle,Arbitrum,"$885,070",885070,6.82,6.82,7.03,,,6.82,,7.03,,,,,
2026-05-06,61,EDGEUSDC,Morpho Blue,Base,"$876,354",876354,6.73,4.06,2.67,6.25,,2.67,,6.25,101743.02125300061,,29888721.87,0.34,"{""sUSDS"":7.8,""WBTC"":60.8,""wstETH"":31.4}"
2026-05-06,62,BBQUSD1,Morpho Blue,Monad,$1.1m,1100000,6.72,2.14,4.58,115,,4.58,,115,748012.8257024734,,49224599.71,0,"{""wsrUSD"":100}"
2026-05-06,63,USDC,MortgageFi,Base,"$790,616",790616,6.59,8.37,,,,,,8.37,,,,,
2026-05-06,64,FEUSDT02,Morpho Blue,Hyperliquid L1,$1.89m,1890000,6.56,6.56,7.54,,,6.56,,7.54,1893244.8043519934,,55093618.06,3.32,"{""kHYPE"":18.82,""WHLP"":0.66,""thBILL"":57.67,""hwHLP"":3.22,""UETH"":8.71,""WHYPE"":2.62,""UBTC"":6.83,""hbUSDT"":1.44,""PT-hbUSDT-18DEC2025"":0.03}"
2026-05-06,65,USDC,Fluid Lending,Arbitrum,$39.44m,39440000,6.55,5.72,0.83,6.16,,0.83,,6.16,,,,,
2026-05-06,66,DTUSDC,Lagoon,Base,"$685,855",685855,6.43,6.43,5.6,,,6.43,,5.6,,,,,
2026-05-06,67,AUGUSTUSDCV2,Morpho Blue,Monad,$7.71m,7710000,6.4,3.26,3.14,8.27,,3.14,,8.27,,,,,
2026-05-06,68,USDC,Kamino Lend,Solana,$7.56m,7560000,6.28,6.28,4.02,,,6.28,,4.02,,,,,
2026-05-06,69,USDAI|For buying PT-USDai-18JUN2026,Pendle,Arbitrum,$36.81m,36810000,6.14,6.14,5.95,,,6.14,,5.95,,,,,
2026-05-06,70,USDG,Kamino Lend,Solana,$1.47m,1470000,6.09,6.09,5.95,,,6.09,,5.95,,,,,
2026-05-06,71,USDC,Fluid Lending,Base,$14.86m,14860000,6.02,4.5,1.52,6.41,,1.52,,6.41,,,,,
2026-05-06,72,USDC|Arcadia V2 USDC Pool,Arcadia V2,Base,"$531,204",531204,6.01,6.01,9.67,,,6.01,,9.67,,,,,
2026-05-06,73,USDC,Extra Finance Leverage Farming,Base,$3.86m,3860000,5.96,5.96,5.63,,,5.96,,5.63,,,,,
2026-05-06,74,SUSDAI-USDC,Curve DEX,Arbitrum,$3.41m,3410000,5.87,5.87,4.24,,,5.87,,4.24,,,,,
2026-05-06,75,USDC,Harmonix Finance,Arbitrum,"$796,386",796386,5.8,5.8,5.5,,,5.8,,5.5,,,,,
2026-05-06,76,BBQUSDT0,Morpho Blue,Monad,$5.99m,5990000,5.7,1.9,3.8,6.63,,3.8,,6.63,71737.15996738123,,659776796.57,0,"{""weETH"":58.14,""syrupUSDC"":22.08,""siUSD"":5.24,""sUSDe"":0.14,""WETH"":14.41}"
2026-05-06,77,USDC,HyperLend Pooled,Hyperliquid L1,$8.68m,8680000,5.68,5.68,4.88,,,5.68,,4.88,,,,,
2026-05-06,78,GHO,Fluid Lending,Arbitrum,$2.77m,2770000,5.63,5.63,6.01,,,5.63,,6.01,,,,,
2026-05-06,79,USDC-ALUSD|stable - 0.05%,Velodrome V2,Op Mainnet,$1.62m,1620000,5.62,5.62,5.34,,,5.62,,5.34,,,,,
2026-05-06,80,USDT,ZEROBASE CeDeFi,Op Mainnet,$8.1m,8100000,5.3,3.3,2,5.3,,2,,5.3,,,,,
2026-05-06,81,VBUSDC,Yearn Finance,Katana,$14.48m,14480000,5.26,2.24,3.02,2.79,,3.02,,2.79,,,,,
2026-05-06,82,BBQUSDC,Morpho Blue,Monad,$1.88m,1880000,5.26,2.12,3.14,4.43,,3.14,,4.43,2973526.952362874,,506864376.14,0,"{""wstETH"":3.05,""PT-USDai-18JUN2026"":28.08,""weETH"":57.53,""syrupUSDC"":4.64,""WETH"":2.53,""XAUt0"":0.05,""WBTC"":4.12,""wsrUSD"":0,""siUSD"":0}"
2026-05-06,83,FEUSDT0,Morpho Blue,Hyperliquid L1,$12.35m,12350000,4.99,4.99,7.65,,,4.99,,7.65,12111151.41070297,,95163199,11.29,"{""UBTC"":6.88,""WHYPE"":28.96,""kHYPE"":57.56,""PT-kHYPE-19MAR2026"":5.65,""beHYPE"":0.42,""wstHYPE"":0.52}"
2026-05-06,84,VBUSDT,Yearn Finance,Katana,$4.39m,4390000,4.95,2.67,2.27,2.59,,2.27,,2.59,,,,,
2026-05-06,85,USDC,Moonwell Lending,Base,$2.36m,2360000,4.91,3.69,1.22,4.59,,1.22,,4.59,,,,,
2026-05-06,86,MWUSDC,Morpho Blue,Base,$9.81m,9810000,4.91,3.95,0.95,4.53,,0.95,,4.53,23134.921970104933,,,,"{""Unknown"":100}"
2026-05-06,87,GTUSDC,Morpho Blue,Katana,$4.21m,4210000,4.9,3.52,1.38,3.12,,1.38,,3.12,,,,,
2026-05-06,88,USDC|SuperchargerV2,WOOFi Earn,Base,"$538,243",538243,4.87,4.87,4.86,,,4.87,,4.86,,,,,
2026-05-06,89,USDC|Autopilot,Harvest Finance,Base,"$663,293",663293,4.87,4.87,5.25,,,4.87,,5.25,,,,,
2026-05-06,90,BBQUSDC,Morpho Blue,Base,$19.9m,19900000,4.86,4.86,5.51,,,4.86,,5.51,2973526.952362874,,506864376.14,0,"{""wstETH"":3.05,""PT-USDai-18JUN2026"":28.08,""weETH"":57.53,""syrupUSDC"":4.64,""WETH"":2.53,""XAUt0"":0.05,""WBTC"":4.12,""wsrUSD"":0,""siUSD"":0}"
2026-05-06,91,GHO,Fluid Lending,Base,"$848,547",848547,4.85,4.85,3.88,,,4.85,,3.88,,,,,
2026-05-06,92,USDC|SuperchargerV2,WOOFi Earn,Arbitrum,"$768,426",768426,4.72,4.72,4.71,,,4.72,,4.71,,,,,
2026-05-06,93,PYUSD,Kamino Lend,Solana,$9.98m,9980000,4.69,4.69,3.69,,,4.69,,3.69,,,,,
2026-05-06,94,USDY,Toros,Base,"$889,382",889382,4.59,4.36,,,,,,4.36,,,,,
2026-05-06,95,GTUSDCC,Morpho Blue,Arbitrum,$3.39m,3390000,4.58,4.58,3.39,,,4.58,,3.39,1978109.9825655108,,6019585.74,0,"{""kHYPE"":27.61,""UBTC"":52.87,""WHYPE"":19.53}"
2026-05-06,96,USDC|Dolomite Balance,Dolomite,Arbitrum,$1.33m,1330000,4.52,4.52,5.85,,,4.52,,5.85,,,,,
2026-05-06,97,YCSUSDC,Morpho Blue,Base,"$519,666",519666,4.51,4.51,5.4,,,4.51,,5.4,520021.02604396036,,107447219.16,0,"{""cbETH"":3.95,""rETH"":0.91,""cbLTC"":11.65,""cbXRP"":14.14,""cbADA"":29.18,""wstETH"":0.96,""superOETHb"":1.48,""cbDOGE"":34.72,""cbBTC"":2.98}"
2026-05-06,98,USDC|Harvest USDC vault Base,Fusion by IPOR,Base,"$663,325",663325,4.47,4.47,4.92,,,4.47,,4.92,,,,,
2026-05-06,99,USDC|Morpho,Beefy,Base,$1.38m,1380000,4.4,4.99,,,,,,4.99,,,,,
2026-05-06,100,USDC|2027-01-14,Exactly,Op Mainnet,$1.56m,1560000,4.12,4.12,3.54,,,4.12,,3.54,,,,,
2026-05-06,101,USDC-USDT|0.01%,Uniswap V3,Arbitrum,$2.55m,2550000,4.11,4.11,2.33,3.73,,2.33,,3.73,,,,,
2026-05-06,102,USDC|2026-06-04,Exactly,Op Mainnet,$1.56m,1560000,4.07,4.07,3.99,,,4.07,,3.99,,,,,
2026-05-06,103,USDC|2026-07-02,Exactly,Op Mainnet,$1.56m,1560000,4.06,4.06,3.85,,,4.06,,3.85,,,,,
2026-05-06,104,USDC|2026-12-17,Exactly,Op Mainnet,$1.56m,1560000,4,4,3.76,,,4,,3.76,,,,,
2026-05-06,105,GTUSDCF,Morpho Blue,Base,"$720,634",720634,4,4,5.19,,,4,,5.19,1514426.515050387,,110051585.96,0,"{""cbADA"":0,""cbXRP"":0.04,""cbETH"":1.39,""cbDOGE"":0,""cbBTC"":98.57}"
2026-05-06,106,STEAKUSDCFARCASTER,Morpho Blue,Base,"$513,280",513280,4,4,4.26,,,4,,4.26,,,,,
2026-05-06,107,STEAKUSDC,Morpho Blue,Base,$110.82m,110820000,4,4,4.26,,,4,,4.26,181814.6267034333,,64797525.96,0,"{""wstETH"":21.43,""WBTC"":60.54,""WETH"":18.02}"
2026-05-06,108,GTUSDCP,Morpho Blue,Base,$63.48m,63480000,3.99,3.99,4.26,,,3.99,,4.26,2611436.984577414,,62367903.61,0,"{""wstETH"":52.05,""sUSDS"":0.5,""WETH"":3.07,""WBTC"":44.38}"
2026-05-06,109,FRUSDC,Morpho Blue,Base,$23.77m,23770000,3.99,3.99,4.16,,,3.99,,4.16,23770984.19644842,,0,0,"{""cbBTC"":100}"
2026-05-06,110,TERMUSDC,Morpho Blue,Base,"$979,087",979087,3.99,3.99,4.16,,,3.99,,4.16,979044.5365550359,,198960045.91,0.49,"{""cbBTC"":100}"
2026-05-06,111,PUSDC,Morpho Blue,Base,$25.67m,25670000,3.99,3.99,4.27,,,3.99,,4.27,25669528.975284517,,1024010695.89,2.45,"{""cbBTC"":100}"
2026-05-06,112,BBQUSDC,Morpho Blue,Arbitrum,$14.45m,14450000,3.99,3.99,3.68,,,3.99,,3.68,2973526.952362874,,506864376.14,0,"{""wstETH"":3.05,""PT-USDai-18JUN2026"":28.08,""weETH"":57.53,""syrupUSDC"":4.64,""WETH"":2.53,""XAUt0"":0.05,""WBTC"":4.12,""wsrUSD"":0,""siUSD"":0}"
2026-05-06,113,HFUSDC,Morpho Blue,Base,$1.33m,1330000,3.98,3.98,0.16,,,3.98,,0.16,1327442.7191600094,,10668902.71,11.07,"{""Unknown"":0,""cbBTC"":75,""WETH"":25}"
2026-05-06,114,USDC|2026-09-24,Exactly,Op Mainnet,$1.56m,1560000,3.91,3.91,3.77,,,3.91,,3.77,,,,,
2026-05-06,115,USDC|2026-11-19,Exactly,Op Mainnet,$1.56m,1560000,3.89,3.89,3.65,,,3.89,,3.65,,,,,
2026-05-06,116,USDC|2026-10-22,Exactly,Op Mainnet,$1.56m,1560000,3.89,3.89,3.87,,,3.89,,3.87,,,,,
2026-05-06,117,USDC|2026-08-27,Exactly,Op Mainnet,$1.56m,1560000,3.86,3.86,3.73,,,3.86,,3.73,,,,,
2026-05-06,118,USDC|2026-07-30,Exactly,Op Mainnet,$1.56m,1560000,3.86,3.86,3.33,,,3.86,,3.33,,,,,
2026-05-06,119,USDC|TermMax USDC Vault,TermMax,Base,$1.25m,1250000,3.82,3.82,2.3,,,3.82,,2.3,,,,,
2026-05-06,120,GTUSDT,Morpho Blue,Katana,$61.81m,61810000,3.72,1.92,1.8,1.79,,1.8,,1.79,9.997609543959722e-7,,39990.44,0,"{""WHYPE"":100}"
2026-05-06,121,USDC,Compound V3,Base,"$940,067",940067,3.68,3.68,3.99,,,3.68,,3.99,,,,,
2026-05-06,122,SUSDS,Sky Lending,Arbitrum,$358.17m,358170000,3.65,3.65,3.7,,,3.65,,3.7,,,,,
2026-05-06,123,CSUSDC,Morpho Blue,Base,$3.36m,3360000,3.63,3.63,5.46,,,3.63,,5.46,1.005591656030639,,75976853.37,0,"{""wstETH"":64.88,""weETH"":35.12}"
2026-05-06,124,HYPERUSDCA,Morpho Blue,Arbitrum,$1.03m,1030000,3.62,3.62,4.26,,,3.62,,4.26,972889.3973005444,,198963543.19,0,"{""thBILL"":2.91,""WBTC"":22.19,""WETH"":1.54,""sUSDS"":4.62,""weETH"":19.93,""sUSDai"":3.7,""PT-thBILL-18JUN2026"":8.83,""PT-USDai-18JUN2026"":26.82,""PT-sUSDai-18JUN2026"":9.46}"
2026-05-06,125,GTUSDCC,Morpho Blue,Base,$2m,2000000,3.59,3.59,4.13,,,3.59,,4.13,1978109.9825655108,,6019585.74,0,"{""kHYPE"":27.61,""UBTC"":52.87,""WHYPE"":19.53}"
2026-05-06,126,USDY|US Dollar Yield,Ondo Yield Assets,Solana,$180.41m,180410000,3.55,3.55,3.55,3.55,,3.55,,3.55,,,,,
2026-05-06,127,USDY|US Dollar Yield,Ondo Yield Assets,Arbitrum,$5.58m,5580000,3.55,3.55,3.55,3.55,,3.55,,3.55,,,,,
2026-05-06,128,SPARKUSDC,Morpho Blue,Base,$9.11m,9110000,3.53,3.53,4.13,,,3.53,,4.13,0,,,,
2026-05-06,129,USDC,Aave V3,Base,$23.06m,23060000,3.39,3.39,3.28,,,3.39,,3.28,,,,,
2026-05-06,130,USDS,Kamino Lend,Solana,$1.92m,1920000,3.35,3.35,2.17,,,3.35,,2.17,,,,,
2026-05-06,131,WYLDS,Hastra,Solana,$1.98m,1980000,3.28,3.28,3.29,,,3.28,,3.29,,,,,
2026-05-06,132,USDG,Loopscale,Solana,$1.67m,1670000,3.27,3.27,2.63,,,3.27,,2.63,,,,,
2026-05-06,133,CUSDO,OpenEden USDO,Solana,$5.7m,5700000,3.24,3.24,3.24,3.24,,3.24,,3.24,,,,,
2026-05-06,134,GTUSDCC,Morpho Blue,Unichain,$1.09m,1090000,3.23,3.23,6.53,,,3.23,,6.53,1978109.9825655108,,6019585.74,0,"{""kHYPE"":27.61,""UBTC"":52.87,""WHYPE"":19.53}"
2026-05-06,135,GTUSDCP,Morpho Blue,Arbitrum,$2.64m,2640000,3.19,3.19,3.57,,,3.19,,3.57,2611436.984577414,,62367903.61,0,"{""wstETH"":52.05,""sUSDS"":0.5,""WETH"":3.07,""WBTC"":44.38}"
2026-05-06,136,USDC,Aave V3,Arbitrum,$18.04m,18040000,3.18,3.18,3.98,,,3.18,,3.98,,,,,
2026-05-06,137,EARNAUSD|earnAUSD/AUSD,Curvance,Monad,$15.78m,15780000,3.17,0,3.17,1.77,,3.17,,1.77,,,,,
2026-05-06,138,BBQUSDT0,Morpho Blue,Arbitrum,$19.01m,19010000,3.08,3.08,3.47,,,3.08,,3.47,71737.15996738123,,659776796.57,0,"{""weETH"":58.14,""syrupUSDC"":22.08,""siUSD"":5.24,""sUSDe"":0.14,""WETH"":14.41}"
2026-05-06,139,USDT|Main Pool,Save,Solana,"$717,493",717493,3.02,3.02,3.27,,,3.02,,3.27,,,,,
2026-05-06,140,USDY,Toros,Op Mainnet,"$756,516",756516,2.9,2.64,,,,,,2.64,,,,,
2026-05-06,141,EARNAUSD,Neverland,Monad,$3.59m,3590000,2.77,0,2.77,3.55,,2.77,,3.55,,,,,
2026-05-06,142,USDC|Euler Earn USDC,Euler V2,Arbitrum,"$598,991",598991,2.73,2.73,3.6,,,2.73,,3.6,,,,,
2026-05-06,143,USDT,Aave V3,Op Mainnet,"$872,180",872180,2.67,2.67,2.49,,,2.67,,2.49,,,,,
2026-05-06,144,GTAUSD,Morpho Blue,Katana,"$875,367",875367,2.63,2.63,1.28,,,2.63,,1.28,,,,,
2026-05-06,145,USDC,Yearn Finance,Base,$1.02m,1020000,2.55,2.55,2.41,,,2.55,,2.41,,,,,
2026-05-06,146,STEAKUSDC,Morpho Blue,Katana,$41.91m,41910000,2.53,1.14,1.39,2.01,,1.39,,2.01,181814.6267034333,,64797525.96,0,"{""wstETH"":21.43,""WBTC"":60.54,""WETH"":18.02}"
2026-05-06,147,USDT,Compound V3,Op Mainnet,$1.13m,1130000,2.5,2.5,2.16,,,2.5,,2.16,,,,,
2026-05-06,148,USDC,Compound V3,Arbitrum,$5.82m,5820000,2.48,2.48,2.44,,,2.48,,2.44,,,,,
2026-05-06,149,MSUSD-USDC|CL50 - 0.05%,Aerodrome Slipstream,Base,$22.18m,22180000,2.44,0.42,2.02,0.56,2.97,0.56,,2.97,,,,,
2026-05-06,150,USDC,Aave V3,Op Mainnet,$3.49m,3490000,2.35,2.35,1.92,,,2.35,,1.92,,,,,
2026-05-06,151,USDC,Revert Lend,Base,$2.63m,2627058,6.45,6.45,0,7.19,,7.23,,,2627058,,,,
2026-05-06,152,baseUSD,Tokemak,Base,$6.11m,6113989,5.92,4.109999999999999,1.81,7.340000000000001,,6.98,,,6113989,,,,
2026-05-07,1,USDC-USDT|CL1 - 0.0009%,Aerodrome Slipstream,Base,"$952,691",952691,21.94,19.42,2.52,15.76,11.6,15.76,,11.6,,,,,
2026-05-07,2,ALPHAUSDTPRIME,Morpho Blue,Hyperliquid L1,$2.49m,2490000,17.86,8.96,8.9,21.62,,8.9,,21.62,,,,,
2026-05-07,3,WNUSDT0-WNAUSD-WNUSDC|Balancer,Beefy,Monad,$3.04m,3040000,17.57,13.75,,,,,,13.75,,,,,
2026-05-07,4,MIM-USDC|Mim,Beefy,Arbitrum,$1.23m,1230000,16.23,13.23,,,,,,13.23,,,,,
2026-05-07,5,AUSD-USDC-USDT0,Curve DEX,Monad,$3.3m,3300000,16.02,0,16.02,7.36,,16.02,,7.36,,,,,
2026-05-07,6,AUGUSTUSDCV2,Morpho Blue,Monad,$7.61m,7610000,15.88,12.76,3.13,8.39,,3.13,,8.39,,,,,
2026-05-07,7,APXUSD|For buying PT-apxUSD-18JUN2026,Pendle,Base,$3.59m,3590000,14.97,14.97,14.23,,,14.97,,14.23,,,,,
2026-05-07,8,USDC-USDM,Mento V3,Monad,"$554,492",554492,14.65,0.97,13.68,14.9,,13.68,,14.9,,,,,
2026-05-07,9,USDC-MSUSD|stable - 0.05%,Velodrome V2,Op Mainnet,"$941,023",941023,14.6,14.6,14.14,,,14.6,,14.14,,,,,
2026-05-07,10,AUSD,Metrom,Katana,$1.67m,1670000,13.7,9.25,4.45,13.65,,4.45,,13.65,,,,,
2026-05-07,11,SUSDU,Unitas,Solana,$32.58m,32580000,13.6,13.6,10.68,,,13.6,,10.68,,,,,
2026-05-07,12,MSUSD-FRXUSD,Aerodrome V1,Base,$1.05m,1050000,13.17,13.17,16.37,,,13.17,,16.37,,,,,
2026-05-07,13,USDC,Metrom,Katana,$14.67m,14670000,12.07,2.28,9.79,11.96,,9.79,,11.96,,,,,
2026-05-07,14,FEUSDH2,Morpho Blue,Hyperliquid L1,$10.2m,10200000,12.03,12.03,7.23,,,12.03,,7.23,10200223.01538191,,29798988.22,25.5,"{""kHYPE"":27.15,""WHYPE"":59.04,""wstHYPE"":13.81}"
2026-05-07,15,USDC|yoUSD,YO Protocol,Base,$17.17m,17170000,11.59,3.79,7.8,14.71,,7.8,,14.71,,,,,
2026-05-07,16,USDC|yoUSD,YO Protocol,Arbitrum,"$610,514",610514,11.59,3.79,7.8,14.69,,7.8,,14.69,,,,,
2026-05-07,17,MIM-USDT0|Mim,Beefy,Arbitrum,$1.1m,1100000,11.38,10.64,,,,,,10.64,,,,,
2026-05-07,18,USDC,Sprinter,Base,$2.96m,2960000,11.35,11.35,,,,,,11.35,,,,,
2026-05-07,19,AUGUSTUSDC,Morpho Blue,Monad,$2.83m,2830000,11.29,7.78,3.5,8.57,,3.5,,8.57,4011.7414641878895,,164467114.55,0,"{""earnAUSD"":100}"
2026-05-07,20,USDC,Accountable,Monad,"$569,865",569865,10.93,8,2.93,11.79,,2.93,,11.79,,,,,
2026-05-07,21,SUPERUSDC|SuperVault,Superform,Base,$2.18m,2180000,10.7,4.36,6.35,11.59,,6.35,,11.59,,,,,
2026-05-07,22,USDT,Metrom,Katana,$4.45m,4450000,10.38,2.67,7.7,10.19,,7.7,,10.19,,,,,
2026-05-07,23,USDC|vault,Avantis,Base,$47.7m,47700000,9.39,9.39,10.13,,,9.39,,10.13,,,,,
2026-05-07,24,AUSD,Yearn Finance,Katana,$1.62m,1620000,9.25,9.25,0.0001,6.59,,0.0001,,6.59,,,,,
2026-05-07,25,MSUSD-USDC,Extra Finance Leverage Farming,Base,$1.12m,1120000,9.24,9.24,11.21,,,9.24,,11.21,,,,,
2026-05-07,26,AUSD,Neverland,Monad,$7.46m,7460000,9.18,4.43,4.74,9.62,,4.74,,9.62,,,,,
2026-05-07,27,AUSD|earnAUSD/AUSD,Curvance,Monad,$1.62m,1620000,9.15,6.65,2.5,8.06,,2.5,,8.06,,,,,
2026-05-07,28,SUSDAI|For buying PT-sUSDai-18JUN2026,Pendle,Arbitrum,$6.39m,6390000,9.11,9.11,8.3,,,9.11,,8.3,,,,,
2026-05-07,29,SUSDAI|For buying PT-sUSDai-15OCT2026,Pendle,Arbitrum,$11.26m,11260000,9.1,9.1,8.55,,,9.1,,8.55,,,,,
2026-05-07,30,USDT,ZEROBASE CeDeFi,Arbitrum,$7.93m,7930000,9,7,2,9,,2,,9,,,,,
2026-05-07,31,USDC,ZEROBASE CeDeFi,Arbitrum,"$783,578",783578,9,7,2,9,,2,,9,,,,,
2026-05-07,32,MSUSD-USDC,Aerodrome V1,Base,$7.67m,7670000,8.78,8.78,10.6,,,8.78,,10.6,,,,,
2026-05-07,33,USDC,YieldSeeker,Base,$1.25m,1250000,8.78,8.78,9.2,,,8.78,,9.2,,,,,
2026-05-07,34,ZVUSDC,Zircuit Finance,Base,$1.5m,1500000,8.75,8.75,8.6,,,8.75,,8.6,,,,,
2026-05-07,35,USDC|baseUSD,AUTOfinance,Base,$6.12m,6120000,8.75,5.15,3.6,8.36,,3.6,,8.36,,,,,
2026-05-07,36,USDC,Neverland,Monad,$15.41m,15410000,8.61,3.78,4.83,8.22,,4.83,,8.22,,,,,
2026-05-07,37,APXUSD|For LP | Maturity 18JUN2026,Pendle,Base,$3.59m,3590000,8.6,7.8,0.8,8.61,,0.8,,8.61,,,,,
2026-05-07,38,SUSDAI|For LP | Maturity 18JUN2026,Pendle,Arbitrum,$6.39m,6390000,8.6,7.83,0.77,7.7,,0.77,,7.7,,,,,
2026-05-07,39,SUSDAI|For LP | Maturity 15OCT2026,Pendle,Arbitrum,$11.26m,11260000,8.44,7.78,0.67,7.75,,0.67,,7.75,,,,,
2026-05-07,40,MSUSD-USDC|Aerodrome,Beefy,Base,"$693,412",693412,8.26,10.11,,,,,,10.11,,,,,
2026-05-07,41,USDC,DeltaPrime,Arbitrum,"$650,330",650330,8.24,8.24,6.43,,,8.24,,6.43,,,,,
2026-05-07,42,USDC,Loopscale,Solana,$1.21m,1210000,8.24,7.19,1.05,8.38,,1.05,,8.38,,,,,
2026-05-07,43,FEUSDH,Morpho Blue,Hyperliquid L1,$4.13m,4130000,8.01,8.01,7.56,,,8.01,,7.56,4125818.886782042,,35873392.35,10.31,"{""WHYPE"":81.83,""UBTC"":9.25,""kHYPE"":8.92}"
2026-05-07,44,USDT0,Neverland,Monad,$3.69m,3690000,7.82,4.32,3.49,9.15,,3.49,,9.15,,,,,
2026-05-07,45,FEUSDC2,Morpho Blue,Hyperliquid L1,$20.32m,20320000,7.77,7.77,7.3,,,7.77,,7.3,20330954.02924731,,29660553.75,40.67,"{""WHYPE"":84.8,""wstHYPE"":1.09,""kHYPE"":14.1}"
2026-05-07,46,FEUSDC,Morpho Blue,Hyperliquid L1,$19.28m,19280000,7.74,7.74,6.34,,,7.74,,6.34,19290109.24192176,,74693925.38,20.52,"{""kHYPE"":99.96,""PT-kHYPE-19MAR2026"":0.04}"
2026-05-07,47,SUSDAI|30d unlock,USD AI,Arbitrum,$258.59m,258589999.99999997,7.53,7.53,7.11,,,7.53,,7.11,,,,,
2026-05-07,48,BBQUSD1,Morpho Blue,Monad,"$948,858",948858,7.49,2.09,5.4,115,,5.4,,115,747854.8812203411,,49211541.27,0,"{""wsrUSD"":100}"
2026-05-07,49,USDC|arbUSD,AUTOfinance,Arbitrum,$3.35m,3350000,7.44,5.99,1.45,11.48,,1.45,,11.48,,,,,
2026-05-07,50,FEUSDE,Morpho Blue,Hyperliquid L1,"$822,783",822783,7.3,7.3,8.85,,,7.3,,8.85,821808.1964806712,,16166575.24,4.84,"{""UBTC"":42.19,""WHYPE"":57.81}"
2026-05-07,51,SYZUSD,Yuzu Money,Monad,$12.92m,12920000,7.19,7.19,7.55,,,7.19,,7.55,,,,,
2026-05-07,52,HYPERUSDCA,Morpho Blue,Monad,$19.11m,19110000,7.18,4.05,3.13,7.06,,3.13,,7.06,860199.0955100976,,199100938.54,0,"{""PT-USDai-18JUN2026"":20.92,""WBTC"":19.31,""WETH"":3.14,""thBILL"":12.55,""weETH"":11.51,""sUSDai"":0.7,""PT-thBILL-18JUN2026"":8.27,""sUSDS"":12.9,""PT-sUSDai-18JUN2026"":10.7}"
2026-05-07,53,FEUSDT02,Morpho Blue,Hyperliquid L1,$1.88m,1880000,7.08,7.08,7.57,,,7.08,,7.57,1875936.761613153,,55123620.24,3.29,"{""thBILL"":58.08,""hwHLP"":3.25,""kHYPE"":18.88,""WHLP"":0.66,""UETH"":8.52,""WHYPE"":2.22,""UBTC"":6.9,""hbUSDT"":1.46,""PT-hbUSDT-18DEC2025"":0.03}"
2026-05-07,54,USDG,Kamino Lend,Solana,$1.39m,1390000,6.88,6.88,6.05,,,6.88,,6.05,,,,,
2026-05-07,55,AUSD|syzUSD/AUSD,Curvance,Monad,"$935,005",935005,6.81,4.31,2.5,6.84,,2.5,,6.84,,,,,
2026-05-07,56,USDAI|For buying PT-USDai-15OCT2026,Pendle,Arbitrum,"$887,698",887698,6.8,6.8,7.06,,,6.8,,7.06,,,,,
2026-05-07,57,EDGEUSDC,Morpho Blue,Base,"$877,908",877908,6.76,3.95,2.82,6.37,,2.82,,6.37,101815.76439166641,,29892354.88,0.34,"{""sUSDS"":7.84,""WBTC"":60.77,""wstETH"":31.38}"
2026-05-07,58,AAVEGHO-USDT-USDC,Aura,Arbitrum,$3.26m,3260000,6.62,6.53,0.1,7.57,,0.1,,7.57,,,,,
2026-05-07,59,WAARBUSDCN-WAARBUSDT-WAARBGHO|Aura,Beefy,Arbitrum,$1.69m,1690000,6.61,5.36,,,,,,5.36,,,,,
2026-05-07,60,BBQAUSD,Morpho Blue,Monad,"$903,476",903476,6.53,0.95,5.58,8.57,,5.58,,8.57,916105.3551166443,,229033068.4,0,"{""wstETH"":10.63,""wsrUSD"":88.55,""XAUt0"":0.82,""SOL"":0}"
2026-05-07,61,DTUSDC,Lagoon,Base,"$685,820",685820,6.43,6.43,5.62,,,6.43,,5.62,,,,,
2026-05-07,62,USDAI|For buying PT-USDai-18JUN2026,Pendle,Arbitrum,$36.73m,36730000,6.4,6.4,5.97,,,6.4,,5.97,,,,,
2026-05-07,63,AUSD|vUSD/AUSD,Curvance,Monad,$1.46m,1460000,6.37,4.01,2.36,6.26,,2.36,,6.26,,,,,
2026-05-07,64,USDC,MortgageFi,Base,"$788,607",788607,6.35,8.2,,,,,,8.2,,,,,
2026-05-07,65,EARNAUSD,Upshift,Monad,$35.78m,35780000,6.25,4.88,1.37,7.87,,1.37,,7.87,,,,,
2026-05-07,66,BBQUSDT0,Morpho Blue,Monad,$5.82m,5820000,6.07,2.09,3.98,6.62,,3.98,,6.62,72905.32811757186,,659869883.71,0,"{""weETH"":40.82,""syrupUSDC"":50.32,""sUSDS"":0.09,""sUSDe"":0.08,""wstETH"":4.74,""WETH"":3.95}"
2026-05-07,67,USDC,Gains Network,Arbitrum,$5.4m,5400000,6,6,6.26,,,6,,6.26,,,,,
2026-05-07,68,USDC,Extra Finance Leverage Farming,Base,$3.9m,3900000,5.89,5.89,5.66,,,5.89,,5.66,,,,,
2026-05-07,69,GHO,Fluid Lending,Arbitrum,$2.67m,2670000,5.81,5.81,5.98,,,5.81,,5.98,,,,,
2026-05-07,70,USDC,Harmonix Finance,Arbitrum,"$779,863",779863,5.8,5.8,5.5,,,5.8,,5.5,,,,,
2026-05-07,71,USDC,Fluid Lending,Base,$15.07m,15070000,5.78,4.25,1.53,6.42,,1.53,,6.42,,,,,
2026-05-07,72,BBQUSDC,Morpho Blue,Base,$19.95m,19950000,5.57,5.57,5.52,,,5.57,,5.52,2872805.4143354287,,507028095.56,0,"{""PT-USDai-18JUN2026"":36.28,""weETH"":55.67,""syrupUSDC"":4.29,""XAUt0"":0.05,""WBTC"":3.71,""wsrUSD"":0,""siUSD"":0}"
2026-05-07,73,USDC|Autopilot,Harvest Finance,Base,"$663,414",663414,5.53,5.53,5.27,,,5.53,,5.27,,,,,
2026-05-07,74,VBUSDC,Yearn Finance,Katana,$7.49m,7490000,5.4,4.22,1.19,2.74,,1.19,,2.74,,,,,
2026-05-07,75,USDC|40 Acres,Harvest Finance,Base,$1.98m,1980000,5.34,5.34,6.59,,,5.34,,6.59,,,,,
2026-05-07,76,USDT,ZEROBASE CeDeFi,Op Mainnet,$8.11m,8109999.999999999,5.3,3.3,2,5.3,,2,,5.3,,,,,
2026-05-07,77,USDC,Fluid Lending,Arbitrum,$42.73m,42730000,5.28,4.49,0.79,6.19,,0.79,,6.19,,,,,
2026-05-07,78,USDC,Moonwell Lending,Base,$1.98m,1980000,5.18,3.88,1.3,4.63,,1.3,,4.63,,,,,
2026-05-07,79,USDC,HyperLend Pooled,Hyperliquid L1,$13.09m,13090000,5.05,5.05,4.95,,,5.05,,4.95,,,,,
2026-05-07,80,MWUSDC,Morpho Blue,Base,$9.74m,9740000,4.99,3.99,1,4.57,,1,,4.57,22600.03318717296,,,,"{""Unknown"":100}"
2026-05-07,81,USDC-USDT|0.01%,Uniswap V3,Arbitrum,$2.55m,2550000,4.96,4.96,2.18,3.81,,2.18,,3.81,,,,,
2026-05-07,82,USDY,Toros,Base,"$889,464",889464,4.93,4.4,,,,,,4.4,,,,,
2026-05-07,83,VBUSDT,Yearn Finance,Katana,$4.37m,4370000,4.9,2.67,2.22,2.7,,2.22,,2.7,,,,,
2026-05-07,84,USDC|SuperchargerV2,WOOFi Earn,Base,"$538,314",538314,4.87,4.87,4.86,,,4.87,,4.86,,,,,
2026-05-07,85,GTUSDCC,Morpho Blue,Hyperliquid L1,$1.67m,1670000,4.87,4.87,6.32,,,4.87,,6.32,1651688.541527687,,6346952.7,0,"{""kHYPE"":22.73,""UBTC"":50.75,""WHYPE"":26.51}"
2026-05-07,86,GHO,Fluid Lending,Base,"$848,852",848852,4.86,4.86,3.93,,,4.86,,3.93,,,,,
2026-05-07,87,GTUSDC,Morpho Blue,Katana,$4.14m,4139999.9999999995,4.83,3.35,1.48,3.25,,1.48,,3.25,,,,,
2026-05-07,88,USDC-ALUSD|stable - 0.05%,Velodrome V2,Op Mainnet,$1.62m,1620000,4.78,4.78,5.27,,,4.78,,5.27,,,,,
2026-05-07,89,GTUSDCP,Morpho Blue,Op Mainnet,$7.04m,7040000,4.73,3.17,1.56,4.71,,1.56,,4.71,1910244.7751536344,,63077124.96,0,"{""WETH"":1.5,""WBTC"":64.47,""wstETH"":34.03,""sUSDS"":0}"
2026-05-07,90,BBQUSDC,Morpho Blue,Monad,$1.83m,1830000,4.71,1.59,3.13,4.49,,3.13,,4.49,2872805.4143354287,,507028095.56,0,"{""PT-USDai-18JUN2026"":36.28,""weETH"":55.67,""syrupUSDC"":4.29,""XAUt0"":0.05,""WBTC"":3.71,""wsrUSD"":0,""siUSD"":0}"
2026-05-07,91,USDC|SuperchargerV2,WOOFi Earn,Arbitrum,"$773,325",773325,4.71,4.71,4.71,,,4.71,,4.71,,,,,
2026-05-07,92,USDC|Morpho,Beefy,Base,$1.39m,1390000,4.66,5,,,,,,5,,,,,
2026-05-07,93,USDC,Kamino Lend,Solana,$7.86m,7860000,4.59,4.59,4.09,,,4.59,,4.09,,,,,
2026-05-07,94,FEUSDT0,Morpho Blue,Hyperliquid L1,$12.11m,12110000,4.55,4.55,7.59,,,4.55,,7.59,12108278.56637341,,95189962.04,11.28,"{""PT-kHYPE-19MAR2026"":5.65,""beHYPE"":0.42,""UBTC"":6.88,""WHYPE"":28.98,""kHYPE"":57.54,""wstHYPE"":0.52}"
2026-05-07,95,YCSUSDC,Morpho Blue,Base,"$519,665",519665,4.49,4.49,5.39,,,4.49,,5.39,519182.75354101876,,107456733.97,0,"{""cbLTC"":11.67,""cbXRP"":14.17,""superOETHb"":1.49,""cbETH"":3.95,""cbADA"":29.23,""wstETH"":0.97,""cbDOGE"":34.78,""cbBTC"":2.81,""rETH"":0.91}"
2026-05-07,96,USDC|Dolomite Balance,Dolomite,Arbitrum,$1.39m,1390000,4.44,4.44,5.9,,,4.44,,5.9,,,,,
2026-05-07,97,USDC,Compound V3,Base,"$924,172",924172,4.38,4.38,4.03,,,4.38,,4.03,,,,,
2026-05-07,98,WABASGHO-WABASUSDC|Aura,Beefy,Base,"$980,694",980694,4.32,6.18,,,,,,6.18,,,,,
2026-05-07,99,AAVEUSDC-AAVEGHO,Aura,Base,$3.04m,3040000,4.32,4.32,0,6.91,,0,,6.91,,,,,
2026-05-07,100,HYPERUSDCA,Morpho Blue,Arbitrum,"$899,129",899129,4.3,4.3,4.27,,,4.3,,4.27,860199.0955100976,,199100938.54,0,"{""PT-USDai-18JUN2026"":20.92,""WBTC"":19.31,""WETH"":3.14,""thBILL"":12.55,""weETH"":11.51,""sUSDai"":0.7,""PT-thBILL-18JUN2026"":8.27,""sUSDS"":12.9,""PT-sUSDai-18JUN2026"":10.7}"
2026-05-07,101,GTUSDCF,Morpho Blue,Base,"$715,391",715391,4.2,4.2,5.17,,,4.2,,5.17,1432893.5638051943,,110142084.66,0,"{""cbETH"":6.98,""cbDOGE"":0,""cbXRP"":0.02,""cbADA"":0,""cbBTC"":92.99}"
2026-05-07,102,USDC|2027-01-14,Exactly,Op Mainnet,$1.59m,1590000,4.12,4.12,3.56,,,4.12,,3.56,,,,,
2026-05-07,103,USDC|2026-06-04,Exactly,Op Mainnet,$1.59m,1590000,4.07,4.07,4,,,4.07,,4,,,,,
2026-05-07,104,USDC|2026-07-02,Exactly,Op Mainnet,$1.59m,1590000,4.06,4.06,3.86,,,4.06,,3.86,,,,,
2026-05-07,105,STEAKUSDC,Morpho Blue,Base,$109.7m,109700000,4.01,4.01,4.27,,,4.01,,4.27,171055.61395746912,,64816314.12,0,"{""wstETH"":17.35,""WBTC"":81.56,""WETH"":1.08}"
2026-05-07,106,GTUSDCP,Morpho Blue,Base,$66.2m,66200000,4.01,4.01,4.27,,,4.01,,4.27,1910244.7751536344,,63077124.96,0,"{""WETH"":1.5,""WBTC"":64.47,""wstETH"":34.03,""sUSDS"":0}"
2026-05-07,107,FRUSDC,Morpho Blue,Base,$23.77m,23770000,4.01,4.01,4.15,,,4.01,,4.15,23775069.89142397,,0,0,"{""cbBTC"":100}"
2026-05-07,108,TERMUSDC,Morpho Blue,Base,"$979,204",979204,4.01,4.01,4.15,,,4.01,,4.15,979212.8121850274,,198975945.29,0.49,"{""cbBTC"":100}"
2026-05-07,109,PUSDC,Morpho Blue,Base,$25.65m,25650000,4.01,4.01,4.28,,,4.01,,4.28,25652840.01272292,,1024111740.02,2.44,"{""cbBTC"":100}"
2026-05-07,110,USDC|2026-12-17,Exactly,Op Mainnet,$1.59m,1590000,4.01,4.01,3.78,,,4.01,,3.78,,,,,
2026-05-07,111,SUSDAI-USDC,Curve DEX,Arbitrum,$3.41m,3410000,3.98,3.98,4.24,,,3.98,,4.24,,,,,
2026-05-07,112,BBQUSDC,Morpho Blue,Arbitrum,$2.87m,2870000,3.92,3.92,3.84,,,3.92,,3.84,2872805.4143354287,,507028095.56,0,"{""PT-USDai-18JUN2026"":36.28,""weETH"":55.67,""syrupUSDC"":4.29,""XAUt0"":0.05,""WBTC"":3.71,""wsrUSD"":0,""siUSD"":0}"
2026-05-07,113,USDC|2026-09-24,Exactly,Op Mainnet,$1.59m,1590000,3.91,3.91,3.77,,,3.91,,3.77,,,,,
2026-05-07,114,USDC|2026-11-19,Exactly,Op Mainnet,$1.59m,1590000,3.9,3.9,3.66,,,3.9,,3.66,,,,,
2026-05-07,115,USDC|2026-10-22,Exactly,Op Mainnet,$1.59m,1590000,3.9,3.9,3.86,,,3.9,,3.86,,,,,
2026-05-07,116,USDC|2026-08-27,Exactly,Op Mainnet,$1.59m,1590000,3.87,3.87,3.72,,,3.87,,3.72,,,,,
2026-05-07,117,USDC|2026-07-30,Exactly,Op Mainnet,$1.59m,1590000,3.87,3.87,3.33,,,3.87,,3.33,,,,,
2026-05-07,118,USDC|TermMax USDC Vault,TermMax,Base,$1.24m,1240000,3.81,3.81,2.31,,,3.81,,2.31,,,,,
2026-05-07,119,HFUSDC,Morpho Blue,Base,"$881,797",881797,3.75,3.75,0.4,,,3.75,,0.4,881802.1741726946,,11115507.31,7.35,"{""Unknown"":6.13,""cbBTC"":56.23,""WETH"":37.64}"
2026-05-07,120,CSUSDC,Morpho Blue,Base,$3.3m,3300000,3.69,3.69,5.41,,,3.69,,5.41,1.0057017120565659,,75984337.65,0,"{""wstETH"":64.88,""weETH"":35.12}"
2026-05-07,121,USDG,Loopscale,Solana,$1.3m,1300000,3.67,3.67,2.67,,,3.67,,2.67,,,,,
2026-05-07,122,GTUSDT,Morpho Blue,Katana,$61.06m,61060000,3.66,1.9,1.76,1.89,,1.76,,1.89,9.99983603016316e-7,,39999.34,0,"{""WHYPE"":100}"
2026-05-07,123,SUSDS,Sky Lending,Arbitrum,$358.2m,358200000,3.65,3.65,3.7,,,3.65,,3.7,,,,,
2026-05-07,124,USDS,Kamino Lend,Solana,$1.36m,1360000,3.61,3.61,2.25,,,3.61,,2.25,,,,,
2026-05-07,125,GTUSDCC,Morpho Blue,Base,$2.01m,2009999.9999999998,3.6,3.6,4.13,,,3.6,,4.13,1651688.541527687,,6346952.7,0,"{""kHYPE"":22.73,""UBTC"":50.75,""WHYPE"":26.51}"
2026-05-07,126,SPARKUSDC,Morpho Blue,Base,$9.1m,9100000,3.57,3.57,4.13,,,3.57,,4.13,0,,,,
2026-05-07,127,USDY|US Dollar Yield,Ondo Yield Assets,Solana,$180.43m,180430000,3.55,3.55,3.55,3.55,,3.55,,3.55,,,,,
2026-05-07,128,USDY|US Dollar Yield,Ondo Yield Assets,Arbitrum,$5.59m,5590000,3.55,3.55,3.55,3.55,,3.55,,3.55,,,,,
2026-05-07,129,USDC,Aave V3,Base,$22.43m,22430000,3.42,3.42,3.3,,,3.42,,3.3,,,,,
2026-05-07,130,GTUSDCP,Morpho Blue,Arbitrum,$1.91m,1910000,3.39,3.39,3.59,,,3.39,,3.59,1910244.7751536344,,63077124.96,0,"{""WETH"":1.5,""WBTC"":64.47,""wstETH"":34.03,""sUSDS"":0}"
2026-05-07,131,USDC-USDT-PYUSD,Carrot Liquidity,Solana,$1.4m,1400000,3.33,3.33,1.61,,,3.33,,1.61,,,,,
2026-05-07,132,WYLDS,Hastra,Solana,$1.98m,1980000,3.27,3.27,3.29,,,3.27,,3.29,,,,,
2026-05-07,133,CUSDO,OpenEden USDO,Solana,$5.7m,5700000,3.24,3.24,3.24,3.24,,3.24,,3.24,,,,,
2026-05-07,134,USDC-MUSD|CL10 - 0.05%,Aerodrome Slipstream,Base,"$534,285",534285,3.23,3.23,12.99,,,3.23,,12.99,,,,,
2026-05-07,135,GTUSDCC,Morpho Blue,Unichain,$1.09m,1090000,3.21,3.21,6.32,,,3.21,,6.32,1651688.541527687,,6346952.7,0,"{""kHYPE"":22.73,""UBTC"":50.75,""WHYPE"":26.51}"
2026-05-07,136,USDC,Aave V3,Arbitrum,$17.47m,17470000,3.2,3.2,4.03,,,3.2,,4.03,,,,,
2026-05-07,137,USDC|Euler Earn USDC,Euler V2,Arbitrum,"$592,253",592253,3.04,3.04,3.57,,,3.04,,3.57,,,,,
2026-05-07,138,USDT|Main Pool,Save,Solana,"$734,521",734521,2.99,2.99,3.13,,,2.99,,3.13,,,,,
2026-05-07,139,USDY,Toros,Op Mainnet,"$756,446",756446,2.88,2.57,,,,,,2.57,,,,,
2026-05-07,140,EARNAUSD|earnAUSD/AUSD,Curvance,Monad,$15.72m,15720000,2.87,0,2.87,1.87,,2.87,,1.87,,,,,
2026-05-07,141,BBQUSDT0,Morpho Blue,Arbitrum,$18.7m,18700000,2.87,2.87,3.48,,,2.87,,3.48,72905.32811757186,,659869883.71,0,"{""weETH"":40.82,""syrupUSDC"":50.32,""sUSDS"":0.09,""sUSDe"":0.08,""wstETH"":4.74,""WETH"":3.95}"
2026-05-07,142,GTUSDCC,Morpho Blue,Arbitrum,$3.36m,3360000,2.85,2.85,3.4,,,2.85,,3.4,1651688.541527687,,6346952.7,0,"{""kHYPE"":22.73,""UBTC"":50.75,""WHYPE"":26.51}"
2026-05-07,143,STEAKUSDC,Morpho Blue,Katana,$36.54m,36540000,2.77,1.29,1.48,2.08,,1.48,,2.08,171055.61395746912,,64816314.12,0,"{""wstETH"":17.35,""WBTC"":81.56,""WETH"":1.08}"
2026-05-07,144,USDC|Harvest USDC vault Base,Fusion by IPOR,Base,"$663,479",663479,2.75,2.75,4.89,,,2.75,,4.89,,,,,
2026-05-07,145,USDT,Aave V3,Op Mainnet,"$840,230",840230,2.71,2.71,2.52,,,2.71,,2.52,,,,,
2026-05-07,146,EARNAUSD,Neverland,Monad,$3.58m,3580000,2.65,0,2.65,3.5,,2.65,,3.5,,,,,
2026-05-07,147,PYUSD,Kamino Lend,Solana,$11.12m,11120000,2.63,2.63,3.69,,,2.63,,3.69,,,,,
2026-05-07,148,USDT,Compound V3,Op Mainnet,$1.1m,1100000,2.53,2.53,2.17,,,2.53,,2.17,,,,,
2026-05-07,149,GTAUSD,Morpho Blue,Katana,"$905,349",905349,2.52,2.52,1.35,,,2.52,,1.35,,,,,
2026-05-07,150,USDC,Yearn Finance,Base,$1.04m,1040000,2.5,2.5,2.41,,,2.5,,2.41,,,,,
2026-05-07,151,USDC,Revert Lend,Base,$2.56m,2559116,6.419999999999999,6.419999999999999,0,7.13,,7.22,,,2559116,,,,
2026-05-07,152,baseUSD,Tokemak,Base,$6.12m,6117765,5.42,3.5999999999999996,1.82,7.46,,6.97,,,6117765,,,,
2026-05-08,1,ALPHAUSDTPRIME,Morpho Blue,Hyperliquid L1,$2.96m,2960000,19.19,12,7.19,20.73,,7.19,,20.73,,,,,
2026-05-08,2,MIM-USDC / Mim,Beefy,Arbitrum,$1.23m,1230000,16.24,13.67,,,,,,13.67,,,,,
2026-05-08,3,AUSD-USDC-USDT0,Curve DEX,Monad,$3.45m,3450000,16.04,0,16.04,8.11,,16.04,,8.11,,,,,
2026-05-08,4,USDCAD-USDC,GMTrade,Solana,$1.33m,1330000,15.77,15.77,15.77,,,15.77,,15.77,,,,,
2026-05-08,5,APXUSD / For buying PT-apxUSD-18JUN2026,Pendle,Base,$3.61m,3610000,15.6,15.6,14.24,,,15.6,,14.24,,,,,
2026-05-08,6,USDC-USDM,Mento V3,Monad,"$534,476",534476,14.98,0.78,14.19,14.87,,14.19,,14.87,,,,,
2026-05-08,7,USDC-USDT / CL1 - 0.0009%,Aerodrome Slipstream,Base,"$970,178",970178,14.74,12.23,2.51,13.92,12.11,13.92,,12.11,,,,,
2026-05-08,8,WNUSDT0-WNAUSD-WNUSDC / Balancer,Beefy,Monad,$3.59m,3590000,14.47,13.78,,,,,,13.78,,,,,
2026-05-08,9,USDC-MSUSD / stable - 0.05%,Velodrome V2,Op Mainnet,"$944,661",944661,14.22,14.22,14.33,,,14.22,,14.33,,,,,
2026-05-08,10,AUSD,Metrom,Katana,$1.68m,1680000,13.78,9.33,4.45,13.69,,4.45,,13.69,,,,,
2026-05-08,11,SUSDU,Unitas,Solana,$32.62m,32619999.999999996,13.58,13.58,10.59,,,13.58,,10.59,,,,,
2026-05-08,12,MSUSD-FRXUSD,Aerodrome V1,Base,$1.07m,1070000,12.92,12.92,16.22,,,12.92,,16.22,,,,,
2026-05-08,13,WYLDS-USDC,Kamino Liquidity,Solana,$3.67m,3670000,12.89,12.89,1.81,0.28,,1.81,,0.28,,,,,
2026-05-08,14,USDC,Metrom,Katana,$14.78m,14780000,12.21,2.36,9.84,12,,9.84,,12,,,,,
2026-05-08,15,AAVEUSDC-AAVEGHO,Aura,Base,$1.02m,1020000,11.65,11.64,0,7.2,,0,,7.2,,,,,
2026-05-08,16,WABASGHO-WABASUSDC / Aura,Beefy,Base,"$973,237",973237,11.65,6.59,,,,,,6.59,,,,,
2026-05-08,17,USDC / yoUSD,YO Protocol,Base,$16.6m,16600000.000000002,11.59,3.79,7.8,15.01,,7.8,,15.01,,,,,
2026-05-08,18,USDC / yoUSD,YO Protocol,Arbitrum,"$610,641",610641,11.59,3.79,7.8,15,,7.8,,15,,,,,
2026-05-08,19,BBQUSD1,Morpho Blue,Monad,"$923,705",923705,11.45,5.64,5.81,115,,5.81,,115,689.0930348634854,,49957820.92,0,"{""wsrUSD"":100}"
2026-05-08,20,MIM-USDT0 / Mim,Beefy,Arbitrum,$1.09m,1090000,11.42,10.7,,,,,,10.7,,,,,
2026-05-08,21,USDC,Sprinter,Base,$2.96m,2960000,11.35,11.35,,,,,,11.35,,,,,
2026-05-08,22,AUGUSTUSDC,Morpho Blue,Monad,$2.83m,2830000,11.29,7.78,3.5,8.65,,3.5,,8.65,0.000001999599665902946,,164467072.52,0,"{""earnAUSD"":100}"
2026-05-08,23,USDC,Accountable,Monad,"$618,713",618713,11,8,3,11.7,,3,,11.7,,,,,
2026-05-08,24,USDC / 40 Acres,Harvest Finance,Base,$1.97m,1970000,10.79,10.79,6.66,,,10.79,,6.66,,,,,
2026-05-08,25,ALUSD-USDC / Curve,Stake DAO,Arbitrum,"$728,958",728958,10.61,0.49,10.12,9.46,,10.12,,9.46,,,,,
2026-05-08,26,SUPERUSDC / SuperVault,Superform,Base,$2.21m,2210000,10.49,4.33,6.16,11.91,,6.16,,11.91,,,,,
2026-05-08,27,ALUSD-USDC,Curve DEX,Arbitrum,"$743,060",743060,10.22,0.19,10.03,9.57,,10.03,,9.57,,,,,
2026-05-08,28,USDT,Metrom,Katana,$4.65m,4650000,10.2,2.69,7.51,10.24,,7.51,,10.24,,,,,
2026-05-08,29,AUGUSTUSDCV2,Morpho Blue,Monad,$8.09m,8090000,10.04,6.82,3.22,8.61,,3.22,,8.61,,,,,
2026-05-08,30,APXUSD / For LP | Maturity 18JUN2026,Pendle,Base,$3.61m,3610000,9.69,8.85,0.84,8.66,,0.84,,8.66,,,,,
2026-05-08,31,USDC / vault,Avantis,Base,$47.25m,47250000,9.61,9.61,10.14,,,9.61,,10.14,,,,,
2026-05-08,32,GHO,Fluid Lending,Base,"$848,506",848506,9.54,9.54,4.04,,,9.54,,4.04,,,,,
2026-05-08,33,AUSD,Yearn Finance,Katana,$1.62m,1620000,9.33,9.33,0.0001,7.02,,0.0001,,7.02,,,,,
2026-05-08,34,SUSDAI / For buying PT-sUSDai-15OCT2026,Pendle,Arbitrum,$11.66m,11660000,9.21,9.21,8.6,,,9.21,,8.6,,,,,
2026-05-08,35,SUSDAI / For buying PT-sUSDai-18JUN2026,Pendle,Arbitrum,$6.37m,6370000,9.2,9.2,8.41,,,9.2,,8.41,,,,,
2026-05-08,36,MSUSD-USDC,Extra Finance Leverage Farming,Base,$1.12m,1120000,9.11,9.11,11.2,,,9.11,,11.2,,,,,
2026-05-08,37,USDT,ZEROBASE CeDeFi,Arbitrum,$7.93m,7930000,9,7,2,9,,2,,9,,,,,
2026-05-08,38,USDC,ZEROBASE CeDeFi,Arbitrum,"$783,628",783628,9,7,2,9,,2,,9,,,,,
2026-05-08,39,MSUSD-USDC,Aerodrome V1,Base,$7.67m,7670000,8.98,8.98,10.55,,,8.98,,10.55,,,,,
2026-05-08,40,USDC,Neverland,Monad,$14.7m,14700000,8.93,3.77,5.16,8.25,,5.16,,8.25,59530000,44740000,14790000,,
2026-05-08,41,AUSD / earnAUSD/AUSD,Curvance,Monad,$1.82m,1820000,8.9,6.4,2.5,8.14,,2.5,,8.14,11280000,9790000,1480000,,
2026-05-08,42,USDC,YieldSeeker,Base,$1.24m,1240000,8.85,8.85,9.17,,,8.85,,9.17,,,,,
2026-05-08,43,SUSDAI / For LP | Maturity 18JUN2026,Pendle,Arbitrum,$6.37m,6370000,8.72,7.9,0.82,7.78,,0.82,,7.78,,,,,
2026-05-08,44,USDC / baseUSD,AUTOfinance,Base,$6.24m,6240000,8.71,5.15,3.57,8.46,,3.57,,8.46,,,,,
2026-05-08,45,AUSD,Neverland,Monad,$10.54m,10540000,8.7,3.99,4.71,9.57,,4.71,,9.57,48940000,38340000,10600000,,
2026-05-08,46,SUSDAI / For LP | Maturity 15OCT2026,Pendle,Arbitrum,$11.66m,11660000,8.54,7.85,0.69,7.82,,0.69,,7.82,,,,,
2026-05-08,47,AUSD / vUSD/AUSD,Curvance,Monad,"$606,719",606719,8.47,6.11,2.36,6.47,,2.36,,6.47,6240000,5640000,596712,,
2026-05-08,48,USDC,Loopscale,Solana,"$881,109",881109,8.4,7.33,1.07,8.38,,1.07,,8.38,,,,,
2026-05-08,49,MSUSD-USDC / Aerodrome,Beefy,Base,"$691,403",691403,8.24,10.04,,,,,,10.04,,,,,
2026-05-08,50,ZVUSDC,Zircuit Finance,Base,$1.5m,1500000,8.14,8.14,8.58,,,8.14,,8.58,,,,,
2026-05-08,51,GTUSDCP,Morpho Blue,Op Mainnet,$6.42m,6420000,7.91,6.25,1.66,4.79,,1.66,,4.79,2047419.7208588137,,62943202.35,0,"{""sUSDS"":0.22,""WBTC"":94.18,""WETH"":3.91,""wstETH"":1.68}"
2026-05-08,52,AAVEGHO-USDT-USDC,Aura,Arbitrum,$1.71m,1710000,7.84,7.65,0.18,7.4,,0.18,,7.4,,,,,
2026-05-08,53,USDC,DeltaPrime,Arbitrum,"$664,917",664917,7.82,7.82,6.47,,,7.82,,6.47,,,,,
2026-05-08,54,WAARBUSDCN-WAARBUSDT-WAARBGHO / Aura,Beefy,Arbitrum,$1.5m,1500000,7.82,5.15,,,,,,5.15,,,,,
2026-05-08,55,USDT0,Neverland,Monad,$4.63m,4630000,7.73,3.87,3.86,9.11,,3.86,,9.11,19780000,15250000,4530000,,
2026-05-08,56,EARNAUSD,Upshift,Monad,$35.92m,35920000,7.6,6.05,1.55,7.69,,1.55,,7.69,,,,,
2026-05-08,57,SUSDAI / 30d unlock,USD AI,Arbitrum,$258.8m,258800000,7.49,7.49,7.15,,,7.49,,7.15,,,,,
2026-05-08,58,USDC,Fluid Lending,Arbitrum,$41.77m,41770000,7.43,6.63,0.8,6.22,,0.8,,6.22,,,,,
2026-05-08,59,USDC / arbUSD,AUTOfinance,Arbitrum,$3.35m,3350000,7.28,5.84,1.44,11.35,,1.44,,11.35,,,,,
2026-05-08,60,SYZUSD,Yuzu Money,Monad,$12.93m,12930000,7.12,7.12,7.54,,,7.12,,7.54,,,,,
2026-05-08,61,USDC / monUSD,AUTOfinance,Monad,"$542,890",542890,7.09,2.6,4.49,14.13,,4.49,,14.13,,,,,
2026-05-08,62,HYPERUSDCA,Morpho Blue,Monad,$17.33m,17330000,7.05,3.83,3.22,7.06,,3.22,,7.06,866227.0337526001,,199104917.8,0,"{""WETH"":1.04,""sUSDS"":0.69,""thBILL"":5.99,""WBTC"":45.02,""sUSDai"":0.69,""PT-thBILL-18JUN2026"":10.66,""PT-USDai-18JUN2026"":18.35,""PT-sUSDai-18JUN2026"":10.63,""weETH"":6.93}"
2026-05-08,63,AUSD / syzUSD/AUSD,Curvance,Monad,"$865,085",865085,6.97,4.47,2.5,6.93,,2.5,,6.93,3790000,2920000,865072,,
2026-05-08,64,FEUSDE,Morpho Blue,Hyperliquid L1,"$836,207",836207,6.96,6.96,8.7,,,6.96,,8.7,828106.0684401636,,16159522.84,4.87,"{""UBTC"":40.87,""WHYPE"":59.13}"
2026-05-08,65,FEUSDH,Morpho Blue,Hyperliquid L1,$4.29m,4290000,6.9,6.9,7.72,,,6.9,,7.72,4205917.34013164,,35794046.69,10.51,"{""WHYPE"":81.42,""UBTC"":9.11,""kHYPE"":9.47}"
2026-05-08,66,EDGEUSDC,Morpho Blue,Base,"$887,926",887926,6.85,3.92,2.94,6.52,,2.94,,6.52,101785.65171981473,,29893886.07,0.34,"{""sUSDS"":0.86,""WBTC"":60.78,""wstETH"":38.36}"
2026-05-08,67,USDAI / For buying PT-USDai-15OCT2026,Pendle,Arbitrum,"$883,109",883109,6.82,6.82,7.1,,,6.82,,7.1,,,,,
2026-05-08,68,USDC,Gains Network,Arbitrum,$5.17m,5170000,6.71,6.71,6.21,,,6.71,,6.21,,,,,
2026-05-08,69,BBQUSDT0,Morpho Blue,Monad,$5.81m,5810000,6.64,2.48,4.16,6.54,,4.16,,6.54,73044.8222505071,,659841024.22,0,"{""XAUt0"":1.37,""weETH"":35.39,""Unknown"":0,""wstETH"":63.23}"
2026-05-08,70,FEUSDH2,Morpho Blue,Hyperliquid L1,$10.49m,10490000,6.57,6.57,7.27,,,6.57,,7.27,10515187.886667313,,29484776.14,26.29,"{""kHYPE"":26.68,""WHYPE"":58.81,""wstHYPE"":14.51}"
2026-05-08,71,USDAI / For buying PT-USDai-18JUN2026,Pendle,Arbitrum,$36.74m,36740000,6.44,6.44,6.02,,,6.44,,6.02,,,,,
2026-05-08,72,DTUSDC,Lagoon,Base,"$685,875",685875,6.43,6.43,5.76,,,6.43,,5.76,,,,,
2026-05-08,73,FEUSDC2,Morpho Blue,Hyperliquid L1,$20.98m,20980000,6.33,6.33,7.28,,,6.33,,7.28,21537506.880523857,,28451687.72,43.08,"{""kHYPE"":15.61,""WHYPE"":83.28,""wstHYPE"":1.1}"
2026-05-08,74,BBQAUSD,Morpho Blue,Monad,"$996,721",996721,6.27,1.49,4.78,8.28,,4.78,,8.28,1009304.802609793,,228920295.61,0,"{""wstETH"":0,""wsrUSD"":99.44,""XAUt0"":0.56}"
2026-05-08,75,GHO,Fluid Lending,Arbitrum,$2.59m,2590000,6.1,6.1,5.95,,,6.1,,5.95,,,,,
2026-05-08,76,USDC,MortgageFi,Base,"$779,234",779234,6.08,7.95,,,,,,7.95,,,,,
2026-05-08,77,FEUSDT02,Morpho Blue,Hyperliquid L1,$1.94m,1940000,6.07,6.07,7.68,,,6.07,,7.68,2911709.673730701,,54072150.18,5.11,"{""thBILL"":54.7,""kHYPE"":21.03,""hwHLP"":3.08,""WHLP"":0.43,""UETH"":8.66,""WHYPE"":3.61,""UBTC"":7.07,""hbUSDT"":1.39,""PT-hbUSDT-18DEC2025"":0.02}"
2026-05-08,78,USDC,Extra Finance Leverage Farming,Base,$3.84m,3840000,5.99,5.99,5.7,,,5.99,,5.7,,,,,
2026-05-08,79,USDC,Fluid Lending,Base,$16.1m,16100000.000000002,5.79,4.36,1.43,6.44,,1.43,,6.44,,,,,
2026-05-08,80,FEUSDC,Morpho Blue,Hyperliquid L1,$18.22m,18220000,5.76,5.76,6.42,,,5.76,,6.42,18213261.974882055,,75766423.87,19.38,"{""kHYPE"":99.93,""WHYPE"":0.03,""PT-kHYPE-19MAR2026"":0.05}"
2026-05-08,81,USDC,Harmonix Finance,Arbitrum,"$779,863",779863,5.7,5.7,5.51,,,5.7,,5.51,,,,,
2026-05-08,82,USDG,Kamino Lend,Solana,$1.6m,1600000,5.64,5.64,6.12,,,5.64,,6.12,30660000,29060000,1600000,,
2026-05-08,83,USDY,Toros,Base,"$889,641",889641,5.59,4.45,,,,,,4.45,,,,,
2026-05-08,84,VBUSDC,Yearn Finance,Katana,$7.49m,7490000,5.58,4.32,1.27,2.92,,1.27,,2.92,,,,,
2026-05-08,85,GTUSDC,Morpho Blue,Katana,$4.23m,4230000,5.35,3.81,1.54,3.43,,1.54,,3.43,,,,,
2026-05-08,86,USDC / Autopilot,Harvest Finance,Base,"$662,549",662549,5.31,5.31,5.31,,,5.31,,5.31,,,,,
2026-05-08,87,USDT,ZEROBASE CeDeFi,Op Mainnet,$8.11m,8109999.999999999,5.3,3.3,2,5.3,,2,,5.3,,,,,
2026-05-08,88,SUSDAI-USDC,Curve DEX,Arbitrum,$3.4m,3400000,5.23,5.23,4.24,,,5.23,,4.24,,,,,
2026-05-08,89,FEUSDT0,Morpho Blue,Hyperliquid L1,$11.05m,11050000,5.22,5.22,7.67,,,5.22,,7.67,10907324.68369101,,96361355.76,10.17,"{""wstHYPE"":0.58,""kHYPE"":53.88,""WHYPE"":30.69,""UBTC"":8.25,""PT-kHYPE-19MAR2026"":6.27,""beHYPE"":0.33}"
2026-05-08,90,USDC,HyperLend Pooled,Hyperliquid L1,$12.41m,12410000,5.19,5.19,5,,,5.19,,5,75220000,61320000,13900000,,
2026-05-08,91,USDC,Moonwell Lending,Base,$2.07m,2069999.9999999998,5.1,3.83,1.27,4.68,,1.27,,4.68,15120000,13060000,2060000,,
2026-05-08,92,BBQUSDC,Morpho Blue,Base,$3.96m,3960000,5,5,5.47,,,5,,5.47,2902854.9767546603,,507023564.36,0,"{""PT-USDai-18JUN2026"":39.2,""weETH"":58.09,""syrupUSDC"":2.52,""WETH"":0.19,""wsrUSD"":0}"
2026-05-08,93,MWUSDC,Morpho Blue,Base,$9.98m,9980000,4.95,4,0.96,4.62,,0.96,,4.62,22600.778112049135,,,,"{""Unknown"":100}"
2026-05-08,94,USDC / SuperchargerV2,WOOFi Earn,Base,"$538,387",538387,4.87,4.87,4.86,,,4.87,,4.86,,,,,
2026-05-08,95,USDC / Harvest USDC vault Base,Fusion by IPOR,Base,"$662,630",662630,4.8,4.8,4.89,,,4.8,,4.89,,,,,
2026-05-08,96,VBUSDT,Yearn Finance,Katana,$4.56m,4560000,4.76,2.69,2.07,2.86,,2.07,,2.86,,,,,
2026-05-08,97,GTUSDCC,Morpho Blue,Hyperliquid L1,$1.58m,1580000,4.73,4.73,6.31,,,4.73,,6.31,1620031.6806737224,,6378239.46,0,"{""kHYPE"":23.18,""UBTC"":49.78,""WHYPE"":27.04}"
2026-05-08,98,USDC / SuperchargerV2,WOOFi Earn,Arbitrum,"$773,429",773429,4.71,4.71,4.71,,,4.71,,4.71,,,,,
2026-05-08,99,USDC-ALUSD / stable - 0.05%,Velodrome V2,Op Mainnet,$1.62m,1620000,4.69,4.69,5.13,,,4.69,,5.13,,,,,
2026-05-08,100,USDC / Morpho,Beefy,Base,$1.45m,1450000,4.56,5.01,,,,,,5.01,,,,,
2026-05-08,101,HYPERUSDCA,Morpho Blue,Arbitrum,"$875,166",875166,4.51,4.51,4.28,,,4.51,,4.28,866227.0337526001,,199104917.8,0,"{""WETH"":1.04,""sUSDS"":0.69,""thBILL"":5.99,""WBTC"":45.02,""sUSDai"":0.69,""PT-thBILL-18JUN2026"":10.66,""PT-USDai-18JUN2026"":18.35,""PT-sUSDai-18JUN2026"":10.63,""weETH"":6.93}"
2026-05-08,102,YCSUSDC,Morpho Blue,Base,"$512,290",512290,4.51,4.51,5.37,,,4.51,,5.37,512938.38960743515,,107471928.64,0,"{""cbETH"":4,""cbDOGE"":35.22,""cbLTC"":11.82,""cbADA"":29.59,""wstETH"":0.98,""cbXRP"":14.34,""superOETHb"":1.51,""cbBTC"":1.59,""rETH"":0.92}"
2026-05-08,103,USDY,Toros,Op Mainnet,"$756,343",756343,4.41,2.46,,,,,,2.46,,,,,
2026-05-08,104,USDC / Dolomite Balance,Dolomite,Arbitrum,$1.44m,1440000,4.37,4.37,5.97,,,4.37,,5.97,4390000,2950000,1440000,,
2026-05-08,105,USDC-USDT / 0.01%,Uniswap V3,Arbitrum,$2.5m,2500000,4.26,4.26,2.22,3.67,,2.22,,3.67,,,,,
2026-05-08,106,CSUSDC,Morpho Blue,Base,$3.05m,3050000,4.14,4.14,5.35,,,4.14,,5.35,1.0058140557469697,,75991541.35,0,"{""wstETH"":64.88,""weETH"":35.12}"
2026-05-08,107,BBQUSDC,Morpho Blue,Arbitrum,$2.87m,2870000,4.13,4.13,3.9,,,4.13,,3.9,2902854.9767546603,,507023564.36,0,"{""PT-USDai-18JUN2026"":39.2,""weETH"":58.09,""syrupUSDC"":2.52,""WETH"":0.19,""wsrUSD"":0}"
2026-05-08,108,USDC / 2027-01-14,Exactly,Op Mainnet,$1.58m,1580000,4.12,4.12,3.59,,,4.12,,3.59,1370000,5955,1360000,,
2026-05-08,109,USDC / 2026-06-04,Exactly,Op Mainnet,$1.58m,1580000,4.07,4.07,4.01,,,4.07,,4.01,1430000,77236,1350000,,
2026-05-08,110,USDC / 2026-07-02,Exactly,Op Mainnet,$1.58m,1580000,4.06,4.06,3.87,,,4.06,,3.87,1400000,49184,1360000,,
2026-05-08,111,PUSDC,Morpho Blue,Base,$25.65m,25650000,4.01,4.01,4.29,,,4.01,,4.29,26295729.076943997,,1023555867.69,2.5,"{""cbBTC"":100}"
2026-05-08,112,USDC / 2026-12-17,Exactly,Op Mainnet,$1.58m,1580000,4.01,4.01,3.8,,,4.01,,3.8,1370000,4434,1360000,,
2026-05-08,113,STEAKUSDC,Morpho Blue,Base,$469.98m,469980000,4.01,4.01,4.29,,,4.01,,4.29,141123.59684164755,,64849498.47,0,"{""wstETH"":64.56,""WETH"":35.44,""WBTC"":0}"
2026-05-08,114,GTUSDCF,Morpho Blue,Base,$1.39m,1390000,4.01,4.01,5.11,,,4.01,,5.11,1389752.5803605542,,110194474.28,0,"{""cbETH"":6.21,""cbDOGE"":0,""cbXRP"":0.03,""cbADA"":0,""cbBTC"":93.76}"
2026-05-08,115,GTUSDCP,Morpho Blue,Base,$354.38m,354380000,4,4,4.29,,,4,,4.29,2047419.7208588137,,62943202.35,0,"{""sUSDS"":0.22,""WBTC"":94.18,""WETH"":3.91,""wstETH"":1.68}"
2026-05-08,116,FRUSDC,Morpho Blue,Base,$23.78m,23780000,4,4,4.13,,,4,,4.13,23780799.115568075,,0,0,"{""cbBTC"":100}"
2026-05-08,117,TERMUSDC,Morpho Blue,Base,"$979,478",979478,4,4,4.13,,,4,,4.13,979448.7790913191,,198992283.94,0.49,"{""cbBTC"":100}"
2026-05-08,118,USDC,Compound V3,Base,"$938,046",938046,3.94,3.94,4.08,,,3.94,,4.08,9590000,8650000,937971,,
2026-05-08,119,USDC / 2026-09-24,Exactly,Op Mainnet,$1.58m,1580000,3.92,3.92,3.76,,,3.92,,3.76,1380000,15457,1360000,,
2026-05-08,120,USDC / 2026-11-19,Exactly,Op Mainnet,$1.58m,1580000,3.9,3.9,3.66,,,3.9,,3.66,1370000,7197,1360000,,
2026-05-08,121,USDC / 2026-10-22,Exactly,Op Mainnet,$1.58m,1580000,3.9,3.9,3.84,,,3.9,,3.84,1390000,24671,1360000,,
2026-05-08,122,USDC / 2026-07-30,Exactly,Op Mainnet,$1.58m,1580000,3.88,3.88,3.33,,,3.88,,3.33,1400000,35303,1360000,,
2026-05-08,123,USDC / 2026-08-27,Exactly,Op Mainnet,$1.58m,1580000,3.88,3.88,3.71,,,3.88,,3.71,1380000,21461,1360000,,
2026-05-08,124,BBQUSDT0,Morpho Blue,Arbitrum,$18.53m,18530000,3.87,3.87,3.48,,,3.87,,3.48,73044.8222505071,,659841024.22,0,"{""XAUt0"":1.37,""weETH"":35.39,""Unknown"":0,""wstETH"":63.23}"
2026-05-08,125,USDC / TermMax USDC Vault,TermMax,Base,$1.25m,1250000,3.8,3.8,2.35,,,3.8,,2.35,,,,,
2026-05-08,126,HFUSDC,Morpho Blue,Base,"$882,033",882033,3.75,3.75,0.7,,,3.75,,0.7,882005.9128770266,,11116298.05,7.35,"{""Unknown"":6.13,""cbBTC"":56.23,""WETH"":37.64}"
2026-05-08,127,USDC,Kamino Lend,Solana,$8.01m,8010000,3.71,3.71,4.14,,,3.71,,4.14,161680000,153670000,8000000,,
2026-05-08,128,USDG,Loopscale,Solana,$1.3m,1300000,3.67,3.67,2.74,,,3.67,,2.74,,,,,
2026-05-08,129,SUSDS,Sky Lending,Arbitrum,$358.25m,358250000,3.65,3.65,3.7,,,3.65,,3.7,,,,,
2026-05-08,130,GTUSDCC,Morpho Blue,Arbitrum,$3.47m,3470000,3.62,3.62,3.43,,,3.62,,3.43,1620031.6806737224,,6378239.46,0,"{""kHYPE"":23.18,""UBTC"":49.78,""WHYPE"":27.04}"
2026-05-08,131,GTUSDCC,Morpho Blue,Base,$2.02m,2020000,3.6,3.6,4.12,,,3.6,,4.12,1620031.6806737224,,6378239.46,0,"{""kHYPE"":23.18,""UBTC"":49.78,""WHYPE"":27.04}"
2026-05-08,132,SPARKUSDC,Morpho Blue,Base,$9.04m,9040000,3.58,3.58,4.11,,,3.58,,4.11,0,,,,
2026-05-08,133,GTUSDT,Morpho Blue,Katana,$60.87m,60870000,3.57,1.78,1.79,2.03,,1.79,,2.03,9.99708112277674e-7,,39988.32,0,"{""WHYPE"":100}"
2026-05-08,134,USDY / US Dollar Yield,Ondo Yield Assets,Solana,$180.44m,180440000,3.55,3.55,3.55,3.55,,3.55,,3.55,,,,,
2026-05-08,135,USDY / US Dollar Yield,Ondo Yield Assets,Arbitrum,$5.59m,5590000,3.55,3.55,3.55,3.55,,3.55,,3.55,,,,,
2026-05-08,136,USDC,Aave V3,Base,$23m,23000000,3.4,3.4,3.33,,,3.4,,3.33,175640000,152770000,22880000,,
2026-05-08,137,USDPY,Toros,Op Mainnet,$1.08m,1080000,3.33,1.86,,,,,,1.86,,,,,
2026-05-08,138,WYLDS,Hastra,Solana,$1.85m,1850000,3.26,3.26,3.29,,,3.26,,3.29,,,,,
2026-05-08,139,CUSDO,OpenEden USDO,Solana,$5.7m,5700000,3.25,3.25,3.24,3.23,,3.24,,3.23,,,,,
2026-05-08,140,GTUSDCC,Morpho Blue,Unichain,$1.09m,1090000,3.19,3.19,6.17,,,3.19,,6.17,1620031.6806737224,,6378239.46,0,"{""kHYPE"":23.18,""UBTC"":49.78,""WHYPE"":27.04}"
2026-05-08,141,USDS,Kamino Lend,Solana,$1.86m,1860000,3.18,3.18,2.35,,,3.18,,2.35,10420000,8550000,1860000,,
2026-05-08,142,EARNAUSD / earnAUSD/AUSD,Curvance,Monad,$15.6m,15600000,3.17,0,3.17,2.01,,3.17,,2.01,,,,,
2026-05-08,143,USDC,Aave V3,Arbitrum,$18.4m,18400000,3.16,3.16,4.1,,,3.16,,4.1,165760000,147320000,18440000,,
2026-05-08,144,USDT / Main Pool,Save,Solana,"$670,803",670803,3.08,3.08,3.13,,,3.08,,3.13,3740000,3070000,670739,,
2026-05-08,145,USDC / Euler Earn USDC,Euler V2,Arbitrum,"$592,457",592457,3.05,3.05,3.52,,,3.05,,3.52,,,,,
2026-05-08,146,DAI,Aave V3,Arbitrum,"$500,346",500346,3.01,3.01,4.11,,,3.01,,4.11,3350000,2850000,500355,,
2026-05-08,147,GTUSDCP,Morpho Blue,Arbitrum,$2.08m,2080000,2.9,2.9,3.61,,,2.9,,3.61,2047419.7208588137,,62943202.35,0,"{""sUSDS"":0.22,""WBTC"":94.18,""WETH"":3.91,""wstETH"":1.68}"
2026-05-08,148,MSUSD-USDC / CL50 - 0.05%,Aerodrome Slipstream,Base,$23.67m,23670000,2.75,0.62,2.13,0.49,2.91,0.49,,2.91,,,,,
2026-05-08,149,USDT,Aave V3,Op Mainnet,"$829,989",829989,2.72,2.72,2.55,,,2.72,,2.55,4850000,3910000,941275,,
2026-05-08,150,EARNAUSD,Neverland,Monad,$3.58m,3580000,2.68,0,2.68,3.42,,2.68,,3.42,3580000,0,3580000,,
2026-05-08,151,USDC,Revert Lend,Base,$2.56m,2562435,6.59,6.59,0,6.81,,7.199999999999999,,,2562435,,,,
2026-05-08,152,baseUSD,Tokemak,Base,$6.23m,6232111,5.52,3.75,1.77,6.93,,7.000000000000001,,,6232111,,,,
2026-05-09,1,MIM-USDC / Mim,Beefy,Arbitrum,$1.23m,1230000,16.12,16.12,,,,13.85,,,,,,,
2026-05-09,2,AUSD-USDC-USDT0,Curve DEX,Monad,$3.44m,3440000,16,0,16,,,8.43,,,,,,,
2026-05-09,3,APXUSD / For buying PT-apxUSD-18JUN2026,Pendle,Base,$3.64m,3640000,15.76,15.76,,,,14.24,,,,,,,
2026-05-09,4,USDCAD-USDC,GMTrade,Solana,$1.36m,1360000,15.74,15.74,,,,15.77,,,,,,,
2026-05-09,5,USDC-USDT / CL1 - 0.0009%,Aerodrome Slipstream,Base,"$979,929",979929,15.38,12.86,2.52,13.72,,12.29,,,,,,,
2026-05-09,6,USDC-USDM,Mento V3,Monad,"$534,506",534506,14.98,0.78,14.19,,,14.88,,,,,,,
2026-05-09,7,WNUSDT0-WNAUSD-WNUSDC / Balancer,Beefy,Monad,$3.6m,3600000,14.66,14.66,,,,13.76,,,,,,,
2026-05-09,8,USDC-MSUSD / stable - 0.05%,Velodrome V2,Op Mainnet,"$944,606",944606,14.64,14.64,,,,14.4,,,,,,,
2026-05-09,9,SUSDU,Unitas,Solana,$31.62m,31620000,14.04,14.04,,,,10.67,,,,,,,
2026-05-09,10,AUSD,Metrom,Katana,$1.71m,1710000,13.8,9.36,4.45,,,13.71,,,,,,,
2026-05-09,11,ALPHAUSDTPRIME,Morpho Blue,Hyperliquid L1,$2.69m,2690000,13.21,5.1,8.11,,,20.37,,,,,,,
2026-05-09,12,MSUSD-FRXUSD,Aerodrome V1,Base,$1.07m,1070000,13.18,13.18,,,,15.81,,,,,,,
2026-05-09,13,USDC,Metrom,Katana,$14.77m,14770000,12.3,2.4,9.9,,,12.04,,,,,,,
2026-05-09,14,MIM-USDT0 / Mim,Beefy,Arbitrum,$1.09m,1090000,11.77,11.77,,,,10.73,,,,,,,
2026-05-09,15,USDC / yoUSD,YO Protocol,Base,$16.64m,16640000,11.6,3.8,7.8,,,15.05,,,,,,,
2026-05-09,16,USDC / yoUSD,YO Protocol,Arbitrum,"$611,153",611153,11.6,3.8,7.8,,,15.05,,,,,,,
2026-05-09,17,SUPERUSDC / SuperVault,Superform,Base,$2.22m,2220000,11.4,4.36,7.05,,,12,,,,,,,
2026-05-09,18,USDC,Sprinter,Base,$2.96m,2960000,11.35,11.35,,,,11.35,,,,,,,
2026-05-09,19,AUGUSTUSDC,Morpho Blue,Monad,$2.83m,2830000,11.29,7.78,3.5,,,8.69,,,0.0000019997025013879366,,164475530.74,0,"{""earnAUSD"":100}"
2026-05-09,20,USDC,Accountable,Monad,"$649,479",649479,11,8,3,,,11.66,,,,,,,
2026-05-09,21,USDC / 40 Acres,Harvest Finance,Base,$1.97m,1970000,10.79,10.79,,,,6.72,,,,,,,
2026-05-09,22,ALUSD-USDC,Curve DEX,Arbitrum,"$774,955",774955,10.66,0.61,10.05,,,9.61,,,,,,,
2026-05-09,23,AUGUSTUSDCV2,Morpho Blue,Monad,$8.15m,8150000,10.28,6.94,3.34,,,8.69,,,,,,,
2026-05-09,24,USDT,Metrom,Katana,$4.65m,4650000,10.08,2.7,7.38,,,10.22,,,,,,,
2026-05-09,25,USDC / vault,Avantis,Base,$47.22m,47220000,9.69,9.69,,,,10.14,,,,,,,
2026-05-09,26,MSUSD-USDC,Extra Finance Leverage Farming,Base,$1.11m,1110000,9.6,9.6,,,,11.17,,,,,,,
2026-05-09,27,AUSD / vUSD/AUSD,Curvance,Monad,"$557,393",557393,9.58,7.22,2.36,,,6.54,,,6200000,5640000,557393,,
2026-05-09,28,APXUSD / For LP | Maturity 18JUN2026,Pendle,Base,$3.64m,3640000,9.56,9.11,0.45,,,8.63,,,,,,,
2026-05-09,29,AUSD,Yearn Finance,Katana,$1.66m,1660000,9.36,9.36,0.0001,,,7.2,,,,,,,
2026-05-09,30,SUSDAI / For buying PT-sUSDai-15OCT2026,Pendle,Arbitrum,$11.16m,11160000,9.24,9.24,,,,8.62,,,,,,,
2026-05-09,31,MSUSD-USDC,Aerodrome V1,Base,$7.44m,7440000,9.2,9.2,,,,10.51,,,,,,,
2026-05-09,32,AUSD / earnAUSD/AUSD,Curvance,Monad,$1.57m,1570000,9.18,6.68,2.5,,,8.19,,,11310000,9740000,1570000,,
2026-05-09,33,SUSDAI / For buying PT-sUSDai-18JUN2026,Pendle,Arbitrum,$6.37m,6370000,9.16,9.16,,,,8.44,,,,,,,
2026-05-09,34,USDT,ZEROBASE CeDeFi,Arbitrum,$7.93m,7930000,9,7,2,,,9,,,,,,,
2026-05-09,35,USDC,ZEROBASE CeDeFi,Arbitrum,"$783,582",783582,9,7,2,,,9,,,,,,,
2026-05-09,36,AUSD,Neverland,Monad,$10.5m,10500000,8.9,3.91,4.99,,,9.56,,,46110000,35610000,10500000,,
2026-05-09,37,USDC / baseUSD,AUTOfinance,Base,$6.27m,6270000,8.83,5.26,3.58,,,8.5,,,,,,,
2026-05-09,38,USDC,YieldSeeker,Base,$1.24m,1240000,8.78,8.78,,,,9.15,,,,,,,
2026-05-09,39,ZVUSDC,Zircuit Finance,Base,$1.5m,1500000,8.76,8.76,,,,8.58,,,,,,,
2026-05-09,40,USDC,Neverland,Monad,$15.29m,15290000,8.69,3.79,4.9,,,8.26,,,62700000,47410000,15290000,,
2026-05-09,41,MSUSD-USDC / Aerodrome,Beefy,Base,"$691,200",691200,8.68,8.68,,,,10,,,,,,,
2026-05-09,42,SUSDAI / For LP | Maturity 18JUN2026,Pendle,Arbitrum,$6.37m,6370000,8.6,7.9,0.7,,,7.82,,,,,,,
2026-05-09,43,SUSDAI / For LP | Maturity 15OCT2026,Pendle,Arbitrum,$11.16m,11160000,8.49,7.88,0.61,,,7.84,,,,,,,
2026-05-09,44,USDC,Loopscale,Solana,$1.12m,1120000,8.32,7.25,1.06,,,8.38,,,,,,,
2026-05-09,45,FEUSDH2,Morpho Blue,Hyperliquid L1,$10.55m,10550000,8.31,8.31,,,,7.26,,,10544316.335965578,,29440685.12,26.37,"{""kHYPE"":26.83,""WHYPE"":59.29,""wstHYPE"":13.88}"
2026-05-09,46,FEUSDT02,Morpho Blue,Hyperliquid L1,$1.82m,1820000,8.04,8.04,,,,7.64,,,1818517.8295484434,,55173111.05,3.19,"{""WHYPE"":0.69,""kHYPE"":17.19,""hwHLP"":4.22,""UETH"":8.65,""WHLP"":0.69,""thBILL"":59.08,""UBTC"":7.58,""hbUSDT"":1.88,""PT-hbUSDT-18DEC2025"":0.03}"
2026-05-09,47,USDT0,Neverland,Monad,$4.08m,4080000,8.01,4.02,3.99,,,9.08,,,19230000,15150000,4080000,,
2026-05-09,48,USDC,DeltaPrime,Arbitrum,"$666,960",666960,7.77,7.77,,,,6.48,,,,,,,
2026-05-09,49,EARNAUSD,Upshift,Monad,$35.7m,35700000,7.49,5.98,1.51,,,7.62,,,,,,,
2026-05-09,50,SUSDAI / 30d unlock,USD AI,Arbitrum,$259.35m,259350000.00000003,7.46,7.46,,,,7.15,,,,,,,
2026-05-09,51,FEUSDH,Morpho Blue,Hyperliquid L1,$4.17m,4170000,7.45,7.45,,,,7.77,,,4166720.0124963126,,35818281.44,10.42,"{""WHYPE"":81.82,""UBTC"":8.61,""kHYPE"":9.56}"
2026-05-09,52,HYPERUSDCA,Morpho Blue,Monad,$17.34m,17340000,7.4,4.06,3.34,,,7.07,,,916411.3811015132,,199047100.15,0,"{""WETH"":0.65,""sUSDai"":2.62,""PT-sUSDai-18JUN2026"":10.05,""WBTC"":18,""weETH"":8.84,""PT-USDai-18JUN2026"":21.26,""Unknown"":0.02,""sUSDS"":15.38,""thBILL"":13.09,""PT-thBILL-18JUN2026"":10.08}"
2026-05-09,53,FEUSDE,Morpho Blue,Hyperliquid L1,"$836,938",836938,7.37,7.37,,,,8.65,,,834949.1729658768,,16153369.22,4.91,"{""UBTC"":40.48,""WHYPE"":59.52}"
2026-05-09,54,EDGEUSDC,Morpho Blue,Base,"$875,633",875633,7.24,3.94,3.31,,,6.54,,,101788.19969804099,,29892705.15,0.34,"{""sUSDS"":0.86,""WBTC"":60.78,""wstETH"":38.36}"
2026-05-09,55,SYZUSD,Yuzu Money,Monad,$12.73m,12730000,7.15,7.15,,,,7.54,,,,,,,
2026-05-09,56,BBQUSD1,Morpho Blue,Monad,$1.24m,1240000,7.14,2.64,4.49,,,8.76,,,689.2596265594535,,49967827.54,0,"{""wsrUSD"":100}"
2026-05-09,57,USDC,Gains Network,Arbitrum,$5.17m,5170000,7.06,7.06,,,,6.22,,,,,,,
2026-05-09,58,USDAI / For buying PT-USDai-18JUN2026,Pendle,Arbitrum,$35.62m,35620000,7.01,7.01,,,,6.04,,,,,,,
2026-05-09,59,SUSDAI-USDC,Curve DEX,Arbitrum,$1.85m,1850000,6.91,6.91,,,,4.29,,,,,,,
2026-05-09,60,USDAI / For buying PT-USDai-15OCT2026,Pendle,Arbitrum,"$877,944",877944,6.86,6.86,,,,7.12,,,,,,,
2026-05-09,61,BBQUSDT0,Morpho Blue,Monad,$5.81m,5810000,6.8,2.49,4.31,,,6.53,,,72034.4142399557,,659809668.74,0,"{""XAUt0"":1.39,""weETH"":34.49,""wstETH"":64.12}"
2026-05-09,62,FEUSDT0,Morpho Blue,Hyperliquid L1,$9.75m,9750000,6.61,6.61,,,,7.65,,,9621972.562361358,,97661327.74,8.97,"{""wstHYPE"":0.66,""kHYPE"":50.69,""WHYPE"":32.96,""UBTC"":8.22,""PT-kHYPE-19MAR2026"":7.1,""beHYPE"":0.37}"
2026-05-09,63,AUSD / syzUSD/AUSD,Curvance,Monad,$1.04m,1040000,6.45,3.95,2.5,,,6.95,,,3790000,2750000,1040000,,
2026-05-09,64,USDC,Harmonix Finance,Arbitrum,"$757,691",757691,6.44,6.44,,,,5.53,,,,,,,
2026-05-09,65,DTUSDC,Lagoon,Base,"$685,875",685875,6.43,6.43,,,,5.83,,,,,,,
2026-05-09,66,USDC,Extra Finance Leverage Farming,Base,$3.85m,3850000,5.99,5.99,,,,5.72,,,,,,,
2026-05-09,67,USDC / arbUSD,AUTOfinance,Arbitrum,$3.31m,3310000,5.97,4.49,1.48,,,11.25,,,,,,,
2026-05-09,68,USDC,MortgageFi,Base,"$782,258",782258,5.94,5.94,,,,7.86,,,,,,,
2026-05-09,69,USDC / monUSD,AUTOfinance,Monad,"$543,151",543151,5.93,1.44,4.49,,,13.95,,,,,,,
2026-05-09,70,USDY,Toros,Base,"$889,692",889692,5.9,5.9,,,,4.49,,,,,,,
2026-05-09,71,BBQAUSD,Morpho Blue,Monad,"$915,945",915945,5.81,1.25,4.56,,,8.25,,,928835.5766841456,,229056130.3,0,"{""wstETH"":0,""wsrUSD"":99.12,""XAUt0"":0.88}"
2026-05-09,72,GHO,Fluid Lending,Base,"$850,102",850102,5.72,5.72,,,,4.11,,,,,,,
2026-05-09,73,USDC,Fluid Lending,Arbitrum,$42.76m,42760000,5.64,4.83,0.81,,,6.25,,,,,,,
2026-05-09,74,GHO,Fluid Lending,Arbitrum,$2.59m,2590000,5.64,5.64,,,,5.95,,,,,,,
2026-05-09,75,VBUSDC,Yearn Finance,Katana,$7.49m,7490000,5.63,4.31,1.32,,,3,,,,,,,
2026-05-09,76,USDG,Kamino Lend,Solana,$1.87m,1870000,5.54,5.54,,,,6.13,,,31010000,29140000,1870000,,
2026-05-09,77,FEUSDC2,Morpho Blue,Hyperliquid L1,$21.45m,21450000,5.54,5.54,,,,7.23,,,21453195.603196573,,28535660.91,42.92,"{""kHYPE"":15.67,""WHYPE"":83.12,""wstHYPE"":1.21}"
2026-05-09,78,FEUSDC,Morpho Blue,Hyperliquid L1,$18.16m,18160000,5.46,5.46,,,,6.43,,,18154220.33119227,,75824829.91,19.32,"{""kHYPE"":99.87,""UBTC"":0.06,""WHYPE"":0.03,""PT-kHYPE-19MAR2026"":0.05}"
2026-05-09,79,USDT,ZEROBASE CeDeFi,Op Mainnet,$8.1m,8100000,5.3,3.3,2,,,5.3,,,,,,,
2026-05-09,80,USDC / Autopilot,Harvest Finance,Base,"$662,614",662614,5.19,5.19,,,,5.33,,,,,,,
2026-05-09,81,GTUSDCP,Morpho Blue,Op Mainnet,$6.59m,6590000,5.18,3.31,1.87,,,4.81,,,1927307.8692316266,,63060761.04,0,"{""WBTC"":74.45,""wstETH"":21.15,""WETH"":4.17,""sUSDS"":0.24}"
2026-05-09,82,USDC,Moonwell Lending,Base,$2.01m,2009999.9999999998,5.17,3.86,1.32,,,4.7,,,15080000,13070000,2009999.9999999998,,
2026-05-09,83,USDC,Compound V3,Base,"$911,860",911860,5.11,5.11,,,,4.12,,,9680000,8770000,911860,,
2026-05-09,84,USDC,Fluid Lending,Base,$16.06m,16059999.999999998,5.06,3.57,1.49,,,6.45,,,,,,,
2026-05-09,85,USDC,HyperLend Pooled,Hyperliquid L1,$13.54m,13540000,5.04,5.04,,,,5.01,,,74920000,61380000,13540000,,
2026-05-09,86,MWUSDC,Morpho Blue,Base,$9.97m,9970000,5.03,4.05,0.98,,,4.64,,,22597.744542170996,,,,"{""Unknown"":100}"
2026-05-09,87,USDC / Harvest USDC vault Base,Fusion by IPOR,Base,"$662,637",662637,5.01,5.01,,,,4.91,,,,,,,
2026-05-09,88,BBQUSDC,Morpho Blue,Base,$19.33m,19330000,5,5,,,,5.53,,,2862514.4783263975,,507043872.38,0,"{""PT-USDai-18JUN2026"":38.06,""weETH"":57.83,""syrupUSDC"":1.19,""WETH"":1.15,""WBTC"":1.77,""wsrUSD"":0}"
2026-05-09,89,GTUSDC,Morpho Blue,Katana,$4.23m,4230000,4.95,3.36,1.59,,,3.49,,,,,,,
2026-05-09,90,GTUSDCC,Morpho Blue,Unichain,"$837,843",837843,4.92,4.92,,,,6.16,,,1633660.0818831413,,6364556.96,0,"{""kHYPE"":22.99,""UBTC"":50.19,""WHYPE"":26.81}"
2026-05-09,91,USDC-ALUSD / stable - 0.05%,Velodrome V2,Op Mainnet,$1.62m,1620000,4.83,4.83,,,,5.09,,,,,,,
2026-05-09,92,GTUSDCF,Morpho Blue,Base,$1.56m,1560000,4.77,4.77,,,,5.1,,,1606637.2180382388,,109978538.48,0,"{""cbDOGE"":20,""cbXRP"":33,""cbADA"":20,""cbETH"":5.37,""cbBTC"":21.63}"
2026-05-09,93,HYPERUSDCA,Morpho Blue,Arbitrum,"$912,752",912752,4.76,4.76,,,,4.28,,,916411.3811015132,,199047100.15,0,"{""WETH"":0.65,""sUSDai"":2.62,""PT-sUSDai-18JUN2026"":10.05,""WBTC"":18,""weETH"":8.84,""PT-USDai-18JUN2026"":21.26,""Unknown"":0.02,""sUSDS"":15.38,""thBILL"":13.09,""PT-thBILL-18JUN2026"":10.08}"
2026-05-09,94,AAVEUSDC-AAVEGHO,Aura,Base,$1.02m,1020000,4.76,4.75,0,,,7.27,,,,,,,
2026-05-09,95,WABASGHO-WABASUSDC / Aura,Beefy,Base,"$973,364",973364,4.76,4.76,,,,6.69,,,,,,,
2026-05-09,96,GTUSDCC,Morpho Blue,Hyperliquid L1,$1.63m,1630000,4.7,4.7,,,,6.3,,,1633660.0818831413,,6364556.96,0,"{""kHYPE"":22.99,""UBTC"":50.19,""WHYPE"":26.81}"
2026-05-09,97,USDC / SuperchargerV2,WOOFi Earn,Base,"$538,456",538456,4.68,4.68,,,,4.86,,,,,,,
2026-05-09,98,USDC,Kamino Lend,Solana,$7.75m,7750000,4.67,4.67,,,,4.18,,,161430000,153690000,7750000,,
2026-05-09,99,VBUSDT,Yearn Finance,Katana,$4.56m,4560000,4.65,2.7,1.94,,,2.92,,,,,,,
2026-05-09,100,YCSUSDC,Morpho Blue,Base,"$512,349",512349,4.58,4.58,,,,5.36,,,512057.5398040125,,107473727.73,0,"{""cbXRP"":14.37,""superOETHb"":1.51,""cbBTC"":2.98,""cbADA"":29.15,""wstETH"":0.98,""cbETH"":3.14,""cbDOGE"":35.28,""cbLTC"":11.84,""rETH"":0.73}"
2026-05-09,101,CSUSDC,Morpho Blue,Base,$2.88m,2880000,4.55,4.55,,,,5.33,,,1.0058083764463197,,75989903.59,0,"{""wstETH"":64.88,""weETH"":35.12}"
2026-05-09,102,USDC / Morpho,Beefy,Base,$1.45m,1450000,4.51,4.51,,,,5.01,,,,,,,
2026-05-09,103,PYUSD,Kamino Lend,Solana,$10m,10000000,4.41,4.41,,,,3.72,,,79680000,69670000,10000000,,
2026-05-09,104,BBQUSDC,Morpho Blue,Arbitrum,$2.86m,2860000,4.27,4.27,,,,3.91,,,2862514.4783263975,,507043872.38,0,"{""PT-USDai-18JUN2026"":38.06,""weETH"":57.83,""syrupUSDC"":1.19,""WETH"":1.15,""WBTC"":1.77,""wsrUSD"":0}"
2026-05-09,105,USDC / Dolomite Balance,Dolomite,Arbitrum,$1.48m,1480000,4.23,4.23,,,,6.01,,,4380000,2890000,1480000,,
2026-05-09,106,USDC / 2027-01-14,Exactly,Op Mainnet,$1.58m,1580000,4.13,4.13,,,,3.62,,,1370000,6027,1360000,,
2026-05-09,107,USDC / 2026-06-04,Exactly,Op Mainnet,$1.58m,1580000,4.07,4.07,,,,4.01,,,1430000,76422,1350000,,
2026-05-09,108,USDC / 2026-07-02,Exactly,Op Mainnet,$1.58m,1580000,4.06,4.06,,,,3.88,,,1400000,49235,1360000,,
2026-05-09,109,FRUSDC,Morpho Blue,Base,$23.78m,23780000,4.05,4.05,,,,4.13,,,23782473.452407084,,0,0,"{""cbBTC"":100}"
2026-05-09,110,TERMUSDC,Morpho Blue,Base,"$979,500",979500,4.05,4.05,,,,4.13,,,979517.739228422,,198993915.41,0.49,"{""cbBTC"":100}"
2026-05-09,111,GTUSDCP,Morpho Blue,Base,$352.02m,352020000,4.05,4.05,,,,4.29,,,1927307.8692316266,,63060761.04,0,"{""WBTC"":74.45,""wstETH"":21.15,""WETH"":4.17,""sUSDS"":0.24}"
2026-05-09,112,STEAKUSDC,Morpho Blue,Base,$468.9m,468900000,4.05,4.05,,,,4.29,,,141207.93365947352,,64846860.98,0,"{""WETH"":6.26,""WBTC"":93.74}"
2026-05-09,113,PUSDC,Morpho Blue,Base,$26.3m,26300000,4.05,4.05,,,,4.29,,,26247256.90204812,,1023613267.13,2.5,"{""cbBTC"":100}"
2026-05-09,114,USDC / 2026-12-17,Exactly,Op Mainnet,$1.58m,1580000,4.01,4.01,,,,3.81,,,1370000,4501,1360000,,
2026-05-09,115,USDC / 2026-09-24,Exactly,Op Mainnet,$1.58m,1580000,3.92,3.92,,,,3.76,,,1380000,15524,1360000,,
2026-05-09,116,USDC / 2026-11-19,Exactly,Op Mainnet,$1.58m,1580000,3.9,3.9,,,,3.67,,,1370000,7264,1360000,,
2026-05-09,117,USDC / 2026-10-22,Exactly,Op Mainnet,$1.58m,1580000,3.9,3.9,,,,3.83,,,1390000,24738,1360000,,
2026-05-09,118,USDC / 2026-07-30,Exactly,Op Mainnet,$1.58m,1580000,3.88,3.88,,,,3.33,,,1400000,35428,1360000,,
2026-05-09,119,USDC / 2026-08-27,Exactly,Op Mainnet,$1.58m,1580000,3.88,3.88,,,,3.71,,,1380000,21552,1360000,,
2026-05-09,120,USDC / TermMax USDC Vault,TermMax,Base,$1.25m,1250000,3.84,3.84,,,,2.34,,,,,,,
2026-05-09,121,HFUSDC,Morpho Blue,Base,"$882,049",882049,3.8,3.8,,,,0.8,,,882064.6122224894,,11116341.38,7.35,"{""Unknown"":6.13,""cbBTC"":56.23,""WETH"":37.64}"
2026-05-09,122,USDG,Loopscale,Solana,$1.3m,1300000,3.67,3.67,,,,2.76,,,,,,,
2026-05-09,123,GTUSDT,Morpho Blue,Katana,$60.74m,60740000,3.66,1.81,1.85,,,2.08,,,9.998443644103082e-7,,39993.77,0,"{""WHYPE"":100}"
2026-05-09,124,SUSDS,Sky Lending,Arbitrum,$358.28m,358280000,3.65,3.65,,,,3.69,,,,,,,
2026-05-09,125,SPARKUSDC,Morpho Blue,Base,$9.11m,9110000,3.64,3.64,,,,4.1,,,0,,,,
2026-05-09,126,GTUSDCC,Morpho Blue,Base,$2.02m,2020000,3.63,3.63,,,,4.11,,,1633660.0818831413,,6364556.96,0,"{""kHYPE"":22.99,""UBTC"":50.19,""WHYPE"":26.81}"
2026-05-09,127,USDY / US Dollar Yield,Ondo Yield Assets,Solana,$180.46m,180460000,3.55,3.55,,,,3.55,,,,,,,
2026-05-09,128,USDY / US Dollar Yield,Ondo Yield Assets,Arbitrum,$5.59m,5590000,3.55,3.55,,,,3.55,,,,,,,
2026-05-09,129,GTUSDCC,Morpho Blue,Arbitrum,$3.46m,3460000,3.47,3.47,,,,3.43,,,1633660.0818831413,,6364556.96,0,"{""kHYPE"":22.99,""UBTC"":50.19,""WHYPE"":26.81}"
2026-05-09,130,USDC,Aave V3,Base,$24.27m,24270000,3.35,3.35,,,,3.34,,,177220000,152940000,24270000,,
2026-05-09,131,USDS,Kamino Lend,Solana,$1.71m,1710000,3.29,3.29,,,,2.4,,,10410000,8700000,1710000,,
2026-05-09,132,AAVEGHO-USDT-USDC,Aura,Arbitrum,$1.71m,1710000,3.26,3.07,0.18,,,7.29,,,,,,,
2026-05-09,133,WAARBUSDCN-WAARBUSDT-WAARBGHO / Aura,Beefy,Arbitrum,$1.5m,1500000,3.25,3.25,,,,5,,,,,,,
2026-05-09,134,WYLDS,Hastra,Solana,$1.86m,1860000,3.25,3.25,,,,3.29,,,,,,,
2026-05-09,135,GTUSDCP,Morpho Blue,Arbitrum,$1.92m,1920000,3.25,3.25,,,,3.61,,,1927307.8692316266,,63060761.04,0,"{""WBTC"":74.45,""wstETH"":21.15,""WETH"":4.17,""sUSDS"":0.24}"
2026-05-09,136,USDPY,Toros,Op Mainnet,$1.08m,1080000,3.19,3.19,,,,1.87,,,,,,,
2026-05-09,137,EARNAUSD / earnAUSD/AUSD,Curvance,Monad,$15.54m,15540000,3.19,0,3.19,,,2.07,,,,,,,
2026-05-09,138,USDC,Aave V3,Arbitrum,$17.91m,17910000,3.18,3.18,,,,4.13,,,165490000,147580000,17910000,,
2026-05-09,139,USDY,Toros,Op Mainnet,"$756,298",756298,3.18,3.18,,,,2.44,,,,,,,
2026-05-09,140,USDT / Main Pool,Save,Solana,"$667,758",667758,3.09,3.09,,,,3.12,,,3740000,3080000,667757,,
2026-05-09,141,DAI,Aave V3,Arbitrum,"$500,052",500052,3.01,3.01,,,,4.13,,,3340000,2840000,500052,,
2026-05-09,142,MSUSD-USDC / CL50 - 0.05%,Aerodrome Slipstream,Base,$23.66m,23660000,3,0.82,2.18,0.53,,2.91,,,,,,,
2026-05-09,143,USDC / Euler Earn USDC,Euler V2,Arbitrum,"$596,728",596728,2.92,2.92,,,,3.41,,,,,,,
2026-05-09,144,USDC-USDT,USDC-USDT,Arbitrum,$2.56m,2560000,0.01,2.77,,,,3.66,,,,,,,
2026-05-09,145,USDC / SuperchargerV2,WOOFi Earn,Arbitrum,"$773,524",773524,2.76,2.76,,,,4.68,,,,,,,
2026-05-09,146,EARNAUSD,Neverland,Monad,$3.58m,3580000,2.68,0,2.68,,,3.39,,,3580000,0,3580000,,
2026-05-09,147,STEAKUSDC,Morpho Blue,Katana,$35.96m,35960000,2.62,1.03,1.59,,,2.2,,,141207.93365947352,,64846860.98,0,"{""WETH"":6.26,""WBTC"":93.74}"
2026-05-09,148,USDT,Aave V3,Op Mainnet,"$938,536",938536,2.6,2.6,,,,2.56,,,4850000,3910000,938537,,
2026-05-09,149,USDC-USDT-PYUSD,Carrot Liquidity,Solana,$1.39m,1390000,2.58,2.58,,,,1.69,,,,,,,
2026-05-09,150,USDT,Compound V3,Op Mainnet,$1.07m,1070000,2.56,2.56,,,,2.21,,,3690000,2620000,1070000,,
2026-05-09,151,USDC,Revert Lend,Base,$2.56m,2562435,6.59,6.59,0,6.81,,7.199999999999999,,,2562435,,,,
2026-05-09,152,baseUSD,Tokemak,Base,$6.28m,6276505,7.1499999999999995,6.08,1.0699999999999998,6.4,,7.12,,,6276505,,,,
2026-05-10,1,ALPHAUSDTPRIME,Morpho Blue,Hyperliquid L1,$2.76m,2760000,20.73,12.88,7.85,,,20.11,,,,,,,
2026-05-10,2,USDC,Sprinter,Base,$2.96m,2960000,16.66,16.66,,,,11.45,,,,,,,
2026-05-10,3,MIM-USDC / Mim,Beefy,Arbitrum,$1.22m,1220000,16.41,16.41,,,,14.28,,,,,,,
2026-05-10,4,AUSD-USDC-USDT0,Curve DEX,Monad,$3.81m,3810000,16.01,0,16.01,,,9.19,,,,,,,
2026-05-10,5,SUSDU,Unitas,Solana,$28.12m,28120000,15.92,15.92,,,,10.91,,,,,,,
2026-05-10,6,MSUSD-FRXUSD,Aerodrome V1,Base,$1.01m,1010000,15.9,15.9,,,,15.6,,,,,,,
2026-05-10,7,USDCAD-USDC,GMTrade,Solana,$1.36m,1360000,15.74,15.74,,,,15.75,,,,,,,
2026-05-10,8,APXUSD / For buying PT-apxUSD-18JUN2026,Pendle,Base,$3.66m,3660000,15.55,15.55,,,,14.3,,,,,,,
2026-05-10,9,USDC-MSUSD / stable - 0.05%,Velodrome V2,Op Mainnet,"$944,342",944342,15.54,15.54,,,,14.57,,,,,,,
2026-05-10,10,USDC-USDM,Mento V3,Monad,"$519,122",519122,15.41,0.8,14.61,,,14.92,,,,,,,
2026-05-10,11,USDC-USDT / CL1 - 0.0009%,Aerodrome Slipstream,Base,"$986,913",986913,15.36,12.21,3.15,13.72,,12.69,,,,,,,
2026-05-10,12,WNUSDT0-WNAUSD-WNUSDC / Balancer,Beefy,Monad,$3.66m,3660000,14.49,14.49,,,,13.71,,,,,,,
2026-05-10,13,AUSD,Metrom,Katana,$1.72m,1720000,13.88,9.43,4.45,,,13.74,,,,,,,
2026-05-10,14,USDC,Metrom,Katana,$15.49m,15490000,12.16,2.5,9.66,,,12.15,,,,,,,
2026-05-10,15,MIM-USDT0 / Mim,Beefy,Arbitrum,$1.1m,1100000,11.9,11.9,,,,10.81,,,,,,,
2026-05-10,16,USDC / yoUSD,YO Protocol,Base,$16.62m,16620000.000000002,11.78,3.98,7.8,,,14.93,,,,,,,
2026-05-10,17,USDC / yoUSD,YO Protocol,Arbitrum,"$610,209",610209,11.78,3.98,7.8,,,14.92,,,,,,,
2026-05-10,18,AUGUSTUSDC,Morpho Blue,Monad,$2.83m,2830000,11.29,7.78,3.5,,,8.86,,,0.000001999622436498363,,164468945.4,0,"{""earnAUSD"":100}"
2026-05-10,19,SUPERUSDC / SuperVault,Superform,Base,$2.5m,2500000,11.14,4.29,6.85,,,12.06,,,,,,,
2026-05-10,20,MSUSD-USDC,Extra Finance Leverage Farming,Base,$1.11m,1110000,11.03,11.03,,,,11.04,,,,,,,
2026-05-10,21,USDC,Accountable,Monad,"$571,938",571938,11,8,3,,,11.56,,,,,,,
2026-05-10,22,USDC / 40 Acres,Harvest Finance,Base,$1.97m,1970000,10.79,10.79,,,,6.97,,,,,,,
2026-05-10,23,ALUSD-USDC / Curve,Stake DAO,Arbitrum,"$754,811",754811,10.61,0.54,10.07,,,9.53,,,,,,,
2026-05-10,24,MSUSD-USDC,Aerodrome V1,Base,$7.46m,7460000,10.45,10.45,,,,10.41,,,,,,,
2026-05-10,25,USDT,Metrom,Katana,$4.67m,4670000,10.15,2.72,7.43,,,10.22,,,,,,,
2026-05-10,26,USDC / vault,Avantis,Base,$46.14m,46140000,10.03,10.03,,,,10.14,,,,,,,
2026-05-10,27,ALUSD-USDC,Curve DEX,Arbitrum,"$768,860",768860,9.99,0.03,9.96,,,9.69,,,,,,,
2026-05-10,28,MSUSD-USDC / Aerodrome,Beefy,Base,"$692,126",692126,9.88,9.88,,,,9.9,,,,,,,
2026-05-10,29,SUSDAI / For buying PT-sUSDai-18JUN2026,Pendle,Arbitrum,$6.33m,6330000,9.51,9.51,,,,8.53,,,,,,,
2026-05-10,30,AUSD,Yearn Finance,Katana,$1.66m,1660000,9.43,9.43,0.0001,,,7.64,,,,,,,
2026-05-10,31,FEUSDE,Morpho Blue,Hyperliquid L1,"$822,736",822736,9.34,9.34,,,,8.6,,,819276.0561027806,,16174257.42,4.82,"{""UBTC"":40.99,""WHYPE"":59.01}"
2026-05-10,32,SUSDAI / For buying PT-sUSDai-15OCT2026,Pendle,Arbitrum,$12.16m,12160000,9.32,9.32,,,,8.67,,,,,,,
2026-05-10,33,APXUSD / For LP | Maturity 18JUN2026,Pendle,Base,$3.66m,3660000,9.23,8.81,0.43,,,8.63,,,,,,,
2026-05-10,34,USDT,ZEROBASE CeDeFi,Arbitrum,$7.93m,7930000,9,7,2,,,9,,,,,,,
2026-05-10,35,USDC,ZEROBASE CeDeFi,Arbitrum,"$783,427",783427,9,7,2,,,9,,,,,,,
2026-05-10,36,BBQUSD1,Morpho Blue,Monad,$1.11m,1110000,8.97,3.8,5.17,,,8.74,,,689.177091401458,,49954258.65,0,"{""wsrUSD"":100}"
2026-05-10,37,AUSD / vUSD/AUSD,Curvance,Monad,"$587,273",587273,8.91,6.55,2.36,,,6.71,,,6230000,5640000,587276,,
2026-05-10,38,AUSD,Neverland,Monad,$10.69m,10690000,8.86,3.87,4.99,,,9.52,,,45980000,35220000,10760000,,
2026-05-10,39,ZVUSDC,Zircuit Finance,Base,$1.5m,1500000,8.81,8.81,,,,8.59,,,,,,,
2026-05-10,40,USDC / baseUSD,AUTOfinance,Base,$6.27m,6270000,8.77,5.18,3.59,,,8.58,,,,,,,
2026-05-10,41,USDC,YieldSeeker,Base,$1.24m,1240000,8.76,8.76,,,,9.12,,,,,,,
2026-05-10,42,AUGUSTUSDCV2,Morpho Blue,Monad,$9.22m,9220000,8.71,6.01,2.7,,,8.83,,,,,,,
2026-05-10,43,SUSDAI / For LP | Maturity 18JUN2026,Pendle,Arbitrum,$6.33m,6330000,8.7,8.02,0.68,,,7.89,,,,,,,
2026-05-10,44,USDC,Neverland,Monad,$14.9m,14900000,8.67,3.86,4.81,,,8.3,,,63530000,48650000,14880000,,
2026-05-10,45,SUSDAI / For LP | Maturity 15OCT2026,Pendle,Arbitrum,$12.16m,12160000,8.47,7.92,0.54,,,7.9,,,,,,,
2026-05-10,46,AUSD / earnAUSD/AUSD,Curvance,Monad,$2.26m,2260000,8.34,5.84,2.5,,,8.29,,,11630000,9370000,2260000,,
2026-05-10,47,USDC,Loopscale,Solana,$1.17m,1170000,8.3,7.24,1.06,,,8.35,,,,,,,
2026-05-10,48,USDC,DeltaPrime,Arbitrum,"$663,693",663693,7.86,7.86,,,,6.55,,,,,,,
2026-05-10,49,USDT0,Neverland,Monad,$4.44m,4440000,7.84,3.9,3.95,,,9.02,,,19370000,14930000,4440000,,
2026-05-10,50,FEUSDT0,Morpho Blue,Hyperliquid L1,$8.79m,8790000,7.59,7.59,,,,7.81,,,9243126.457965732,,98029850.02,8.62,"{""WHYPE"":32.4,""UBTC"":7.88,""beHYPE"":0.39,""PT-kHYPE-19MAR2026"":7.39,""wstHYPE"":0.66,""kHYPE"":51.28}"
2026-05-10,51,FEUSDH,Morpho Blue,Hyperliquid L1,$4.22m,4220000,7.5,7.5,,,,7.98,,,4222988.775905021,,35777047.67,10.56,"{""WHYPE"":80.15,""UBTC"":8.44,""kHYPE"":11.41}"
2026-05-10,52,SUSDAI / 30d unlock,USD AI,Arbitrum,$259.42m,259420000.00000003,7.47,7.47,,,,7.17,,,,,,,
2026-05-10,53,EARNAUSD,Upshift,Monad,$35.92m,35920000,7.43,5.91,1.53,,,7.55,,,,,,,
2026-05-10,54,HYPERUSDCA,Morpho Blue,Monad,$17.16m,17160000,7.3,4.6,2.7,,,7.13,,,1047222.7327757864,,199028957.53,0,"{""WBTC"":15.75,""WETH"":3.36,""sUSDai"":8.59,""PT-sUSDai-18JUN2026"":8.8,""weETH"":12.6,""PT-USDai-18JUN2026"":26.92,""Unknown"":10.82,""sUSDS"":5.18,""PT-thBILL-18JUN2026"":7.96}"
2026-05-10,55,EDGEUSDC,Morpho Blue,Base,"$884,380",884380,7.3,4.12,3.18,,,6.62,,,101804.5999657787,,29892624.55,0.34,"{""sUSDS"":0.86,""WBTC"":60.78,""wstETH"":38.36}"
2026-05-10,56,SYZUSD,Yuzu Money,Monad,$12.75m,12750000,7.24,7.24,,,,7.52,,,,,,,
2026-05-10,57,USDC,Gains Network,Arbitrum,$5.17m,5170000,6.87,6.87,,,,6.27,,,,,,,
2026-05-10,58,USDAI / For buying PT-USDai-15OCT2026,Pendle,Arbitrum,"$877,982",877982,6.87,6.87,,,,7.15,,,,,,,
2026-05-10,59,AUSD / syzUSD/AUSD,Curvance,Monad,"$852,593",852593,6.79,4.29,2.5,,,6.99,,,3490000,2690000,800918,,
2026-05-10,60,FEUSDH2,Morpho Blue,Hyperliquid L1,$10.52m,10520000,6.63,6.63,,,,7.26,,,10518361.033514347,,29481675.41,26.3,"{""kHYPE"":26.53,""WHYPE"":59.6,""wstHYPE"":13.87}"
2026-05-10,61,USDAI / For buying PT-USDai-18JUN2026,Pendle,Arbitrum,$35.63m,35630000,6.56,6.56,,,,6.1,,,,,,,
2026-05-10,62,USDC,Harmonix Finance,Arbitrum,"$757,868",757868,6.44,6.44,,,,5.57,,,,,,,
2026-05-10,63,DTUSDC,Lagoon,Base,"$685,822",685822,6.43,6.43,,,,5.99,,,,,,,
2026-05-10,64,FEUSDT02,Morpho Blue,Hyperliquid L1,$1.86m,1860000,6.39,6.39,,,,7.7,,,1831379.3735791203,,55154771.7,3.21,"{""hwHLP"":3.36,""WHLP"":0.68,""UETH"":8.49,""kHYPE"":20.6,""thBILL"":57.95,""WHYPE"":1.01,""UBTC"":6.39,""hbUSDT"":1.5,""PT-hbUSDT-18DEC2025"":0.03}"
2026-05-10,65,BBQUSDT0,Morpho Blue,Monad,$1.09m,1090000,6.29,2.25,4.04,,,6.75,,,72045.96570925145,,659846893.25,0,"{""weETH"":0,""syrupUSDC"":55,""wsrUSD"":12.55,""wstETH"":32.45}"
2026-05-10,66,AAVEGHO-USDT-USDC,Aura,Arbitrum,$1.69m,1690000,6.23,6.05,0.18,,,7.18,,,,,,,
2026-05-10,67,WAARBUSDCN-WAARBUSDT-WAARBGHO / Aura,Beefy,Arbitrum,$1.5m,1500000,6.21,6.21,,,,4.86,,,,,,,
2026-05-10,68,USDC,Extra Finance Leverage Farming,Base,$3.86m,3860000,5.95,5.95,,,,5.75,,,,,,,
2026-05-10,69,USDC / arbUSD,AUTOfinance,Arbitrum,$3.31m,3310000,5.87,4.42,1.46,,,10.97,,,,,,,
2026-05-10,70,USDC,MortgageFi,Base,"$787,013",787013,5.84,5.84,,,,7.63,,,,,,,
2026-05-10,71,HYPERUSDCA,Morpho Blue,Arbitrum,"$997,006",997006,5.64,5.64,,,,4.32,,,1047222.7327757864,,199028957.53,0,"{""WBTC"":15.75,""WETH"":3.36,""sUSDai"":8.59,""PT-sUSDai-18JUN2026"":8.8,""weETH"":12.6,""PT-USDai-18JUN2026"":26.92,""Unknown"":10.82,""sUSDS"":5.18,""PT-thBILL-18JUN2026"":7.96}"
2026-05-10,72,USDC / monUSD,AUTOfinance,Monad,"$543,228",543228,5.6,1.11,4.49,,,13.52,,,,,,,
2026-05-10,73,USDC,Moonwell Lending,Base,$1.59m,1590000,5.57,4.09,1.48,,,4.77,,,14790000,13190000,1600000,,
2026-05-10,74,USDG,Kamino Lend,Solana,$1.7m,1700000,5.53,5.53,,,,6.16,,,31120000,29470000,1660000,,
2026-05-10,75,FEUSDC,Morpho Blue,Hyperliquid L1,$18.06m,18060000,5.53,5.53,,,,6.46,,,18061951.82329068,,75929232.29,19.22,"{""kHYPE"":99.48,""UBTC"":0.44,""WHYPE"":0.03,""PT-kHYPE-19MAR2026"":0.05}"
2026-05-10,76,MWUSDC,Morpho Blue,Base,$9.9m,9900000,5.52,4.44,1.08,,,4.69,,,22598.584791088946,,,,"{""Unknown"":100}"
2026-05-10,77,GTUSDCP,Morpho Blue,Op Mainnet,$6.44m,6440000,5.47,3.62,1.85,,,4.88,,,2446584.7235936094,,62541449.33,0,"{""WETH"":0.97,""WBTC"":65.37,""wstETH"":33.47,""sUSDS"":0.19}"
2026-05-10,78,VBUSDC,Yearn Finance,Katana,$7.49m,7490000,5.46,4.22,1.24,,,3.19,,,,,,,
2026-05-10,79,FEUSDC2,Morpho Blue,Hyperliquid L1,$21.4m,21400000,5.38,5.38,,,,7.08,,,21410131.50677528,,28585179.19,42.82,"{""kHYPE"":15.69,""WHYPE"":82.99,""wstHYPE"":1.32}"
2026-05-10,80,AUSD / YZM/AUSD,Curvance,Monad,"$686,552",686552,5.34,3.64,1.7,,,6.69,,,1980000,1300000,686556,,
2026-05-10,81,USDT,ZEROBASE CeDeFi,Op Mainnet,$8.1m,8100000,5.3,3.3,2,,,5.3,,,,,,,
2026-05-10,82,BBQUSDC,Morpho Blue,Base,$19.8m,19800000,5.23,5.23,,,,5.53,,,2862275.567370806,,507043019.91,0,"{""wstETH"":7.84,""PT-USDai-18JUN2026"":38.46,""weETH"":50.36,""syrupUSDC"":1.22,""WETH"":0.86,""XAUt0"":0.02,""WBTC"":1.24,""wsrUSD"":0}"
2026-05-10,83,USDC,Fluid Lending,Base,$15.92m,15920000,5.18,3.67,1.51,,,6.45,,,,,,,
2026-05-10,84,USDC / Autopilot,Harvest Finance,Base,"$662,597",662597,5.18,5.18,,,,5.36,,,,,,,
2026-05-10,85,USDC-ALUSD / stable - 0.05%,Velodrome V2,Op Mainnet,$1.62m,1620000,5.12,5.12,,,,5.1,,,,,,,
2026-05-10,86,USDC,HyperLend Pooled,Hyperliquid L1,$13.81m,13810000,5.04,5.04,,,,5.04,,,76550000,62740000,13820000,,
2026-05-10,87,GTUSDCF,Morpho Blue,Base,"$872,002",872002,5.03,5.03,,,,5.1,,,1995100.7550062244,,109601679.12,0,"{""cbBTC"":22.49,""cbETH"":4.08,""WETH"":0,""cbDOGE"":20.08,""cbXRP"":33.26,""cbADA"":20.08}"
2026-05-10,88,GTUSDC,Morpho Blue,Katana,$4.19m,4190000.0000000005,5.01,3.5,1.51,,,3.67,,,,,,,
2026-05-10,89,USDC,Compound V3,Base,"$908,135",908135,4.99,4.99,,,,4.19,,,9600000,8690000,914551,,
2026-05-10,90,USDC / Harvest USDC vault Base,Fusion by IPOR,Base,"$662,729",662729,4.83,4.83,,,,4.94,,,,,,,
2026-05-10,91,GTUSDCC,Morpho Blue,Unichain,"$837,890",837890,4.78,4.78,,,,6.14,,,1581209.870462868,,6418039.84,0,"{""kHYPE"":23.76,""UBTC"":48.52,""WHYPE"":27.71}"
2026-05-10,92,VBUSDT,Yearn Finance,Katana,$4.59m,4590000,4.69,2.72,1.97,,,3.08,,,,,,,
2026-05-10,93,GTUSDCC,Morpho Blue,Hyperliquid L1,$1.58m,1580000,4.69,4.69,,,,6.31,,,1581209.870462868,,6418039.84,0,"{""kHYPE"":23.76,""UBTC"":48.52,""WHYPE"":27.71}"
2026-05-10,94,USDC / SuperchargerV2,WOOFi Earn,Base,"$538,529",538529,4.68,4.68,,,,4.85,,,,,,,
2026-05-10,95,USDC,Fluid Lending,Arbitrum,$50.47m,50470000,4.67,3.98,0.69,,,6.26,,,,,,,
2026-05-10,96,USDC / Dolomite Balance,Dolomite,Arbitrum,$1.32m,1320000,4.64,4.64,,,,6.01,,,4300000,2960000,1330000,,
2026-05-10,97,USDC / Morpho,Beefy,Base,$1.52m,1520000,4.57,4.57,,,,5.01,,,,,,,
2026-05-10,98,BBQUSDC,Morpho Blue,Arbitrum,$13.86m,13860000,4.55,4.55,,,,3.79,,,2862275.567370806,,507043019.91,0,"{""wstETH"":7.84,""PT-USDai-18JUN2026"":38.46,""weETH"":50.36,""syrupUSDC"":1.22,""WETH"":0.86,""XAUt0"":0.02,""WBTC"":1.24,""wsrUSD"":0}"
2026-05-10,99,GHO,Fluid Lending,Base,"$858,046",858046,4.55,4.55,,,,4.19,,,,,,,
2026-05-10,100,GHO,Fluid Lending,Arbitrum,$2.63m,2630000,4.52,4.52,,,,5.89,,,,,,,
2026-05-10,101,CSUSDC,Morpho Blue,Base,$2.87m,2870000,4.49,4.49,,,,5.29,,,1.0058689814230029,,75991838.36,0,"{""wstETH"":64.88,""weETH"":35.12}"
2026-05-10,102,FRUSDC,Morpho Blue,Base,$23.79m,23790000,4.46,4.46,,,,4.13,,,23788616.989703458,,0,0,"{""cbBTC"":100}"
2026-05-10,103,TERMUSDC,Morpho Blue,Base,"$979,669",979669,4.46,4.46,,,,4.13,,,979770.770258746,,199014458.4,0.49,"{""cbBTC"":100}"
2026-05-10,104,PUSDC,Morpho Blue,Base,$26.41m,26410000,4.44,4.44,,,,4.29,,,26536117.189647872,,1023433585.93,2.53,"{""cbBTC"":100}"
2026-05-10,105,GTUSDCP,Morpho Blue,Base,$352.27m,352270000,4.44,4.44,,,,4.29,,,2446584.7235936094,,62541449.33,0,"{""WETH"":0.97,""WBTC"":65.37,""wstETH"":33.47,""sUSDS"":0.19}"
2026-05-10,106,STEAKUSDC,Morpho Blue,Base,$468.55m,468550000,4.43,4.43,,,,4.29,,,128059.85864715968,,64859869.96,0,"{""wstETH"":12.52,""WETH"":21.8,""WBTC"":65.68}"
2026-05-10,107,GTUSDCP,Morpho Blue,Arbitrum,$2.45m,2450000,4.41,4.41,,,,3.63,,,2446584.7235936094,,62541449.33,0,"{""WETH"":0.97,""WBTC"":65.37,""wstETH"":33.47,""sUSDS"":0.19}"
2026-05-10,108,USDY,Toros,Base,"$889,728",889728,4.34,4.34,,,,4.55,,,,,,,
2026-05-10,109,HFUSDC,Morpho Blue,Base,"$882,193",882193,4.19,4.19,,,,1.05,,,882284.1105646775,,11117369.64,7.35,"{""Unknown"":6.12,""cbBTC"":56.23,""WETH"":37.64}"
2026-05-10,110,SUSDAI-USDC,Curve DEX,Arbitrum,$1.85m,1850000,4.17,4.17,,,,4.36,,,,,,,
2026-05-10,111,USDC / TermMax USDC Vault,TermMax,Base,$1.25m,1250000,4.15,4.15,,,,2.31,,,,,,,
2026-05-10,112,USDC / 2027-01-14,Exactly,Op Mainnet,$1.58m,1580000,4.13,4.13,,,,3.82,,,1370000,6063,1360000,,
2026-05-10,113,USDC / 2026-06-04,Exactly,Op Mainnet,$1.58m,1580000,4.07,4.07,,,,4.02,,,1420000,77162,1350000,,
2026-05-10,114,USDC / 2026-07-02,Exactly,Op Mainnet,$1.58m,1580000,4.07,4.07,,,,3.9,,,1400000,49710,1350000,,
2026-05-10,115,USDC / 2026-12-17,Exactly,Op Mainnet,$1.58m,1580000,4.02,4.02,,,,3.83,,,1360000,4518,1360000,,
2026-05-10,116,SYRUPUSDC-USDC / CL1 - 0.035%,Aerodrome Slipstream,Base,"$504,034",504034,4.02,4.02,,,,0.65,,,,,,,
2026-05-10,117,SPARKUSDC,Morpho Blue,Base,$9.13m,9130000,3.99,3.99,,,,4.08,,,0,,,,
2026-05-10,118,USDC,Kamino Lend,Solana,$7.9m,7900000,3.99,3.99,,,,4.24,,,161350000,153460000,7890000,,
2026-05-10,119,GTUSDCC,Morpho Blue,Base,$2.02m,2020000,3.99,3.99,,,,4.09,,,1581209.870462868,,6418039.84,0,"{""kHYPE"":23.76,""UBTC"":48.52,""WHYPE"":27.71}"
2026-05-10,120,USDC / 2026-09-24,Exactly,Op Mainnet,$1.58m,1580000,3.93,3.93,,,,3.77,,,1380000,15552,1360000,,
2026-05-10,121,BBQAUSD,Morpho Blue,Monad,"$910,387",910387,3.92,1.22,2.7,,,8.18,,,919010.8499974624,,229033541.8,0,"{""WBTC"":0.66,""wstETH"":1.03,""wsrUSD"":97.46,""XAUt0"":0.85}"
2026-05-10,122,USDC / 2026-11-19,Exactly,Op Mainnet,$1.58m,1580000,3.91,3.91,,,,3.69,,,1370000,7276,1360000,,
2026-05-10,123,USDC / 2026-10-22,Exactly,Op Mainnet,$1.58m,1580000,3.91,3.91,,,,3.82,,,1390000,24763,1360000,,
2026-05-10,124,USDC / 2026-07-30,Exactly,Op Mainnet,$1.58m,1580000,3.9,3.9,,,,3.35,,,1390000,35914,1360000,,
2026-05-10,125,USDC / 2026-08-27,Exactly,Op Mainnet,$1.58m,1580000,3.89,3.89,,,,3.72,,,1380000,21635,1360000,,
2026-05-10,126,GTUSDCC,Morpho Blue,Arbitrum,$3.36m,3360000,3.84,3.84,,,,3.43,,,1581209.870462868,,6418039.84,0,"{""kHYPE"":23.76,""UBTC"":48.52,""WHYPE"":27.71}"
2026-05-10,127,GTUSDT,Morpho Blue,Katana,$60.7m,60700000,3.69,1.85,1.84,,,2.22,,,9.997481498281524e-7,,39989.93,0,"{""WHYPE"":100}"
2026-05-10,128,USDG,Loopscale,Solana,$1.29m,1290000,3.68,3.68,,,,2.81,,,,,,,
2026-05-10,129,SUSDS,Sky Lending,Arbitrum,$358.3m,358300000,3.65,3.65,,,,3.69,,,,,,,
2026-05-10,130,USDY / US Dollar Yield,Ondo Yield Assets,Solana,$180.48m,180480000,3.55,3.55,,,,3.55,,,,,,,
2026-05-10,131,USDY / US Dollar Yield,Ondo Yield Assets,Arbitrum,$5.59m,5590000,3.55,3.55,,,,3.55,,,,,,,
2026-05-10,132,USDC,Aave V3,Base,$25.14m,25140000,3.32,3.32,,,,3.37,,,178270000,153170000,25100000,,
2026-05-10,133,WYLDS,Hastra,Solana,$1.87m,1870000,3.25,3.25,,,,3.29,,,,,,,
2026-05-10,134,CUSDO,OpenEden USDO,Solana,$5.7m,5700000,3.25,3.25,,,,3.23,,,,,,,
2026-05-10,135,USDC,Aave V3,Arbitrum,$17.82m,17820000,3.18,3.18,,,,4.21,,,164540000,146720000,17820000,,
2026-05-10,136,AAVEUSDC-AAVEGHO,Aura,Base,"$999,082",999082,3.11,3.11,0,,,7.06,,,,,,,
2026-05-10,137,WABASGHO-WABASUSDC / Aura,Beefy,Base,"$972,877",972877,3.11,3.11,,,,6.42,,,,,,,
2026-05-10,138,USDT / Main Pool,Save,Solana,"$720,734",720734,3.01,3.01,,,,3.1,,,3800000,3080000,720731,,
2026-05-10,139,DAI,Aave V3,Arbitrum,"$506,333",506333,3,3,,,,4.18,,,3350000,2840000,506730,,
2026-05-10,140,EARNAUSD / earnAUSD/AUSD,Curvance,Monad,$15.27m,15270000,2.95,0,2.95,,,2.2,,,,,,,
2026-05-10,141,USDY,Toros,Op Mainnet,"$756,413",756413,2.93,2.93,,,,2.41,,,,,,,
2026-05-10,142,USDS,Kamino Lend,Solana,$2.2m,2200000,2.89,2.89,,,,2.5,,,10410000,8210000.000000001,2200000,,
2026-05-10,143,PYUSD,Kamino Lend,Solana,$11.1m,11100000,2.88,2.88,,,,3.68,,,80960000,69830000,11140000,,
2026-05-10,144,USDC-USDT,USDC-USDT,Arbitrum,$2.58m,2580000,0.01,2.86,,,,3.63,,,,,,,
2026-05-10,145,USDC / SuperchargerV2,WOOFi Earn,Arbitrum,"$773,621",773621,2.76,2.76,,,,4.58,,,,,,,
2026-05-10,146,HYUSD,Loopscale,Solana,"$755,646",755646,2.76,2.76,,,,2.17,,,,,,,
2026-05-10,147,USDC,Aave V3,Op Mainnet,$2.4m,2400000,2.74,2.74,,,,2.04,,,13880000,11480000,2400000,,
2026-05-10,148,EARNAUSD,Neverland,Monad,$3.58m,3580000,2.67,0,2.67,,,3.32,,,3580000,0,3580000,,
2026-05-10,149,USDT,Aave V3,Op Mainnet,"$936,782",936782,2.6,2.6,,,,2.59,,,4850000,3910000,937330,,
2026-05-10,150,USDT,Compound V3,Op Mainnet,$1.05m,1050000,2.57,2.57,,,,2.23,,,3690000,2640000,1050000,,
2026-05-10,151,USDC,Revert Lend,Base,$2.56m,2559405,7.03,7.03,0,6.67,,7.23,,,2559405,,,,
2026-05-10,152,baseUSD,Tokemak,Base,$6.27m,6267353,6.29,4.569999999999999,1.72,6.3,,7.090000000000001,,,6267353,,,,
2026-05-11,1,USDC-USDT|CL1 - 0.0009%,Aerodrome Slipstream,Base,$1.03m,1030000,17.16,14.42,2.74,13.52,,12.8,,,,,,,
2026-05-11,2,USDC,Sprinter,Base,$2.96m,2960000,16.66,16.66,,,,11.52,,,,,,,
2026-05-11,3,MIM-USDC|Mim,Beefy,Arbitrum,$1.22m,1220000,16.54,16.54,,,,14.41,,,,,,,
2026-05-11,4,AUSD-USDC-USDT0,Curve DEX,Monad,$3.82m,3820000,16.02,0,16.02,,,9.41,,,,,,,
2026-05-11,5,USDC-MSUSD|stable - 0.05%,Velodrome V2,Op Mainnet,"$944,681",944681,16.02,16.02,16.02,,,14.62,,,,,,,
2026-05-11,6,SUSDU,Unitas,Solana,$28.12m,28120000,15.91,15.91,,,,11.02,,,,,,,
2026-05-11,7,USDCAD-USDC,GMTrade,Solana,$1.36m,1360000,15.74,15.74,,,,15.75,,,,,,,
2026-05-11,8,ALPHAUSDTPRIME,Morpho Blue,Hyperliquid L1,$2.84m,2840000,15.74,8.18,7.56,,,20.08,,,,,,,
2026-05-11,9,MSUSD-FRXUSD,Aerodrome V1,Base,$1.05m,1050000,15.68,15.68,15.68,,,15.59,,,,,,,
2026-05-11,10,APXUSD|For buying PT-apxUSD-18JUN2026,Pendle,Base,$3.67m,3670000,15.45,15.45,,,,14.32,,,,,,,
2026-05-11,11,USDC-USDM,Mento V3,Monad,"$529,072",529072,15.14,0.8,14.34,,,14.93,,,,,,,
2026-05-11,12,WNUSDT0-WNAUSD-WNUSDC|Balancer,Beefy,Monad,$3.55m,3550000,14.52,14.52,,,,13.69,,,,,,,
2026-05-11,13,AUSD,Metrom,Katana,$1.7m,1700000,13.9,9.45,4.45,,,13.76,,,,,,,
2026-05-11,14,USDC,Metrom,Katana,$14.84m,14840000,12.61,2.53,10.08,,,12.18,,,,,,,
2026-05-11,15,MIM-USDT0|Mim,Beefy,Arbitrum,$1.1m,1100000,12.02,12.02,,,,10.84,,,,,,,
2026-05-11,16,USDC|yoUSD,YO Protocol,Base,$16.61m,16610000,11.78,3.98,7.8,,,14.86,,,,,,,
2026-05-11,17,USDC|yoUSD,YO Protocol,Arbitrum,"$610,361",610361,11.78,3.98,7.8,,,14.86,,,,,,,
2026-05-11,18,MSUSD-USDC,Extra Finance Leverage Farming,Base,$1.12m,1120000,11.3,11.3,,,,11,,,,,,,
2026-05-11,19,AUGUSTUSDC,Morpho Blue,Monad,$2.83m,2830000,11.29,7.78,3.5,,,8.93,,,0.000001999548625511352,,164462874.45,0,"{""earnAUSD"":100}"
2026-05-11,20,USDC,Accountable,Monad,"$586,291",586291,11,8,3,,,11.54,,,,,,,
2026-05-11,21,SUPERUSDC|SuperVault,Superform,Base,$2.51m,2510000,10.94,4.35,6.58,,,12.07,,,,,,,
2026-05-11,22,ALUSD-USDC|Curve,Stake DAO,Arbitrum,"$754,772",754772,10.86,0.54,10.32,,,9.56,,,,,,,
2026-05-11,23,USDC|40 Acres,Harvest Finance,Base,$1.97m,1970000,10.79,10.79,,,,7.04,,,,,,,
2026-05-11,24,MSUSD-USDC,Aerodrome V1,Base,$7.46m,7460000,10.74,10.74,10.74,,,10.38,,,,,,,
2026-05-11,25,FEUSDE,Morpho Blue,Hyperliquid L1,"$829,264",829264,10.74,10.74,,,,8.63,,,821712.8585451166,,16172320.59,4.84,"{""UBTC"":42.11,""WHYPE"":57.89}"
2026-05-11,26,ALUSD-USDC,Curve DEX,Arbitrum,"$768,817",768817,10.37,0.08,10.29,,,9.7,,,,,,,
2026-05-11,27,USDT,Metrom,Katana,$4.64m,4640000,10.27,2.72,7.54,,,10.22,,,,,,,
2026-05-11,28,MSUSD-USDC|Aerodrome,Beefy,Base,"$692,339",692339,10.1,10.1,,,,9.87,,,,,,,
2026-05-11,29,USDC|vault,Avantis,Base,$46.03m,46030000,10.05,10.05,,,,10.14,,,,,,,
2026-05-11,30,SUSDAI|For buying PT-sUSDai-18JUN2026,Pendle,Arbitrum,$6.33m,6330000,9.52,9.52,,,,8.55,,,,,,,
2026-05-11,31,SUSDAI|For buying PT-sUSDai-15OCT2026,Pendle,Arbitrum,$12.15m,12150000,9.48,9.48,,,,8.69,,,,,,,
2026-05-11,32,AUSD,Yearn Finance,Katana,$1.65m,1650000,9.45,9.45,0.0001,,,7.77,,,,,,,
2026-05-11,33,APXUSD|For LP | Maturity 18JUN2026,Pendle,Base,$3.67m,3670000,9.07,8.64,0.42,,,8.63,,,,,,,
2026-05-11,34,WAARBUSDCN-WAARBUSDT-WAARBGHO|Aura,Beefy,Arbitrum,$1.5m,1500000,9.05,9.05,,,,4.95,,,,,,,
2026-05-11,35,AUGUSTUSDCV2,Morpho Blue,Monad,$9.22m,9220000,9.05,6.35,2.7,,,8.88,,,,,,,
2026-05-11,36,USDT,ZEROBASE CeDeFi,Arbitrum,$7.93m,7930000,9,7,2,,,9,,,,,,,
2026-05-11,37,USDC,ZEROBASE CeDeFi,Arbitrum,"$783,466",783466,9,7,2,,,9,,,,,,,
2026-05-11,38,AUSD,Neverland,Monad,$10.55m,10550000,8.9,3.89,5.02,,,9.51,,,,,,,
2026-05-11,39,ZVUSDC,Zircuit Finance,Base,$1.5m,1500000,8.81,8.81,,,,8.58,,,,,,,
2026-05-11,40,USDC|baseUSD,AUTOfinance,Base,$6.27m,6270000,8.77,5.18,3.59,,,8.6,,,,,,,
2026-05-11,41,USDC,YieldSeeker,Base,$1.24m,1240000,8.77,8.77,,,,9.11,,,,,,,
2026-05-11,42,SUSDAI|For LP | Maturity 18JUN2026,Pendle,Arbitrum,$6.33m,6330000,8.7,8.03,0.67,,,7.91,,,,,,,
2026-05-11,43,USDC,Neverland,Monad,$15.02m,15020000,8.66,3.85,4.81,,,8.31,,,,,,,
2026-05-11,44,SUSDAI|For LP | Maturity 15OCT2026,Pendle,Arbitrum,$12.15m,12150000,8.5,7.97,0.54,,,7.91,,,,,,,
2026-05-11,45,USDC,DeltaPrime,Arbitrum,"$643,922",643922,8.47,8.47,,,,6.59,,,,,,,
2026-05-11,46,USDC,Loopscale,Solana,$1.19m,1190000,8.29,7.23,1.06,,,8.34,,,,,,,
2026-05-11,47,AUSD|earnAUSD/AUSD,Curvance,Monad,$2.43m,2430000,8.13,5.63,2.5,,,8.3,,,,,,,
2026-05-11,48,AUSD|vUSD/AUSD,Curvance,Monad,"$687,421",687421,7.92,5.56,2.36,,,6.75,,,,,,,
2026-05-11,49,USDT0,Neverland,Monad,$4.42m,4420000,7.86,3.9,3.96,,,8.99,,,,,,,
2026-05-11,50,USDC,Gains Network,Arbitrum,$5.17m,5170000,7.46,7.46,,,,6.28,,,,,,,
2026-05-11,51,SUSDAI|30d unlock,USD AI,Arbitrum,$265.62m,265620000,7.4,7.4,,,,7.17,,,,,,,
2026-05-11,52,BBQUSD1,Morpho Blue,Monad,$1.19m,1190000,7.38,2.58,4.8,,,8.74,,,689.3607918139105,,49965842.74,0,"{""wsrUSD"":100}"
2026-05-11,53,FEUSDH2,Morpho Blue,Hyperliquid L1,$10.35m,10350000,7.36,7.36,,,,7.27,,,9111743.66699087,,30898700.75,22.77,"{""wstHYPE"":15,""kHYPE"":26.94,""WHYPE"":58.06}"
2026-05-11,54,EARNAUSD,Upshift,Monad,$35.72m,35720000,7.36,5.84,1.53,,,7.54,,,,,,,
2026-05-11,55,HYPERUSDCA,Morpho Blue,Monad,$17.17m,17170000,7.31,4.61,2.7,,,7.16,,,1032517.5228301379,,199045177.28,0,"{""WETH"":3.41,""sUSDai"":8.72,""WBTC"":15.98,""PT-sUSDai-18JUN2026"":8.92,""weETH"":12.78,""PT-USDai-18JUN2026"":27.31,""Unknown"":10.35,""sUSDS"":5.26,""PT-thBILL-18JUN2026"":7.27}"
2026-05-11,56,SYZUSD,Yuzu Money,Monad,$12.75m,12750000,7.27,7.27,,,,7.52,,,,,,,
2026-05-11,57,FEUSDH,Morpho Blue,Hyperliquid L1,$4.17m,4170000,7.15,7.15,,,,8.02,,,4229038.268886885,,35781406.14,10.57,"{""WHYPE"":78.18,""UBTC"":8.59,""kHYPE"":13.23}"
2026-05-11,58,EDGEUSDC,Morpho Blue,Base,"$884,471",884471,7.04,3.9,3.13,,,6.64,,,101814.63804658603,,29893810.27,0.34,"{""sUSDS"":0.86,""WBTC"":60.78,""wstETH"":38.36}"
2026-05-11,59,USDAI|For buying PT-USDai-15OCT2026,Pendle,Arbitrum,"$872,974",872974,6.91,6.91,,,,7.15,,,,,,,
2026-05-11,60,USDAI|For buying PT-USDai-18JUN2026,Pendle,Arbitrum,$35.63m,35630000,6.89,6.89,,,,6.12,,,,,,,
2026-05-11,61,AUSD|syzUSD/AUSD,Curvance,Monad,"$841,087",841087,6.82,4.32,2.5,,,7.01,,,,,,,
2026-05-11,62,FEUSDT0,Morpho Blue,Hyperliquid L1,$9.21m,9210000,6.58,6.58,,,,7.78,,,8813445.138281854,,98441857.45,8.22,"{""WHYPE"":33.94,""PT-kHYPE-19MAR2026"":7.75,""UBTC"":8.28,""beHYPE"":0.41,""wstHYPE"":0.69,""kHYPE"":48.93}"
2026-05-11,63,USDC,Harmonix Finance,Arbitrum,"$757,543",757543,6.44,6.44,,,,5.59,,,,,,,
2026-05-11,64,BBQUSDT0,Morpho Blue,Monad,$1.09m,1090000,6.29,2.25,4.04,,,6.8,,,71925.60574404047,,659437622,0,"{""weETH"":0.03,""syrupUSDC"":55.06,""wsrUSD"":12.56,""wstETH"":32.35}"
2026-05-11,65,USDC,Compound V3,Base,"$865,572",865572,6.28,6.28,,,,4.21,,,,,,,
2026-05-11,66,USDC,Extra Finance Leverage Farming,Base,$3.72m,3720000,6.22,6.22,,,,5.75,,,,,,,
2026-05-11,67,BBQUSDC,Morpho Blue,Base,$3.41m,3410000,6.15,6.15,,,,5.44,,,2857717.8781645265,,507067905.62,0,"{""XAUt0"":0.02,""PT-USDai-18JUN2026"":41.38,""weETH"":56.57,""syrupUSDC"":1.41,""WETH"":0.63,""wsrUSD"":0}"
2026-05-11,68,FEUSDT02,Morpho Blue,Hyperliquid L1,$1.84m,1840000,6.09,6.09,,,,7.69,,,1814487.448027676,,55162277.44,3.18,"{""thBILL"":59.25,""kHYPE"":19.03,""hwHLP"":3.39,""WHLP"":0.69,""UETH"":8.68,""UBTC"":6.71,""WHYPE"":0.7,""hbUSDT"":1.52,""PT-hbUSDT-18DEC2025"":0.03}"
2026-05-11,69,USDG,Kamino Lend,Solana,$1.52m,1520000,5.93,5.93,,,,6.12,,,,,,,
2026-05-11,70,USDC|Autopilot,Harvest Finance,Base,"$662,703",662703,5.74,5.74,,,,5.37,,,,,,,
2026-05-11,71,GTUSDCP,Morpho Blue,Op Mainnet,$6.41m,6410000,5.73,3.87,1.86,,,4.9,,,2779353.7217979627,,62211166.92,0,"{""WBTC"":59.51,""wstETH"":40.32,""WETH"":0.02,""sUSDS"":0.15}"
2026-05-11,72,VBUSDC,Yearn Finance,Katana,$14.57m,14570000,5.67,2.53,3.13,,,3.45,,,,,,,
2026-05-11,73,USDC,MortgageFi,Base,"$797,961",797961,5.61,5.61,,,,7.56,,,,,,,
2026-05-11,74,HYPERUSDCA,Morpho Blue,Arbitrum,$1.04m,1040000,5.6,5.6,,,,4.34,,,1032517.5228301379,,199045177.28,0,"{""WETH"":3.41,""sUSDai"":8.72,""WBTC"":15.98,""PT-sUSDai-18JUN2026"":8.92,""weETH"":12.78,""PT-USDai-18JUN2026"":27.31,""Unknown"":10.35,""sUSDS"":5.26,""PT-thBILL-18JUN2026"":7.27}"
2026-05-11,75,FEUSDC,Morpho Blue,Hyperliquid L1,$18.01m,18010000,5.56,5.56,,,,6.47,,,18057760.428249523,,75930121.35,19.21,"{""kHYPE"":99.39,""UBTC"":0.54,""WHYPE"":0.03,""PT-kHYPE-19MAR2026"":0.05}"
2026-05-11,76,USDC|Harvest USDC vault Base,Fusion by IPOR,Base,"$662,766",662766,5.52,5.52,,,,4.95,,,,,,,
2026-05-11,77,USDC|monUSD,AUTOfinance,Monad,"$543,228",543228,5.51,1.02,4.49,,,13.39,,,,,,,
2026-05-11,78,USDC,Fluid Lending,Arbitrum,$48.57m,48570000,5.49,4.75,0.74,,,6.27,,,,,,,
2026-05-11,79,AAVEGHO-USDT-USDC,Aura,Arbitrum,$1.69m,1690000,5.48,5.3,0.18,,,7.24,,,,,,,
2026-05-11,80,USDC,Moonwell Lending,Base,$1.89m,1890000,5.36,3.93,1.43,,,4.79,,,,,,,
2026-05-11,81,FEUSDC2,Morpho Blue,Hyperliquid L1,$21.44m,21440000,5.32,5.32,,,,7.04,,,21390448.992344197,,28603105.14,42.79,"{""wstHYPE"":1.32,""kHYPE"":15.58,""WHYPE"":83.1}"
2026-05-11,82,USDT,ZEROBASE CeDeFi,Op Mainnet,$8.11m,8109999.999999999,5.3,3.3,2,,,5.3,,,,,,,
2026-05-11,83,USDC-ALUSD|stable - 0.05%,Velodrome V2,Op Mainnet,$1.62m,1620000,5.27,5.27,5.27,,,5.11,,,,,,,
2026-05-11,84,USDC|Morpho,Beefy,Base,$1.49m,1490000,5.23,5.23,,,,5.01,,,,,,,
2026-05-11,85,USDC,Fluid Lending,Base,$15.97m,15970000,5.2,3.66,1.54,,,6.44,,,,,,,
2026-05-11,86,DTUSDC,Lagoon,Base,"$676,596",676596,5.2,5.2,,,,6.03,,,,,,,
2026-05-11,87,MWUSDC,Morpho Blue,Base,$9.9m,9900000,5.16,4.08,1.08,,,4.71,,,22599.485712215315,,,,"{""Unknown"":100}"
2026-05-11,88,AUSD|YZM/AUSD,Curvance,Monad,"$730,115",730115,5.1,3.4,1.7,,,6.7,,,,,,,
2026-05-11,89,USDC,HyperLend Pooled,Hyperliquid L1,$13.7m,13700000,5.07,5.07,,,,5.05,,,,,,,
2026-05-11,90,USDC|arbUSD,AUTOfinance,Arbitrum,$3.3m,3300000,4.91,3.43,1.48,,,10.87,,,,,,,
2026-05-11,91,GTUSDCF,Morpho Blue,Base,"$981,180",981180,4.89,4.89,,,,5.1,,,1983828.7345250992,,109590984.57,0,"{""cbXRP"":33.13,""cbBTC"":22.85,""cbETH"":4.01,""WETH"":0.01,""cbDOGE"":20,""cbADA"":20}"
2026-05-11,92,GTUSDC,Morpho Blue,Katana,$4.17m,4170000,4.83,3.32,1.51,,,3.73,,,,,,,
2026-05-11,93,GTUSDCC,Morpho Blue,Unichain,"$837,965",837965,4.79,4.79,,,,6.14,,,1554776.9878342606,,6444191.67,0,"{""kHYPE"":24.17,""UBTC"":47.64,""WHYPE"":28.19}"
2026-05-11,94,VBUSDT,Yearn Finance,Katana,$4.56m,4560000,4.76,2.72,2.04,,,3.13,,,,,,,
2026-05-11,95,GTUSDCC,Morpho Blue,Hyperliquid L1,$1.57m,1570000,4.73,4.73,,,,6.31,,,1554776.9878342606,,6444191.67,0,"{""kHYPE"":24.17,""UBTC"":47.64,""WHYPE"":28.19}"
2026-05-11,96,USDC|SuperchargerV2,WOOFi Earn,Base,"$538,534",538534,4.68,4.68,,,,4.85,,,,,,,
2026-05-11,97,GHO,Fluid Lending,Base,"$856,963",856963,4.56,4.56,,,,4.21,,,,,,,
2026-05-11,98,CSUSDC,Morpho Blue,Base,$2.87m,2870000,4.4,4.4,,,,5.27,,,1.0058749946778713,,75991461.71,0,"{""wstETH"":64.88,""weETH"":35.12}"
2026-05-11,99,USDC|Dolomite Balance,Dolomite,Arbitrum,$1.41m,1410000,4.39,4.39,,,,5.97,,,,,,,
2026-05-11,100,BBQUSDC,Morpho Blue,Arbitrum,$13.87m,13870000,4.31,4.31,,,,3.81,,,2857717.8781645265,,507067905.62,0,"{""XAUt0"":0.02,""PT-USDai-18JUN2026"":41.38,""weETH"":56.57,""syrupUSDC"":1.41,""WETH"":0.63,""wsrUSD"":0}"
2026-05-11,101,GHO,Fluid Lending,Arbitrum,$2.61m,2610000,4.29,4.29,,,,5.87,,,,,,,
2026-05-11,102,USDY,Toros,Base,"$889,763",889763,4.27,4.27,,,,4.55,,,,,,,
2026-05-11,103,STEAKUSDC,Morpho Blue,Base,$468.6m,468600000,4.23,4.23,,,,4.29,,,128371.17352418801,,64862149.47,0,"{""wstETH"":49.43,""WETH"":50.18,""WBTC"":0.39}"
2026-05-11,104,FRUSDC,Morpho Blue,Base,$23.79m,23790000,4.23,4.23,,,,4.13,,,23785277.635506734,,0,0,"{""cbBTC"":100}"
2026-05-11,105,TERMUSDC,Morpho Blue,Base,"$979,681",979681,4.23,4.23,,,,4.13,,,979633.2338213905,,198975229.32,0.49,"{""cbBTC"":100}"
2026-05-11,106,GTUSDCP,Morpho Blue,Base,$351.89m,351890000,4.22,4.22,,,,4.29,,,2779353.7217979627,,62211166.92,0,"{""WBTC"":59.51,""wstETH"":40.32,""WETH"":0.02,""sUSDS"":0.15}"
2026-05-11,107,PUSDC,Morpho Blue,Base,$26.54m,26540000,4.21,4.21,,,,4.29,,,26542184.3406096,,1023220844.05,2.53,"{""cbBTC"":100}"
2026-05-11,108,USDC|2027-01-14,Exactly,Op Mainnet,$1.57m,1570000,4.14,4.14,,,,3.88,,,,,,,
2026-05-11,109,USDC|2026-07-02,Exactly,Op Mainnet,$1.57m,1570000,4.07,4.07,,,,3.91,,,,,,,
2026-05-11,110,USDC|2026-06-04,Exactly,Op Mainnet,$1.57m,1570000,4.07,4.07,,,,4.02,,,,,,,
2026-05-11,111,USDC|2026-12-17,Exactly,Op Mainnet,$1.57m,1570000,4.02,4.02,,,,3.83,,,,,,,
2026-05-11,112,USDC|TermMax USDC Vault,TermMax,Base,$1.25m,1250000,3.97,3.97,,,,2.31,,,,,,,
2026-05-11,113,SUSDAI-USDC,Curve DEX,Arbitrum,$1.86m,1860000,3.97,3.97,,,,4.35,,,,,,,
2026-05-11,114,USDC|2026-09-24,Exactly,Op Mainnet,$1.57m,1570000,3.93,3.93,,,,3.77,,,,,,,
2026-05-11,115,USDC|2026-11-19,Exactly,Op Mainnet,$1.57m,1570000,3.92,3.92,,,,3.72,,,,,,,
2026-05-11,116,USDC|2026-10-22,Exactly,Op Mainnet,$1.57m,1570000,3.92,3.92,,,,3.81,,,,,,,
2026-05-11,117,USDC|2026-07-30,Exactly,Op Mainnet,$1.57m,1570000,3.91,3.91,,,,3.35,,,,,,,
2026-05-11,118,USDC|2026-08-27,Exactly,Op Mainnet,$1.57m,1570000,3.89,3.89,,,,3.72,,,,,,,
2026-05-11,119,HFUSDC,Morpho Blue,Base,"$882,201",882201,3.82,3.82,,,,1.12,,,882155.9161547006,,11115135.84,7.35,"{""Unknown"":6.12,""cbBTC"":56.23,""WETH"":37.64}"
2026-05-11,120,GTUSDCC,Morpho Blue,Arbitrum,$3.36m,3360000,3.8,3.8,,,,3.44,,,1554776.9878342606,,6444191.67,0,"{""kHYPE"":24.17,""UBTC"":47.64,""WHYPE"":28.19}"
2026-05-11,121,GTUSDCC,Morpho Blue,Base,$2.02m,2020000,3.76,3.76,,,,4.08,,,1554776.9878342606,,6444191.67,0,"{""kHYPE"":24.17,""UBTC"":47.64,""WHYPE"":28.19}"
2026-05-11,122,GTUSDT,Morpho Blue,Katana,$60.64m,60640000,3.75,1.86,1.88,,,2.26,,,9.995834351509646e-7,,39983.34,0,"{""WHYPE"":100}"
2026-05-11,123,BBQAUSD,Morpho Blue,Monad,"$906,053",906053,3.72,1.02,2.7,,,8.17,,,901126.0895846172,,229042492.47,0,"{""wstETH"":1.05,""wsrUSD"":98.09,""XAUt0"":0.86}"
2026-05-11,124,USDG,Loopscale,Solana,$1.28m,1280000,3.69,3.69,,,,2.83,,,,,,,
2026-05-11,125,SUSDS,Sky Lending,Arbitrum,$358.34m,358340000,3.65,3.65,,,,3.69,,,,,,,
2026-05-11,126,SPARKUSDC,Morpho Blue,Base,$9.14m,9140000,3.56,3.56,,,,4.07,,,0,,,,
2026-05-11,127,USDY|US Dollar Yield,Ondo Yield Assets,Solana,$180.48m,180480000,3.55,3.55,,3.55,,3.55,,,,,,,
2026-05-11,128,USDY|US Dollar Yield,Ondo Yield Assets,Arbitrum,$5.59m,5590000,3.55,3.55,,3.55,,3.55,,,,,,,
2026-05-11,129,AAVEUSDC-AAVEGHO,Aura,Base,"$994,951",994951,3.34,3.33,0,,,6.99,,,,,,,
2026-05-11,130,WABASGHO-WABASUSDC|Aura,Beefy,Base,"$972,763",972763,3.34,3.34,,,,6.33,,,,,,,
2026-05-11,131,USDC,Kamino Lend,Solana,$8.85m,8850000,3.34,3.34,,,,4.26,,,,,,,
2026-05-11,132,USDC,Aave V3,Base,$25.7m,25700000,3.3,3.3,,,,3.38,,,,,,,
2026-05-11,133,WYLDS,Hastra,Solana,$1.87m,1870000,3.25,3.25,,,,3.29,,,,,,,
2026-05-11,134,CUSDO,OpenEden USDO,Solana,$5.7m,5700000,3.25,3.25,,3.25,,3.23,,,,,,,
2026-05-11,135,USDC-USDT|0.01%,Uniswap V3,Arbitrum,$2.58m,2580000,3.24,3.24,,2.62,,3.63,,,,,,,
2026-05-11,136,GTUSDCP,Morpho Blue,Arbitrum,$2.85m,2850000,3.19,3.19,,,,3.64,,,2779353.7217979627,,62211166.92,0,"{""WBTC"":59.51,""wstETH"":40.32,""WETH"":0.02,""sUSDS"":0.15}"
2026-05-11,137,PYUSD,Kamino Lend,Solana,$10.88m,10880000,3.17,3.17,,,,3.66,,,,,,,
2026-05-11,138,USDC,Aave V3,Arbitrum,$19.48m,19480000,3.12,3.12,,,,4.23,,,,,,,
2026-05-11,139,MSUSD-USDC|CL50 - 0.05%,Aerodrome Slipstream,Base,$25.2m,25200000,3.02,0.64,2.39,0.55,,2.87,,,,,,,
2026-05-11,140,USDT|Main Pool,Save,Solana,"$716,952",716952,3.01,3.01,,,,3.1,,,,,,,
2026-05-11,141,DAI,Aave V3,Arbitrum,"$504,063",504063,3,3,,,,4.19,,,,,,,
2026-05-11,142,USDC-EUSD|CL1 - 0.01%,Aerodrome Slipstream,Base,"$515,439",515439,2.99,0.38,2.61,0.7,,59.85,,,,,,,
2026-05-11,143,EARNAUSD|earnAUSD/AUSD,Curvance,Monad,$15.06m,15060000,2.95,0,2.95,,,2.24,,,,,,,
2026-05-11,144,USDS,Kamino Lend,Solana,$2.19m,2190000,2.9,2.9,,,,2.53,,,,,,,
2026-05-11,145,USDC|SuperchargerV2,WOOFi Earn,Arbitrum,"$773,645",773645,2.76,2.76,,,,4.56,,,,,,,
2026-05-11,146,HYUSD,Loopscale,Solana,"$757,432",757432,2.76,2.76,,,,2.18,,,,,,,
2026-05-11,147,USDC,Aave V3,Op Mainnet,$2.5m,2500000,2.69,2.69,,,,2.05,,,,,,,
2026-05-11,148,EARNAUSD,Neverland,Monad,$3.58m,3580000,2.67,0,2.67,,,3.29,,,,,,,
2026-05-11,149,USDT,Aave V3,Op Mainnet,"$932,861",932861,2.61,2.61,,,,2.6,,,,,,,
2026-05-11,150,USDY,Toros,Op Mainnet,"$756,392",756392,2.59,2.59,,,,2.41,,,,,,,
2026-05-11,151,USDC,Revert Lend,Base,$2.42m,2422477,6.5600000000000005,6.5600000000000005,0,6.58,,7.21,,,2422477,,,,
2026-05-11,152,baseUSD,Tokemak,Base,$6.27m,6267851,8.67,6.93,1.7399999999999998,6.49,,7.07,,,6267851,,,,
2026-05-12,1,USDC-USDT|CL1 - 0.0009%,Aerodrome Slipstream,Base,$1.03m,1030000,20.36,17.82,2.54,14.17,,13.37,,,,,,,
2026-05-12,2,USDC,Sprinter,Base,$2.96m,2960000,16.66,16.66,,,,11.72,,,,,,,
2026-05-12,3,ALPHAUSDTPRIME,Morpho Blue,Hyperliquid L1,$2.94m,2940000,16.42,8.71,7.71,,,20.08,,,,,,,
2026-05-12,4,AUSD-USDC-USDT0,Curve DEX,Monad,$3.97m,3970000,16.07,0,16.07,,,10.03,,,,,,,
2026-05-12,5,USDC-MSUSD|stable - 0.05%,Velodrome V2,Op Mainnet,"$947,702",947702,15.32,15.32,15.32,,,14.68,,,,,,,
2026-05-12,6,APXUSD|For buying PT-apxUSD-18JUN2026,Pendle,Base,$3.65m,3650000,15.29,15.29,,,,14.36,,,,,,,
2026-05-12,7,USDC-USDM,Mento V3,Monad,"$529,454",529454,14.83,0.5,14.33,,,14.93,,,,,,,
2026-05-12,8,MSUSD-FRXUSD,Aerodrome V1,Base,$1.07m,1070000,14.82,14.82,14.82,,,15.62,,,,,,,
2026-05-12,9,MIM-USDC|Mim,Beefy,Arbitrum,$1.23m,1230000,14.47,14.47,,,,14.76,,,,,,,
2026-05-12,10,WNUSDT0-WNAUSD-WNUSDC|Balancer,Beefy,Monad,$3.59m,3590000,14.17,14.17,,,,13.64,,,,,,,
2026-05-12,11,AUSD,Metrom,Katana,$1.75m,1750000,13.93,9.49,4.45,,,13.78,,,,,,,
2026-05-12,12,FEUSDE,Morpho Blue,Hyperliquid L1,"$817,652",817652,13.22,13.22,,,,8.88,,,809946.2813537846,,16181659.4,4.77,"{""UBTC"":40.07,""WHYPE"":59.93}"
2026-05-12,13,USDCAD-USDC,GMTrade,Solana,$1.39m,1390000,13.16,13.16,,,,14.97,,,,,,,
2026-05-12,14,USDC,Metrom,Katana,$15.25m,15250000,12.79,2.61,10.18,,,12.28,,,,,,,
2026-05-12,15,MIM-USDT0|Mim,Beefy,Arbitrum,$1.11m,1110000,12.03,12.03,,,,10.92,,,,,,,
2026-05-12,16,USDC|yoUSD,YO Protocol,Base,$16.43m,16430000,11.82,4.02,7.8,,,14.68,,,,,,,
2026-05-12,17,USDC|yoUSD,YO Protocol,Arbitrum,"$558,282",558282,11.82,4.02,7.8,,,14.68,,,,,,,
2026-05-12,18,SUPERUSDC|SuperVault,Superform,Base,$2.55m,2550000,11.49,4.44,7.05,,,12.14,,,,,,,
2026-05-12,19,AUGUSTUSDC,Morpho Blue,Monad,$2.83m,2830000,11.29,7.78,3.5,,,9.08,,,0.0000019997381680566585,,164478464.32,0,"{""earnAUSD"":100}"
2026-05-12,20,ALUSD-USDC,Curve DEX,Arbitrum,"$768,976",768976,11.04,0,11.04,,,9.76,,,,,,,
2026-05-12,21,USDC|40 Acres,Harvest Finance,Base,$1.97m,1970000,10.78,10.78,,,,7.25,,,,,,,
2026-05-12,22,USDC|vault,Avantis,Base,$46.02m,46020000,10.4,10.4,,,,10.12,,,,,,,
2026-05-12,23,USDT,Metrom,Katana,$4.64m,4640000,10.36,2.73,7.62,,,10.24,,,,,,,
2026-05-12,24,SUSDU,Unitas,Solana,$28.14m,28140000,9.94,9.94,,,,11.09,,,,,,,
2026-05-12,25,MSUSD-USDC,Extra Finance Leverage Farming,Base,$1.11m,1110000,9.72,9.72,,,,10.88,,,,,,,
2026-05-12,26,SUSDAI|For buying PT-sUSDai-18JUN2026,Pendle,Arbitrum,$6.2m,6200000,9.64,9.64,,,,8.63,,,,,,,
2026-05-12,27,SUSDAI|For buying PT-sUSDai-15OCT2026,Pendle,Arbitrum,$11.05m,11050000,9.63,9.63,,,,8.76,,,,,,,
2026-05-12,28,FEUSD|WHYPE Stability Pool,Felix CDP,Hyperliquid L1,$7.99m,7990000,9.56,9.56,,,,9.54,,,,,,,
2026-05-12,29,AUSD,Yearn Finance,Katana,$1.7m,1700000,9.48,9.48,0.0001,,,8.13,,,,,,,
2026-05-12,30,MSUSD-USDC,Aerodrome V1,Base,$8.27m,8270000,9.3,9.3,9.3,,,10.28,,,,,,,
2026-05-12,31,USDT,ZEROBASE CeDeFi,Arbitrum,$7.93m,7930000,9,7,2,,,9,,,,,,,
2026-05-12,32,USDC,ZEROBASE CeDeFi,Arbitrum,"$783,344",783344,9,7,2,,,9,,,,,,,
2026-05-12,33,APXUSD|For LP | Maturity 18JUN2026,Pendle,Base,$3.65m,3650000,8.97,8.41,0.56,,,8.6,,,,,,,
2026-05-12,34,USDC,DeltaPrime,Arbitrum,"$629,046",629046,8.96,8.96,,,,6.72,,,,,,,
2026-05-12,35,SUSDAI|For LP | Maturity 18JUN2026,Pendle,Arbitrum,$6.2m,6200000,8.92,8.14,0.78,,,7.98,,,,,,,
2026-05-12,36,ZVUSDC,Zircuit Finance,Base,$1.5m,1500000,8.78,8.78,,,,8.59,,,,,,,
2026-05-12,37,SUSDAI|For LP | Maturity 15OCT2026,Pendle,Arbitrum,$11.05m,11050000,8.78,8.12,0.66,,,7.96,,,,,,,
2026-05-12,38,MSUSD-USDC|Aerodrome,Beefy,Base,"$694,709",694709,8.76,8.76,,,,9.77,,,,,,,
2026-05-12,39,USDC|baseUSD,AUTOfinance,Base,$6.25m,6250000,8.74,5.15,3.6,,,8.65,,,,,,,
2026-05-12,40,AUSD,Neverland,Monad,$10.52m,10520000,8.72,3.95,4.77,,,9.48,,,,,,,
2026-05-12,41,BBQAUSD,Morpho Blue,Monad,"$901,043",901043,8.67,5.99,2.68,,,8.23,,,900859.700859307,,229040091.98,0,"{""WBTC"":30.36,""wstETH"":15.98,""WETH"":3.13,""wsrUSD"":49.8,""WMON"":0.19,""XAUt0"":0.55,""SOL"":0}"
2026-05-12,42,USDC,YieldSeeker,Base,$1.26m,1260000,8.66,8.66,,,,9.09,,,,,,,
2026-05-12,43,USDC,Neverland,Monad,$15.56m,15560000,8.61,3.75,4.86,,,8.34,,,,,,,
2026-05-12,44,USDC,Loopscale,Solana,"$999,416",999416,8.36,7.29,1.06,,,8.32,,,,,,,
2026-05-12,45,AUSD|earnAUSD/AUSD,Curvance,Monad,$2.2m,2200000,8.33,5.83,2.5,,,8.31,,,,,,,
2026-05-12,46,HYPERUSDCA,Morpho Blue,Monad,$14.57m,14570000,8.31,5.61,2.7,,,7.23,,,896885.7430530932,,199114035.26,0,"{""WETH"":1.47,""PT-sUSDai-18JUN2026"":10.27,""syrupUSDC"":3.34,""sUSDai"":0.33,""thBILL"":0,""WBTC"":6.02,""weETH"":5.41,""PT-USDai-18JUN2026"":21.07,""Unknown"":6.52,""wstETH"":45.48,""PT-thBILL-18JUN2026"":0.08}"
2026-05-12,47,USDT0,Neverland,Monad,$4.32m,4320000,8.23,3.68,4.54,,,8.92,,,,,,,
2026-05-12,48,AUSD|vUSD/AUSD,Curvance,Monad,"$651,555",651555,7.99,5.63,2.36,,,6.84,,,,,,,
2026-05-12,49,GHO,Fluid Lending,Arbitrum,$2.69m,2690000,7.97,4.1,3.87,,,5.85,,,,,,,
2026-05-12,50,AUGUSTUSDCV2,Morpho Blue,Monad,$9.52m,9520000,7.88,5.18,2.7,,,9,,,,,,,
2026-05-12,51,BBQUSDT0,Morpho Blue,Monad,$4.71m,4710000,7.85,5.15,2.7,,,6.77,,,71276.0806896008,,659652631.02,0,"{""syrupUSDC"":55,""sUSDS"":36.12,""wstETH"":8.88}"
2026-05-12,52,BBQUSD1,Morpho Blue,Monad,$1.31m,1310000,7.56,2.65,4.91,,,8.69,,,688.9750807374678,,49934255.6,0,"{""wsrUSD"":100}"
2026-05-12,53,USDAI|For buying PT-USDai-15OCT2026,Pendle,Arbitrum,"$787,714",787714,7.55,7.55,,,,7.17,,,,,,,
2026-05-12,54,USDC,Gains Network,Arbitrum,$5.12m,5120000,7.38,7.38,,,,6.32,,,,,,,
2026-05-12,55,SUSDAI|30d unlock,USD AI,Arbitrum,$267.44m,267440000,7.38,7.38,,,,7.18,,,,,,,
2026-05-12,56,EDGEUSDC,Morpho Blue,Base,"$876,641",876641,7.38,4.29,3.09,,,6.72,,,101816.10765292808,,29891052.48,0.34,"{""sUSDS"":0.86,""WBTC"":60.78,""wstETH"":38.36}"
2026-05-12,57,SYZUSD,Yuzu Money,Monad,$12.47m,12470000,7.32,7.32,,,,7.52,,,,,,,
2026-05-12,58,AUSD|EVK Vault eAUSD-16,Euler V2,Monad,"$756,645",756645,7.14,4.58,2.56,,,8.62,,,,,,,
2026-05-12,59,BBQUSDC,Morpho Blue,Base,$3.49m,3490000,7.05,7.05,,,,5.47,,,2765172.232022371,,507113593.77,0,"{""PT-USDai-18JUN2026"":41.42,""weETH"":58.47,""syrupUSDC"":0.12,""wsrUSD"":0}"
2026-05-12,60,FEUSDC,Morpho Blue,Hyperliquid L1,$17.64m,17640000,6.88,6.88,,,,6.5,,,17950955.162624944,,76027301.45,19.1,"{""kHYPE"":99.81,""UBTC"":0.11,""WHYPE"":0.03,""PT-kHYPE-19MAR2026"":0.05}"
2026-05-12,61,GTUSDCF,Morpho Blue,Base,$2.11m,2110000,6.65,6.65,,,,5.11,,,2103220.597486311,,109478864.29,0,"{""cbETH"":1.8,""cbDOGE"":20.06,""cbADA"":20,""WETH"":21.24,""cbXRP"":33,""cbBTC"":3.9}"
2026-05-12,62,USDAI|For buying PT-USDai-18JUN2026,Pendle,Arbitrum,$35.63m,35630000,6.63,6.63,,,,6.17,,,,,,,
2026-05-12,63,USDC|Harvest USDC vault Base,Fusion by IPOR,Base,"$662,909",662909,6.56,6.56,,,,5,,,,,,,
2026-05-12,64,USDC|Autopilot,Harvest Finance,Base,"$662,931",662931,6.53,6.53,,,,5.42,,,,,,,
2026-05-12,65,BBQUSDC,Morpho Blue,Arbitrum,$2.77m,2770000,6.51,6.51,,,,4.08,,,2765172.232022371,,507113593.77,0,"{""PT-USDai-18JUN2026"":41.42,""weETH"":58.47,""syrupUSDC"":0.12,""wsrUSD"":0}"
2026-05-12,66,USDC,Fluid Lending,Base,$16.39m,16390000,6.43,4.98,1.45,,,6.45,,,,,,,
2026-05-12,67,FEUSDH2,Morpho Blue,Hyperliquid L1,$9.14m,9140000,6.42,6.42,,,,7.23,,,9135848.99753879,,30856416.2,22.84,"{""WHYPE"":57.26,""kHYPE"":27.76,""wstHYPE"":14.99}"
2026-05-12,68,USDC,Harmonix Finance,Arbitrum,"$757,026",757026,6.35,6.35,,,,5.63,,,,,,,
2026-05-12,69,FEUSD|kHYPE Stability Pool,Felix CDP,Hyperliquid L1,$1.72m,1720000,6.3,6.3,,,,6.29,,,,,,,
2026-05-12,70,AUSD|syzUSD/AUSD,Curvance,Monad,"$984,586",984586,6.27,3.77,2.5,,,7.04,,,,,,,
2026-05-12,71,EARNAUSD,Upshift,Monad,$35.18m,35180000,6.25,4.78,1.47,,,7.49,,,,,,,
2026-05-12,72,USDC,Extra Finance Leverage Farming,Base,$3.72m,3720000,6.21,6.21,,,,5.79,,,,,,,
2026-05-12,73,FEUSDH,Morpho Blue,Hyperliquid L1,$4.22m,4220000,6.09,6.09,,,,8.05,,,4207564.825880925,,35784700.37,10.52,"{""WHYPE"":80.03,""UBTC"":8.62,""kHYPE"":11.35}"
2026-05-12,74,AAVEGHO-USDT-USDC,Aura,Arbitrum,$1.68m,1680000,5.99,5.8,0.18,,,7.4,,,,,,,
2026-05-12,75,WAARBUSDCN-WAARBUSDT-WAARBGHO|Aura,Beefy,Arbitrum,$1.49m,1490000,5.97,5.97,,,,5.17,,,,,,,
2026-05-12,76,MWUSDC,Morpho Blue,Base,$9.89m,9890000,5.95,4.9,1.05,,,4.77,,,22596.963068222598,,,,"{""Unknown"":100}"
2026-05-12,77,USDC-USDT|0.01%,Uniswap V3,Arbitrum,$2.59m,2590000,5.85,5.85,,3.2,,3.67,,,,,,,
2026-05-12,78,USDC|Morpho,Beefy,Base,$1.53m,1530000,5.84,5.84,,,,5.04,,,,,,,
2026-05-12,79,VBUSDC,Yearn Finance,Katana,$14.97m,14970000,5.81,2.62,3.2,,,3.63,,,,,,,
2026-05-12,80,FEUSDC2,Morpho Blue,Hyperliquid L1,$20.68m,20680000,5.7,5.7,,,,6.96,,,20352841.746068258,,29635592.62,40.72,"{""wstHYPE"":1.35,""kHYPE"":14.38,""WHYPE"":84.27}"
2026-05-12,81,GTUSDCP,Morpho Blue,Op Mainnet,$6.43m,6430000,5.69,3.9,1.8,,,4.96,,,2052352.209363271,,62932196.4,0,"{""WBTC"":70.62,""sUSDS"":0.21,""wstETH"":29.18,""WETH"":0}"
2026-05-12,82,FEUSDT02,Morpho Blue,Hyperliquid L1,$1.92m,1920000,5.67,5.67,,,,7.8,,,1921655.6037712977,,55058753.79,3.37,"{""hwHLP"":3.21,""UETH"":8.35,""UBTC"":6.63,""thBILL"":57.15,""WHLP"":0.65,""kHYPE"":20.46,""WHYPE"":2.07,""hbUSDT"":1.46,""PT-hbUSDT-18DEC2025"":0.03}"
2026-05-12,83,USDC|Morpho - Gauntlet Frontier V2,Harvest Finance,Base,"$530,380",530380,5.61,5.61,,,,4.87,,,,,,,
2026-05-12,84,USDC|monUSD,AUTOfinance,Monad,"$543,307",543307,5.51,1.02,4.49,,,13.08,,,,,,,
2026-05-12,85,USDG,Kamino Lend,Solana,$1.8m,1800000,5.49,5.49,,,,6.15,,,,,,,
2026-05-12,86,USDC,Moonwell Lending,Base,$1.64m,1640000,5.49,4.07,1.42,,,4.85,,,,,,,
2026-05-12,87,USDC,MortgageFi,Base,"$790,026",790026,5.44,5.44,,,,7.38,,,,,,,
2026-05-12,88,USDT,ZEROBASE CeDeFi,Op Mainnet,$8.1m,8100000,5.3,3.3,2,,,5.3,,,,,,,
2026-05-12,89,USDC|arbUSD,AUTOfinance,Arbitrum,$2.95m,2950000,5.28,3.54,1.74,,,10.61,,,,,,,
2026-05-12,90,DTUSDC,Lagoon,Base,"$676,581",676581,5.2,5.2,,,,6.11,,,,,,,
2026-05-12,91,GTUSDCC,Morpho Blue,Arbitrum,$3.93m,3930000,5.16,5.16,,,,3.52,,,1481837.5869018866,,6516311.91,0,"{""kHYPE"":25.36,""UBTC"":45.06,""WHYPE"":29.58}"
2026-05-12,92,USDC-ALUSD|stable - 0.05%,Velodrome V2,Op Mainnet,$1.61m,1610000,5.08,5.08,5.08,,,5.12,,,,,,,
2026-05-12,93,USDC,Fluid Lending,Arbitrum,$51.04m,51040000,5.02,4.34,0.68,,,6.29,,,,,,,
2026-05-12,94,USDC,Compound V3,Base,"$902,305",902305,5.01,5.01,,,,4.28,,,,,,,
2026-05-12,95,USDC,HyperLend Pooled,Hyperliquid L1,$14.13m,14130000,4.99,4.99,,,,5.07,,,,,,,
2026-05-12,96,FRUSDC,Morpho Blue,Base,$23.79m,23790000,4.94,4.94,,,,4.15,,,23789931.825554386,,0,0,"{""cbBTC"":100}"
2026-05-12,97,TERMUSDC,Morpho Blue,Base,"$979,801",979801,4.94,4.94,,,,4.15,,,979824.9237951398,,198988069.13,0.49,"{""cbBTC"":100}"
2026-05-12,98,PUSDC,Morpho Blue,Base,$26.76m,26760000,4.91,4.91,,,,4.31,,,26761241.711377434,,1023070202.09,2.55,"{""cbBTC"":100}"
2026-05-12,99,GTUSDCP,Morpho Blue,Base,$352.09m,352090000,4.9,4.9,,,,4.32,,,2052352.209363271,,62932196.4,0,"{""WBTC"":70.62,""sUSDS"":0.21,""wstETH"":29.18,""WETH"":0}"
2026-05-12,100,STEAKUSDC,Morpho Blue,Base,$468.85m,468850000,4.9,4.9,,,,4.31,,,126871.08613874936,,64857677.52,0,"{""WETH"":65.14,""WBTC"":34.86}"
2026-05-12,101,USDC|Dolomite Balance,Dolomite,Arbitrum,$1.21m,1210000,4.88,4.88,,,,5.9,,,,,,,
2026-05-12,102,GTUSDCC,Morpho Blue,Unichain,"$837,972",837972,4.87,4.87,,,,6.14,,,1481837.5869018866,,6516311.91,0,"{""kHYPE"":25.36,""UBTC"":45.06,""WHYPE"":29.58}"
2026-05-12,103,FEUSDT0,Morpho Blue,Hyperliquid L1,$11.14m,11140000,4.85,4.85,,,,7.92,,,9552205.657612033,,97709944.99,8.91,"{""WHYPE"":31.72,""UBTC"":7.86,""beHYPE"":0.38,""PT-kHYPE-19MAR2026"":7.03,""wstHYPE"":0.64,""kHYPE"":52.38}"
2026-05-12,104,VBUSDT,Yearn Finance,Katana,$4.55m,4550000,4.83,2.74,2.09,,,3.26,,,,,,,
2026-05-12,105,GTUSDCC,Morpho Blue,Hyperliquid L1,$1.57m,1570000,4.74,4.74,,,,6.24,,,1481837.5869018866,,6516311.91,0,"{""kHYPE"":25.36,""UBTC"":45.06,""WHYPE"":29.58}"
2026-05-12,106,USDC|TermMax USDC Vault,TermMax,Base,$1.25m,1250000,4.61,4.61,,,,2.31,,,,,,,
2026-05-12,107,GTUSDCC,Morpho Blue,Base,$2.03m,2029999.9999999998,4.57,4.57,,,,4.09,,,1481837.5869018866,,6516311.91,0,"{""kHYPE"":25.36,""UBTC"":45.06,""WHYPE"":29.58}"
2026-05-12,108,HFUSDC,Morpho Blue,Base,"$882,299",882299,4.56,4.56,,,,1.3,,,882320.0003608102,,11115753.64,7.35,"{""Unknown"":6.12,""cbBTC"":56.23,""WETH"":37.64}"
2026-05-12,109,SUSDAI-USDC,Curve DEX,Arbitrum,$1.86m,1860000,4.45,4.45,,,,4.37,,,,,,,
2026-05-12,110,CSUSDC,Morpho Blue,Base,$2.86m,2860000,4.45,4.45,,,,5.24,,,1.0057463747964672,,75979932.12,0,"{""wstETH"":64.88,""weETH"":35.12}"
2026-05-12,111,SPARKUSDC,Morpho Blue,Base,$9.2m,9200000,4.39,4.39,,,,4.07,,,0,,,,
2026-05-12,112,USDY,Toros,Base,"$879,006",879006,4.19,4.19,,,,4.54,,,,,,,
2026-05-12,113,HYPERUSDCA,Morpho Blue,Arbitrum,"$966,230",966230,4.14,4.14,,,,4.4,,,896885.7430530932,,199114035.26,0,"{""WETH"":1.47,""PT-sUSDai-18JUN2026"":10.27,""syrupUSDC"":3.34,""sUSDai"":0.33,""thBILL"":0,""WBTC"":6.02,""weETH"":5.41,""PT-USDai-18JUN2026"":21.07,""Unknown"":6.52,""wstETH"":45.48,""PT-thBILL-18JUN2026"":0.08}"
2026-05-12,114,USDC|2027-01-14,Exactly,Op Mainnet,$1.58m,1580000,4.14,4.14,,,,4.02,,,,,,,
2026-05-12,115,USDC|2026-07-02,Exactly,Op Mainnet,$1.58m,1580000,4.07,4.07,,,,3.92,,,,,,,
2026-05-12,116,USDC|2026-06-04,Exactly,Op Mainnet,$1.58m,1580000,4.06,4.06,,,,4.02,,,,,,,
2026-05-12,117,USDC|2026-12-17,Exactly,Op Mainnet,$1.58m,1580000,4.02,4.02,,,,3.85,,,,,,,
2026-05-12,118,USDC|2026-09-24,Exactly,Op Mainnet,$1.58m,1580000,3.94,3.94,,,,3.78,,,,,,,
2026-05-12,119,USDC|2026-10-22,Exactly,Op Mainnet,$1.58m,1580000,3.92,3.92,,,,3.81,,,,,,,
2026-05-12,120,USDC|2026-11-19,Exactly,Op Mainnet,$1.58m,1580000,3.92,3.92,,,,3.73,,,,,,,
2026-05-12,121,USDC|2026-07-30,Exactly,Op Mainnet,$1.58m,1580000,3.91,3.91,,,,3.36,,,,,,,
2026-05-12,122,USDC|2026-08-27,Exactly,Op Mainnet,$1.58m,1580000,3.9,3.9,,,,3.73,,,,,,,
2026-05-12,123,GTUSDT,Morpho Blue,Katana,$60.14m,60140000,3.88,1.95,1.93,,,2.37,,,9.996472567646156e-7,,39985.89,0,"{""WHYPE"":100}"
2026-05-12,124,USDG,Loopscale,Solana,$1.24m,1240000,3.74,3.74,,,,2.88,,,,,,,
2026-05-12,125,AAVEUSDC-AAVEGHO,Aura,Base,"$991,098",991098,3.73,3.73,0,,,7.01,,,,,,,
2026-05-12,126,WABASGHO-WABASUSDC|Aura,Beefy,Base,"$968,979",968979,3.73,3.73,,,,6.41,,,,,,,
2026-05-12,127,SUSDS,Sky Lending,Arbitrum,$358.4m,358400000,3.65,3.65,,,,3.68,,,,,,,
2026-05-12,128,USDY|US Dollar Yield,Ondo Yield Assets,Solana,$180.55m,180550000,3.55,3.55,,3.55,,3.55,,,,,,,
2026-05-12,129,USDY|US Dollar Yield,Ondo Yield Assets,Arbitrum,$5.59m,5590000,3.55,3.55,,3.55,,3.55,,,,,,,
2026-05-12,130,USDC|Euler Earn USDC,Euler V2,Arbitrum,"$565,684",565684,3.45,3.45,,,,3.38,,,,,,,
2026-05-12,131,USDC,Kamino Lend,Solana,$9.37m,9370000,3.29,3.29,,,,4.31,,,,,,,
2026-05-12,132,USDC,Aave V3,Base,$26.84m,26840000,3.25,3.25,,,,3.4,,,,,,,
2026-05-12,133,WYLDS,Hastra,Solana,$2.02m,2020000,3.25,3.25,,,,3.29,,,,,,,
2026-05-12,134,CUSDO,OpenEden USDO,Solana,$5.7m,5700000,3.25,3.25,,3.25,,3.23,,,,,,,
2026-05-12,135,GHO,Fluid Lending,Base,"$844,865",844865,3.2,3.2,,,,4.25,,,,,,,
2026-05-12,136,HYUSD,Loopscale,Solana,"$700,504",700504,3.16,3.16,,,,2.23,,,,,,,
2026-05-12,137,USDC,Aave V3,Arbitrum,$20.19m,20190000,3.09,3.09,,,,4.29,,,,,,,
2026-05-12,138,USDS,Kamino Lend,Solana,$1.93m,1930000,3.08,3.08,,,,2.6,,,,,,,
2026-05-12,139,USDT|Main Pool,Save,Solana,"$670,736",670736,3.06,3.06,,,,3.09,,,,,,,
2026-05-12,140,USX,Loopscale,Solana,"$772,644",772644,3.03,3.03,,,,4.07,,,,,,,
2026-05-12,141,GTUSDCP,Morpho Blue,Arbitrum,$2.05m,2049999.9999999998,3.01,3.01,,,,3.66,,,2052352.209363271,,62932196.4,0,"{""WBTC"":70.62,""sUSDS"":0.21,""wstETH"":29.18,""WETH"":0}"
2026-05-12,142,EARNAUSD|earnAUSD/AUSD,Curvance,Monad,$14.28m,14280000,2.87,0,2.87,,,2.35,,,,,,,
2026-05-12,143,USDC-EUSD|CL1 - 0.01%,Aerodrome Slipstream,Base,"$523,985",523985,2.78,0.31,2.47,0.36,,60.46,,,,,,,
2026-05-12,144,USDC|SuperchargerV2,WOOFi Earn,Arbitrum,"$744,517",744517,2.78,2.78,,,,4.49,,,,,,,
2026-05-12,145,MSUSD-USDC|CL50 - 0.05%,Aerodrome Slipstream,Base,$25.13m,25130000,2.68,0.38,2.3,0.38,,2.86,,,,,,,
2026-05-12,146,USDT,Aave V3,Op Mainnet,"$910,167",910167,2.63,2.63,,,,2.62,,,,,,,
2026-05-12,147,FEUSD|feUBTC Stability Pool,Felix CDP,Hyperliquid L1,$2.22m,2220000,2.63,2.63,,,,2.63,,,,,,,
2026-05-12,148,EARNAUSD,Neverland,Monad,$3.6m,3600000,2.62,0,2.62,,,3.24,,,,,,,
2026-05-12,149,USDC,Aave V3,Op Mainnet,$2.69m,2690000,2.6,2.6,,,,2.1,,,,,,,
2026-05-12,150,USDC-USDT-PYUSD,Carrot Liquidity,Solana,"$920,130",920130,2.59,2.59,,,,1.81,,,,,,,
2026-05-12,151,USDC,Revert Lend,Base,$2.44m,2438023,6.92,6.92,0,6.61,,7.22,,,2438023,,,,
2026-05-12,152,baseUSD,Tokemak,Base,$6.26m,6264603,5.04,3.3099999999999996,1.73,5.94,,7.000000000000001,,,6264603,,,,
2026-05-15,1,USDCAD-USDC,GMTrade,Solana,$1.37m,1370000,48.76,48.76,,,,23.51,,,,,,,
2026-05-15,2,USDG-USDE,Kamino Liquidity,Solana,$5.62m,5620000,18.83,18.83,,,,26.64,,,,,,,
2026-05-15,3,USDC,Sprinter,Base,$2.96m,2960000,16.66,16.66,,,,12.31,,,,,,,
2026-05-15,4,USDC,Metrom,Base,$1.24m,1240000,16.36,16.36,,,,16.91,,,,,,,
2026-05-15,5,USDC-USDT / CL1 - 0.0012%,Aerodrome Slipstream,Base,$1.14m,1140000,16.16,15.08,1.07,13.34,,14.03,,,,,,,
2026-05-15,6,APXUSD / For buying PT-apxUSD-18JUN2026,Pendle,Base,$3.71m,3710000,15.64,15.64,,,,14.55,,,,,,,
2026-05-15,7,SYRUPUSDC-USDC / CL1 - 0.035%,Aerodrome Slipstream,Base,"$518,901",518901,15.03,15.03,,,,9.01,,,,,,,
2026-05-15,8,AUSD-USDC-USDT0,Curve DEX,Monad,$4.45m,4450000,14.74,0,14.74,,,11.76,,,,,,,
2026-05-15,9,FEUSDC2,Morpho Blue,Hyperliquid L1,$23.4m,23400000,14.07,14.07,,,,7.11,,,23886438.434719697,,26098014.1,47.79,"{""kHYPE"":15.14,""WHYPE"":83.71,""wstHYPE"":1.15}"
2026-05-15,10,USDC-MSUSD / stable - 0.05%,Velodrome V2,Op Mainnet,"$866,873",866873,13.8,13.8,,,,14.69,,,,,,,
2026-05-15,11,MSUSD-FRXUSD,Aerodrome V1,Base,"$768,424",768424,13.22,13.22,,,,15.66,,,,,,,
2026-05-15,12,USDC-USDM,Mento V3,Monad,"$590,124",590124,13.17,0.33,12.84,,,14.85,,,,,,,
2026-05-15,13,MIM-USDC / Mim,Beefy,Arbitrum,$1.23m,1230000,13.01,13.01,,,,15.48,,,,,,,
2026-05-15,14,ALPHAUSDTPRIME,Morpho Blue,Hyperliquid L1,$4.06m,4059999.9999999995,12.45,7.38,5.07,,,18.73,,,,,,,
2026-05-15,15,WNUSDT0-WNAUSD-WNUSDC / Balancer,Beefy,Monad,$4.15m,4150000.0000000005,12.35,12.35,,,,13.55,,,,,,,
2026-05-15,16,USDC,Harmonix Finance,Hyperliquid L1,$8.37m,8369999.999999999,12.3,12.3,,,,10.74,,,,,,,
2026-05-15,17,USDC / yoUSD,YO Protocol,Base,$16.11m,16110000,12.27,4.47,7.8,,,14.19,,,,,,,
2026-05-15,18,USDC / yoUSD,YO Protocol,Arbitrum,"$562,215",562215,12.27,4.47,7.8,,,14.19,,,,,,,
2026-05-15,19,USDC / 40 Acres,Harvest Finance,Base,$1.97m,1970000,12.27,12.27,,,,7.84,,,,,,,
2026-05-15,20,USDC,Metrom,Katana,$15.9m,15900000,12.01,2.77,9.24,,,12.28,,,,,,,
2026-05-15,21,MIM-USDT0 / Mim,Beefy,Arbitrum,$1.11m,1110000,11.27,11.27,,,,11.1,,,,,,,
2026-05-15,22,USDC,Accountable,Monad,$1.82m,1820000,11.12,8.5,2.62,,,11.5,,,,,,,
2026-05-15,23,SUPERUSDC / SuperVault,Superform,Base,$3.74m,3740000,11.1,4.71,6.39,,,12.5,,,,,,,
2026-05-15,24,USDC / vault,Avantis,Base,$45.77m,45770000,10.87,10.87,,,,10.1,,,,,,,
2026-05-15,25,FEUSDE,Morpho Blue,Hyperliquid L1,"$843,542",843542,10.84,10.84,,,,9.18,,,845488.1992202388,,16160541.72,4.97,"{""UBTC"":40.24,""WHYPE"":59.76}"
2026-05-15,26,ALUSD-USDC / Curve,Stake DAO,Arbitrum,"$750,468",750468,10.78,0.12,10.66,,,9.77,,,,,,,
2026-05-15,27,ALUSD-USDC,Curve DEX,Arbitrum,"$762,455",762455,10.66,0.04,10.62,,,9.91,,,,,,,
2026-05-15,28,SUSDU,Unitas,Solana,$27.31m,27310000,10.26,10.26,,,,11.12,,,,,,,
2026-05-15,29,USDT,Metrom,Katana,$4.14m,4139999.9999999995,9.92,2.73,7.19,,,10.18,,,,,,,
2026-05-15,30,SUSDAI / For buying PT-sUSDai-18JUN2026,Pendle,Arbitrum,$6.75m,6750000,9.82,9.82,,,,8.87,,,,,,,
2026-05-15,31,AUSD / EVK Vault eAUSD-16,Euler V2,Monad,"$845,173",845173,9.53,8.73,0.8,,,8.72,,,9440000,8590000,845103,,
2026-05-15,32,SUSDAI / For buying PT-sUSDai-15OCT2026,Pendle,Arbitrum,$11.33m,11330000,9.44,9.44,,,,8.91,,,,,,,
2026-05-15,33,APXUSD / For LP | Maturity 18JUN2026,Pendle,Base,$3.71m,3710000,9.42,8.86,0.55,,,8.61,,,,,,,
2026-05-15,34,FEUSD / WHYPE Stability Pool,Felix CDP,Hyperliquid L1,$8.16m,8160000,9.27,9.27,,,,9.42,,,,,,,
2026-05-15,35,USDT,ZEROBASE CeDeFi,Arbitrum,$7.93m,7930000,9,7,2,,,9,,,,,,,
2026-05-15,36,USDC,ZEROBASE CeDeFi,Arbitrum,"$783,253",783253,9,7,2,,,9,,,,,,,
2026-05-15,37,USDC,YieldSeeker,Base,$1.24m,1240000,8.97,8.97,,,,9.05,,,,,,,
2026-05-15,38,USDC / baseUSD,AUTOfinance,Base,$6.55m,6550000,8.85,5.37,3.49,,,8.76,,,,,,,
2026-05-15,39,ZVUSDC,Zircuit Finance,Base,$1.5m,1500000,8.75,8.75,,,,8.6,,,,,,,
2026-05-15,40,AUSD,Metrom,Katana,$1.73m,1730000,8.7,4.26,4.45,,,13.37,,,,,,,
2026-05-15,41,BBQUSDC,Morpho Blue,Arbitrum,$2.59m,2590000,8.63,8.63,,,,4.3,,,2541061.7403768883,,507281696.54,0,"{""WBTC"":1.49,""weETH"":88.01,""XAUt0"":0,""WETH"":3.5,""syrupUSDC"":2.98,""siUSD"":0,""PT-USDai-18JUN2026"":1.89,""wstETH"":2.13}"
2026-05-15,42,SUSDAI / For LP | Maturity 18JUN2026,Pendle,Arbitrum,$6.75m,6750000,8.6,7.81,0.79,,,8.13,,,,,,,
2026-05-15,43,GTUSDCP,Morpho Blue,Arbitrum,$2.28m,2280000,8.58,8.58,,,,3.84,,,2282890.200050122,,62694520.17,0,"{""WBTC"":99.68,""WETH"":0.32,""sUSDS"":0}"
2026-05-15,44,FEUSDH2,Morpho Blue,Hyperliquid L1,$6.36m,6360000,8.55,8.55,,,,7.42,,,6319983.684320883,,33662263.35,15.81,"{""WHYPE"":78.32,""wstHYPE"":6.15,""kHYPE"":15.54}"
2026-05-15,45,AUSD,Neverland,Monad,$11.74m,11740000,8.53,3.75,4.78,,,9.35,,,46900000,35180000,11720000,,
2026-05-15,46,USDC,Neverland,Monad,$16.32m,16320000,8.47,3.67,4.8,,,8.39,,,62250000,45920000,16320000,,
2026-05-15,47,USDC,Loopscale,Solana,"$872,356",872356,8.38,7.27,1.11,,,8.25,,,,,,,
2026-05-15,48,AUSD / vUSD/AUSD,Curvance,Monad,"$731,748",731748,8.37,5.67,2.7,,,7.23,,,7300000,6560000,731689,,
2026-05-15,49,SUSDAI / For LP | Maturity 15OCT2026,Pendle,Arbitrum,$11.33m,11330000,8.35,7.66,0.69,,,8.05,,,,,,,
2026-05-15,50,USDC,DeltaPrime,Arbitrum,"$651,151",651151,8.28,8.28,,,,7.09,,,,,,,
2026-05-15,51,BBQAUSD,Morpho Blue,Monad,"$901,101",901101,8.09,5.4,2.68,,,7.93,,,901408.5309947496,,229077081.68,0,"{""WBTC"":26.23,""wstETH"":34.02,""WETH"":12.1,""wsrUSD"":26.33,""WMON"":0.76,""XAUt0"":0.55,""SOL"":0}"
2026-05-15,52,USDC,Kamino Lend,Solana,$6.39m,6390000,8.01,8.01,,,,4.93,,,150230000,143780000,6450000,,
2026-05-15,53,USDT0,Neverland,Monad,$4.66m,4660000,7.93,3.62,4.3,,,8.74,,,17380000,12720000,4660000,,
2026-05-15,54,HYPERUSDCA,Morpho Blue,Monad,$15.41m,15410000,7.82,5.32,2.51,,,7.5,,,706000.250334857,,199234548.06,0,"{""WETH"":1.86,""WBTC"":7.65,""sUSDai"":0.43,""PT-USDai-18JUN2026"":26.78,""PT-sUSDai-18JUN2026"":13.06,""wstETH"":48.8,""thBILL"":0,""Unknown"":1.42}"
2026-05-15,55,AUSD / earnAUSD/AUSD,Curvance,Monad,$2.29m,2290000,7.77,5.27,2.5,,,8.35,,,9780000,7480000,2290000,,
2026-05-15,56,AUSD,Accountable,Monad,$2.49m,2490000,7.76,7.76,,,,8.43,,,,,,,
2026-05-15,57,AUGUSTUSDCV2,Morpho Blue,Monad,$11.31m,11310000,7.73,5.09,2.64,,,9.15,,,,,,,
2026-05-15,58,EDGEUSDC,Morpho Blue,Base,"$661,991",661991,7.55,3.89,3.66,,,6.94,,,101845.71170575116,,29887728.3,0.34,"{""sUSDS"":0.86,""WBTC"":90.77,""wstETH"":8.37}"
2026-05-15,59,FEUSD / kHYPE Stability Pool,Felix CDP,Hyperliquid L1,$1.37m,1370000,7.51,7.51,,,,6.79,,,,,,,
2026-05-15,60,USDC / Clearstar Earn USDC,Euler V2,Monad,"$904,284",904284,7.4,4.4,3,,,8,,,,,,,
2026-05-15,61,GTUSDCC,Morpho Blue,Arbitrum,$3.46m,3460000,7.37,7.37,,,,3.62,,,1692305.2097494279,,6305090.02,0,"{""kHYPE"":21.99,""UBTC"":50,""WHYPE"":28.01}"
2026-05-15,62,USDG-USDC,Kamino Liquidity,Solana,$10.54m,10540000,7.2,7.2,,,,0.54,,,,,,,
2026-05-15,63,SYZUSD,Yuzu Money,Monad,$11.88m,11880000,7.16,7.16,,,,7.51,,,,,,,
2026-05-15,64,SUSDAI / 30d unlock,USD AI,Arbitrum,$292.43m,292430000,7.12,7.12,,,,7.23,,,,,,,
2026-05-15,65,GHO,Fluid Lending,Arbitrum,$3.01m,3010000,7.11,3.65,3.46,,,6.02,,,,,,,
2026-05-15,66,AUSD / syzUSD/AUSD,Curvance,Monad,"$644,667",644667,7.05,4.55,2.5,,,7.09,,,2920000,2270000,644051,,
2026-05-15,67,USDC,Gains Network,Arbitrum,$5.12m,5120000,6.93,6.93,,,,6.37,,,,,,,
2026-05-15,68,USDAI / For buying PT-USDai-18JUN2026,Pendle,Arbitrum,$35.63m,35630000,6.83,6.83,,,,6.33,,,,,,,
2026-05-15,69,BBQUSD1,Morpho Blue,Monad,$1.24m,1240000,6.79,2.09,4.7,,,8.5,,,689.8272529406798,,49988028.51,0,"{""wsrUSD"":100}"
2026-05-15,70,USDC-ALUSD / stable - 0.05%,Velodrome V2,Op Mainnet,$1.61m,1610000,6.73,6.73,,,,5.23,,,,,,,
2026-05-15,71,USDC,Fluid Lending,Arbitrum,$47.3m,47300000,6.63,6.63,,,,6.31,,,,,,,
2026-05-15,72,USDC / arbUSD,AUTOfinance,Arbitrum,$1.33m,1330000,6.59,3.98,2.61,,,9.94,,,,,,,
2026-05-15,73,USDAI / For buying PT-USDai-15OCT2026,Pendle,Arbitrum,"$787,527",787527,6.57,6.57,,,,7.22,,,,,,,
2026-05-15,74,MSUSD-USDC,Extra Finance Leverage Farming,Base,$1.11m,1110000,6.41,6.41,,,,10.47,,,,,,,
2026-05-15,75,WABASGHO-WABASUSDC / Aura,Beefy,Base,"$969,362",969362,6.4,6.4,,,,6.57,,,,,,,
2026-05-15,76,USDC,Extra Finance Leverage Farming,Base,$3.7m,3700000,6.25,6.25,,,,5.9,,,,,,,
2026-05-15,77,DTUSDC,Lagoon,Base,"$682,250",682250,6.24,6.24,,,,6.25,,,,,,,
2026-05-15,78,EARNAUSD,Upshift,Monad,$34.52m,34520000,6.19,4.89,1.3,,,7.21,,,,,,,
2026-05-15,79,MSUSD-USDC,Aerodrome V1,Base,$8.24m,8240000,6.16,6.16,,,,9.79,,,,,,,
2026-05-15,80,USDC,Harmonix Finance,Arbitrum,"$705,795",705795,5.95,5.95,,,,5.71,,,,,,,
2026-05-15,81,GTUSDCC,Morpho Blue,Hyperliquid L1,$1.7m,1700000,5.8,5.8,,,,6.14,,,1692305.2097494279,,6305090.02,0,"{""kHYPE"":21.99,""UBTC"":50,""WHYPE"":28.01}"
2026-05-15,82,MSUSD-USDC / Aerodrome,Beefy,Base,"$694,775",694775,5.73,5.73,,,,9.29,,,,,,,
2026-05-15,83,USDC,Moonwell Lending,Base,$1.54m,1540000,5.54,4.13,1.41,,,5.02,,,14720000,13300000,1420000,,
2026-05-15,84,USDC,Fluid Lending,Base,$14.44m,14440000,5.47,5.47,,,,6.46,,,,,,,
2026-05-15,85,FEUSDC,Morpho Blue,Hyperliquid L1,$16.61m,16610000,5.38,5.38,,,,6.49,,,16580867.201917768,,77388526.72,17.64,"{""kHYPE"":99.92,""WHYPE"":0.03,""PT-kHYPE-19MAR2026"":0.05}"
2026-05-15,86,HYPERUSDCA,Morpho Blue,Arbitrum,"$761,682",761682,5.35,5.35,,,,4.46,,,706000.250334857,,199234548.06,0,"{""WETH"":1.86,""WBTC"":7.65,""sUSDai"":0.43,""PT-USDai-18JUN2026"":26.78,""PT-sUSDai-18JUN2026"":13.06,""wstETH"":48.8,""thBILL"":0,""Unknown"":1.42}"
2026-05-15,87,VBUSDC,Yearn Finance,Katana,$15.89m,15890000,5.34,2.77,2.57,,,4.14,,,,,,,
2026-05-15,88,BBQUSDT0,Morpho Blue,Monad,$3.03m,3030000,5.31,2.61,2.7,,,7.01,,,134639.67801071767,,659647740.91,0,"{""XAUt0"":1.45,""weETH"":50.57,""syrupUSDC"":1.57,""sUSDe"":0.09,""bbqUSDC"":0,""wstETH"":39.57,""WETH"":6.74}"
2026-05-15,89,USDC / Harvest USDC vault Base,Fusion by IPOR,Base,"$933,054",933054,5.3,5.3,,,,5.1,,,,,,,
2026-05-15,90,USDT,ZEROBASE CeDeFi,Op Mainnet,$8.11m,8109999.999999999,5.3,3.3,2,,,5.3,,,,,,,
2026-05-15,91,USDC,MortgageFi,Base,"$785,412",785412,5.18,5.18,,,,6.89,,,,,,,
2026-05-15,92,USDC / Euler Earn USDC,Euler V2,Arbitrum,"$565,026",565026,5.15,5.15,,,,3.47,,,,,,,
2026-05-15,93,USDC / Autopilot,Harvest Finance,Base,"$933,014",933014,5.13,5.13,,,,5.51,,,,,,,
2026-05-15,94,MWUSDC,Morpho Blue,Base,$10.18m,10180000,5.12,4.12,1,,,4.93,,,22597.04324776034,,,,"{""Unknown"":100}"
2026-05-15,95,GTUSDCC,Morpho Blue,Unichain,"$838,188",838188,5.02,5.02,,,,5.94,,,1692305.2097494279,,6305090.02,0,"{""kHYPE"":21.99,""UBTC"":50,""WHYPE"":28.01}"
2026-05-15,96,BBQUSDC,Morpho Blue,Base,$24.27m,24270000,5,5,,,,5.72,,,2541061.7403768883,,507281696.54,0,"{""WBTC"":1.49,""weETH"":88.01,""XAUt0"":0,""WETH"":3.5,""syrupUSDC"":2.98,""siUSD"":0,""PT-USDai-18JUN2026"":1.89,""wstETH"":2.13}"
2026-05-15,97,USDC,HyperLend Pooled,Hyperliquid L1,$14.21m,14210000,4.98,4.98,,,,5.13,,,77080000,62200000,14870000,,
2026-05-15,98,GTUSDCF,Morpho Blue,Base,"$964,169",964169,4.89,4.89,,,,5.22,,,1707516.4325396842,,110855752.97,0,"{""cbETH"":1.75,""cbBTC"":21.12,""WETH"":11.32,""wstETH"":0.02,""cbXRP"":33.01,""cbADA"":24.08,""SOL"":0,""cbDOGE"":8.7}"
2026-05-15,99,FEUSDT0,Morpho Blue,Hyperliquid L1,$11.35m,11350000,4.77,4.77,,,,8.08,,,11384502.648266852,,95892736.97,10.61,"{""kHYPE"":57.47,""WHYPE"":29.41,""UBTC"":6.95,""PT-kHYPE-19MAR2026"":5.34,""beHYPE"":0.32,""wstHYPE"":0.51}"
2026-05-15,100,SUSDAI-USDC,Curve DEX,Arbitrum,$1.86m,1860000,4.76,4.76,,,,4.43,,,,,,,
2026-05-15,101,CSUSDC,Morpho Blue,Base,$2.74m,2740000,4.68,4.68,,,,5.15,,,1.0058254200694101,,75981372.02,0,"{""wstETH"":64.88,""weETH"":35.12}"
2026-05-15,102,YCSUSDC,Morpho Blue,Base,"$525,154",525154,4.62,4.62,,,,5.43,,,526517.2958563849,,107438383.99,0,"{""cbADA"":27.99,""cbETH"":2.65,""wstETH"":0.48,""cbDOGE"":34.72,""cbLTC"":11.83,""cbXRP"":14.37,""superOETHb"":0.53,""rETH"":0.61,""mBASIS"":1.38,""cbBTC"":5.42}"
2026-05-15,103,USDC / Dolomite Balance,Dolomite,Arbitrum,$1.46m,1460000,4.59,4.59,,,,5.68,,,4700000,3140000,1560000,,
2026-05-15,104,USDC / Morpho,Beefy,Base,$1.81m,1810000,4.54,4.54,,,,5.17,,,,,,,
2026-05-15,105,VBUSDT,Yearn Finance,Katana,$4.14m,4139999.9999999995,4.48,2.73,1.74,,,3.62,,,,,,,
2026-05-15,106,GTUSDCP,Morpho Blue,Op Mainnet,$5.78m,5780000,4.41,2.51,1.9,,,4.97,,,2282890.200050122,,62694520.17,0,"{""WBTC"":99.68,""WETH"":0.32,""sUSDS"":0}"
2026-05-15,107,USDG,Loopscale,Solana,"$613,128",613128,4.38,4.38,,,,3.04,,,,,,,
2026-05-15,108,USDG,Kamino Lend,Solana,$5.66m,5660000,4.38,4.38,,,,6.16,,,36680000,30920000,5770000,,
2026-05-15,109,AUSD,Yearn Finance,Katana,$1.73m,1730000,4.2,4.2,,,,8.85,,,,,,,
2026-05-15,110,USDC / 2027-01-14,Exactly,Op Mainnet,$1.6m,1600000,4.15,4.15,,,,4.04,,,1380000,6720,1370000,,
2026-05-15,111,USDC / 2026-07-02,Exactly,Op Mainnet,$1.6m,1600000,4.13,4.13,,,,3.97,,,1420000,59107,1360000,,
2026-05-15,112,GTUSDCP,Morpho Blue,Base,$374.33m,374330000,4.12,4.12,,,,4.36,,,2282890.200050122,,62694520.17,0,"{""WBTC"":99.68,""WETH"":0.32,""sUSDS"":0}"
2026-05-15,113,STEAKUSDC,Morpho Blue,Base,$467.52m,467520000,4.12,4.12,,,,4.35,,,105859.29258991066,,64871551.08,0,"{""wstETH"":64.23,""WBTC"":35.77}"
2026-05-15,114,PUSDC,Morpho Blue,Base,$33.31m,33310000.000000004,4.12,4.12,,,,4.35,,,33306015.688961178,,1016351469.89,3.17,"{""cbBTC"":100}"
2026-05-15,115,FRUSDC,Morpho Blue,Base,$23.79m,23790000,4.11,4.11,,,,4.21,,,23795664.919464886,,0,0,"{""cbBTC"":100}"
2026-05-15,116,TERMUSDC,Morpho Blue,Base,"$980,004",980004,4.11,4.11,,,,4.21,,,980061.0500839273,,198954698.11,0.49,"{""cbBTC"":100}"
2026-05-15,117,STEAKUSDCFARCASTER,Morpho Blue,Base,"$502,073",502073,4.11,4.11,,,,4.35,,,,,,,
2026-05-15,118,USDC,Compound V3,Base,"$938,180",938180,4.05,4.05,,,,4.51,,,9570000,8690000,880256,,
2026-05-15,119,USDC / 2026-06-04,Exactly,Op Mainnet,$1.6m,1600000,4.03,4.03,,,,4.03,,,1440000,68785,1370000,,
2026-05-15,120,USDC / 2026-12-17,Exactly,Op Mainnet,$1.6m,1600000,4.03,4.03,,,,3.89,,,1380000,5127,1380000,,
2026-05-15,121,USDC / 2026-09-24,Exactly,Op Mainnet,$1.6m,1600000,3.94,3.94,,,,3.82,,,1390000,16314,1380000,,
2026-05-15,122,USDC / 2026-10-22,Exactly,Op Mainnet,$1.6m,1600000,3.93,3.93,,,,3.81,,,1400000,25507,1380000,,
2026-05-15,123,USDC / 2026-11-19,Exactly,Op Mainnet,$1.6m,1600000,3.93,3.93,,,,3.78,,,1380000,7876,1380000,,
2026-05-15,124,USDC / 2026-07-30,Exactly,Op Mainnet,$1.6m,1600000,3.92,3.92,,,,3.39,,,1410000,36606,1370000,,
2026-05-15,125,USDC / 2026-08-27,Exactly,Op Mainnet,$1.6m,1600000,3.91,3.91,,,,3.76,,,1400000,22623,1370000,,
2026-05-15,126,USDC / TermMax USDC Vault,TermMax,Base,$1.26m,1260000,3.89,3.89,,,,2.28,,,,,,,
2026-05-15,127,HFUSDC,Morpho Blue,Base,"$882,462",882462,3.86,3.86,,,,1.73,,,882512.2516942123,,11113573.3,7.36,"{""Unknown"":6.12,""cbBTC"":56.24,""WETH"":37.64}"
2026-05-15,128,GTUSDT,Morpho Blue,Katana,$59.12m,59120000,3.82,2.1,1.72,,,2.66,,,9.997878808696536e-7,,39991.52,0,"{""WHYPE"":100}"
2026-05-15,129,SPARKUSDC,Morpho Blue,Base,$8.87m,8870000,3.7,3.7,,,,4.06,,,0,,,,
2026-05-15,130,GTUSDCC,Morpho Blue,Base,$2.1m,2100000,3.7,3.7,,,,4.08,,,1692305.2097494279,,6305090.02,0,"{""kHYPE"":21.99,""UBTC"":50,""WHYPE"":28.01}"
2026-05-15,131,SUSDS,Sky Lending,Arbitrum,$358.48m,358480000,3.65,3.65,,,,3.67,,,,,,,
2026-05-15,132,USDY / US Dollar Yield,Ondo Yield Assets,Solana,$180.6m,180600000,3.55,3.55,,,,3.55,,,,,,,
2026-05-15,133,USDY / US Dollar Yield,Ondo Yield Assets,Arbitrum,$5.59m,5590000,3.55,3.55,,,,3.55,,,,,,,
2026-05-15,134,USX,Loopscale,Solana,"$693,905",693905,3.38,3.38,,,,4.1,,,,,,,
2026-05-15,135,GHO,Fluid Lending,Base,"$833,714",833714,3.3,3.3,,,,4.28,,,,,,,
2026-05-15,136,PYUSD,Kamino Lend,Solana,$9.84m,9840000,3.26,3.26,,,,3.82,,,73650000,63510000,10130000,,
2026-05-15,137,CUSDO,OpenEden USDO,Solana,$5.69m,5690000,3.25,3.25,,,,3.23,,,,,,,
2026-05-15,138,WYLDS,Hastra,Solana,$2.61m,2610000,3.24,3.24,,,,3.29,,,,,,,
2026-05-15,139,FEUSDT02,Morpho Blue,Hyperliquid L1,$2.83m,2830000,3.22,3.22,,,,7.8,,,2790284.981887039,,54198169.2,4.9,"{""UETH"":8.92,""WHYPE"":2.58,""UBTC"":7,""thBILL"":55.02,""kHYPE"":21.35,""WHLP"":0.45,""hwHLP"":3.23,""hbUSDT"":1.44,""PT-hbUSDT-18DEC2025"":0.02}"
2026-05-15,140,WAARBUSDCN-WAARBUSDT-WAARBGHO / Aura,Beefy,Arbitrum,$1.47m,1470000,3.2,3.2,,,,5.17,,,,,,,
2026-05-15,141,USDC-USDT,USDC-USDT,Arbitrum,$2.59m,2590000,0.01,3.13,,,,3.43,,,,,,,
2026-05-15,142,USDT / Main Pool,Save,Solana,"$647,049",647049,3.1,3.1,,,,3.07,,,3700000,3050000,647069,,
2026-05-15,143,EARNAUSD,Neverland,Monad,$3.03m,3030000,3.08,0,3.08,,,3.15,,,3030000,0,3030000,,
2026-05-15,144,USDC,Aave V3,Base,$31.6m,31600000,3.08,3.08,,,,3.45,,,183590000,151730000,31860000,,
2026-05-15,145,USDC,Aave V3,Arbitrum,$20.77m,20770000,3.07,3.07,,,,4.46,,,167920000,147070000,20840000,,
2026-05-15,146,USDY,Toros,Base,"$879,206",879206,2.97,2.97,,,,4.35,,,,,,,
2026-05-15,147,USDC,Aave V3,Op Mainnet,$2.25m,2250000,2.78,2.78,,,,2.19,,,13570000,11340000,2230000,,
2026-05-15,148,GTUSDC,Morpho Blue,Katana,$5.62m,5620000,2.7,1.18,1.52,,,3.98,,,,,,,
2026-05-15,149,USDT,Compound V3,Op Mainnet,"$932,032",932032,2.66,2.66,,,,2.34,,,3570000,2640000,930563,,
2026-05-15,150,FEUSD / feUBTC Stability Pool,Felix CDP,Hyperliquid L1,$2.22m,2220000,2.63,2.63,,,,2.63,,,,,,,
2026-05-15,151,USDC,Revert Lend,Base,$2.84m,2839757,7.51,7.51,0,7.32,,7.380000000000001,,,2839757,,,,
2026-05-15,152,baseUSD,Tokemak,Base,$6.55m,6546087,5.27,3.5999999999999996,1.67,6.859999999999999,,7.090000000000001,,,6546087,,,,
2026-05-16,1,USDC,Sprinter,Base,$2.96m,2960000,16.66,16.66,,,,12.5,,,,,,,
2026-05-16,2,USDC,Metrom,Base,$1.24m,1240000,16.38,16.38,,,,16.86,,,,,,,
2026-05-16,3,APXUSD / For buying PT-apxUSD-18JUN2026,Pendle,Base,$3.73m,3730000,15.82,15.82,,,,14.62,,,,,,,
2026-05-16,4,AUSD-USDC-USDT0,Curve DEX,Monad,$4.41m,4410000,14.45,0,14.45,,,12.29,,,,,,,
2026-05-16,5,USDC-USDM,Mento V3,Monad,"$590,185",590185,13.04,0.2,12.84,,,14.77,,,,,,,
2026-05-16,6,USDC,Harmonix Finance,Hyperliquid L1,$8.08m,8080000,12.95,12.95,,,,11.91,,,,,,,
2026-05-16,7,USDC-MSUSD / stable - 0.05%,Velodrome V2,Op Mainnet,"$868,470",868470,12.49,12.49,,,,14.65,,,,,,,
2026-05-16,8,ALPHAUSDTPRIME,Morpho Blue,Hyperliquid L1,$4.09m,4090000,12.28,7.35,4.93,,,18.26,,,,,,,
2026-05-16,9,USDC / 40 Acres,Harvest Finance,Base,$1.97m,1970000,12.26,12.26,,,,8.06,,,,,,,
2026-05-16,10,MIM-USDC / Mim,Beefy,Arbitrum,$1.23m,1230000,12.22,12.22,,,,15.66,,,,,,,
2026-05-16,11,MSUSD-FRXUSD,Aerodrome V1,Base,"$770,415",770415,12.17,12.17,,,,15.77,,,,,,,
2026-05-16,12,USDC,Metrom,Katana,$15.9m,15900000,12.03,2.77,9.26,,,12.28,,,,,,,
2026-05-16,13,WNUSDT0-WNAUSD-WNUSDC / Balancer,Beefy,Monad,$4.15m,4150000.0000000005,11.86,11.86,,,,13.48,,,,,,,
2026-05-16,14,USDC / yoUSD,YO Protocol,Base,$16.06m,16059999.999999998,11.74,3.94,7.8,,,14.01,,,,,,,
2026-05-16,15,USDC / yoUSD,YO Protocol,Arbitrum,"$562,178",562178,11.74,3.94,7.8,,,14.02,,,,,,,
2026-05-16,16,USDC-USDT / CL1 - 0.0009%,Aerodrome Slipstream,Base,$1.12m,1120000,11.29,9.46,1.83,13.62,,14.35,,,,,,,
2026-05-16,17,USDC / vault,Avantis,Base,$45.78m,45780000,11.1,11.1,,,,10.1,,,,,,,
2026-05-16,18,MIM-USDT0 / Mim,Beefy,Arbitrum,$1.1m,1100000,10.63,10.63,,,,11.13,,,,,,,
2026-05-16,19,FEUSDT02,Morpho Blue,Hyperliquid L1,$1.87m,1870000,10.28,10.28,,,,7.7,,,1953216.1722869321,,55021135.08,3.43,"{""WHLP"":0.64,""WHYPE"":0.38,""UBTC"":6.91,""UETH"":9.18,""thBILL"":61.89,""kHYPE"":16.22,""hwHLP"":3.3,""hbUSDT"":1.46,""PT-hbUSDT-18DEC2025"":0.03}"
2026-05-16,20,SUSDU,Unitas,Solana,$27.32m,27320000,10.26,10.26,,,,10.84,,,,,,,
2026-05-16,21,USDC-USDBC / CL1 - 0.01%,Aerodrome Slipstream,Base,"$540,699",540699,10.1,9.58,0.53,1.66,,1.98,,,,,,,
2026-05-16,22,SUPERUSDC / SuperVault,Superform,Base,$3.87m,3870000,10.1,4.61,5.49,,,12.54,,,,,,,
2026-05-16,23,USDG-USDE,Kamino Liquidity,Solana,$5.66m,5660000,10.05,10.05,,,,22.17,,,,,,,
2026-05-16,24,USDT,Metrom,Katana,$4.14m,4139999.9999999995,9.99,2.73,7.26,,,10.18,,,,,,,
2026-05-16,25,ALUSD-USDC,Curve DEX,Arbitrum,"$750,988",750988,9.92,0,9.92,,,10.01,,,,,,,
2026-05-16,26,ALUSD-USDC / Curve,Stake DAO,Arbitrum,"$745,909",745909,9.92,0.04,9.88,,,9.89,,,,,,,
2026-05-16,27,APXUSD / For LP | Maturity 18JUN2026,Pendle,Base,$3.73m,3730000,9.72,9.17,0.55,,,8.62,,,,,,,
2026-05-16,28,AUSD / EVK Vault eAUSD-16,Euler V2,Monad,"$846,950",846950,9.45,8.68,0.76,,,8.82,,,9440000,8600000,846819,,
2026-05-16,29,SUSDAI / For buying PT-sUSDai-15OCT2026,Pendle,Arbitrum,$11.3m,11300000,9.4,9.4,,,,8.96,,,,,,,
2026-05-16,30,SUSDAI / For buying PT-sUSDai-18JUN2026,Pendle,Arbitrum,$9.73m,9730000,9.35,9.35,,,,8.93,,,,,,,
2026-05-16,31,FEUSD / WHYPE Stability Pool,Felix CDP,Hyperliquid L1,$8.22m,8220000.000000001,9.17,9.17,,,,9.37,,,,,,,
2026-05-16,32,USDC,YieldSeeker,Base,$1.25m,1250000,9.03,9.03,,,,9.05,,,,,,,
2026-05-16,33,USDT,ZEROBASE CeDeFi,Arbitrum,$7.93m,7930000,9,7,2,,,9,,,,,,,
2026-05-16,34,USDC,ZEROBASE CeDeFi,Arbitrum,"$783,191",783191,9,7,2,,,9,,,,,,,
2026-05-16,35,USDC / baseUSD,AUTOfinance,Base,$6.98m,6980000,8.66,5.07,3.59,,,8.79,,,,,,,
2026-05-16,36,AUSD,Neverland,Monad,$10.71m,10710000,8.56,3.95,4.61,,,9.32,,,48320000,37550000,10770000,,
2026-05-16,37,USDC,Neverland,Monad,$15.7m,15700000,8.5,3.73,4.77,,,8.42,,,62190000,46530000,15660000,,
2026-05-16,38,AUSD,Metrom,Katana,$1.73m,1730000,8.35,3.9,4.45,,,13.31,,,,,,,
2026-05-16,39,SUSDAI / For LP | Maturity 15OCT2026,Pendle,Arbitrum,$11.3m,11300000,8.35,7.6,0.74,,,8.08,,,,,,,
2026-05-16,40,USDC,DeltaPrime,Arbitrum,"$651,311",651311,8.28,8.28,,,,7.2,,,,,,,
2026-05-16,41,BBQUSDC,Morpho Blue,Arbitrum,$2.43m,2430000,8.18,8.18,,,,4.41,,,2424303.768199665,,507497436.78,0,"{""weETH"":98.76,""syrupUSDC"":1.24}"
2026-05-16,42,SUSDAI / For LP | Maturity 18JUN2026,Pendle,Arbitrum,$9.73m,9730000,8.16,7.63,0.53,,,8.17,,,,,,,
2026-05-16,43,USDC,Loopscale,Solana,$2m,2000000,8.15,7.09,1.05,,,8.26,,,,,,,
2026-05-16,44,AUSD / vUSD/AUSD,Curvance,Monad,"$951,466",951466,8.04,5.34,2.7,,,7.33,,,7300000,6570000,731700,,
2026-05-16,45,AUSD,Accountable,Monad,$2.49m,2490000,7.76,7.76,,,,8.43,,,,,,,
2026-05-16,46,AUGUSTUSDCV2,Morpho Blue,Monad,$11.29m,11290000,7.72,5.16,2.55,,,9.15,,,,,,,
2026-05-16,47,AUSD / earnAUSD/AUSD,Curvance,Monad,$2.34m,2340000,7.7,5.2,2.5,,,8.37,,,9980000,7420000,2550000,,
2026-05-16,48,HYPERUSDCA,Morpho Blue,Monad,$15.36m,15360000,7.66,5.26,2.41,,,7.55,,,722797.6268807448,,199273105.9,0,"{""PT-sUSDai-18JUN2026"":12.76,""WETH"":1.82,""PT-USDai-18JUN2026"":26.17,""WBTC"":7.48,""sUSDai"":0.42,""wstETH"":47.68,""thBILL"":0,""Unknown"":3.68}"
2026-05-16,49,BBQAUSD,Morpho Blue,Monad,"$901,701",901701,7.66,4.98,2.69,,,7.82,,,901386.9908245674,,229043776.89,0,"{""WBTC"":21.51,""wstETH"":40.28,""WETH"":12.79,""wsrUSD"":24.05,""WMON"":0.8,""XAUt0"":0.56,""SOL"":0}"
2026-05-16,50,FEUSD / kHYPE Stability Pool,Felix CDP,Hyperliquid L1,$1.36m,1360000,7.61,7.61,,,,6.97,,,,,,,
2026-05-16,51,USDC / Clearstar Earn USDC,Euler V2,Monad,"$904,713",904713,7.4,4.4,3,,,8.15,,,,,,,
2026-05-16,52,FEUSDE,Morpho Blue,Hyperliquid L1,"$906,921",906921,7.33,7.33,,,,9.15,,,907157.9466755807,,16096668.15,5.34,"{""UBTC"":37.54,""WHYPE"":62.46}"
2026-05-16,53,USDT0,Neverland,Monad,$6.49m,6490000,7.27,2.84,4.43,,,8.67,,,16719999.999999998,10250000,6460000,,
2026-05-16,54,EDGEUSDC,Morpho Blue,Base,"$682,639",682639,7.27,3.93,3.34,,,7.03,,,101882.27848512674,,29893514.22,0.34,"{""sUSDS"":0.96,""WBTC"":90.67,""wstETH"":8.37}"
2026-05-16,55,SYZUSD,Yuzu Money,Monad,$11.88m,11880000,7.18,7.18,,,,7.52,,,,,,,
2026-05-16,56,SUSDAI / 30d unlock,USD AI,Arbitrum,$295.57m,295570000,7.11,7.11,,,,7.24,,,,,,,
2026-05-16,57,USDC,Gains Network,Arbitrum,$5.12m,5120000,7.08,7.08,,,,6.45,,,,,,,
2026-05-16,58,AUSD / syzUSD/AUSD,Curvance,Monad,"$666,293",666293,6.97,4.47,2.5,,,7.1,,,2920000,2250000,666189,,
2026-05-16,59,GHO,Fluid Lending,Arbitrum,$3.1m,3100000,6.88,3.52,3.36,,,6.05,,,,,,,
2026-05-16,60,USDAI / For buying PT-USDai-15OCT2026,Pendle,Arbitrum,"$787,681",787681,6.78,6.78,,,,7.22,,,,,,,
2026-05-16,61,USDAI / For buying PT-USDai-18JUN2026,Pendle,Arbitrum,$35.64m,35640000,6.77,6.77,,,,6.38,,,,,,,
2026-05-16,62,USDC / arbUSD,AUTOfinance,Arbitrum,"$892,533",892533,6.59,3.8,2.8,,,9.74,,,,,,,
2026-05-16,63,USDC,Extra Finance Leverage Farming,Base,$3.55m,3550000,6.54,6.54,,,,5.95,,,,,,,
2026-05-16,64,BBQUSD1,Morpho Blue,Monad,$1.27m,1270000,6.54,2.03,4.51,,,8.46,,,690.0113362589623,,49998163.02,0,"{""wsrUSD"":100}"
2026-05-16,65,WABASGHO-WABASUSDC / Aura,Beefy,Base,"$969,362",969362,6.4,6.4,,,,6.51,,,,,,,
2026-05-16,66,USDC,Harmonix Finance,Arbitrum,"$705,705",705705,6.24,6.24,,,,5.74,,,,,,,
2026-05-16,67,DTUSDC,Lagoon,Base,"$682,277",682277,6.24,6.24,,,,6.25,,,,,,,
2026-05-16,68,FEUSDC2,Morpho Blue,Hyperliquid L1,$25.35m,25350000,6.18,6.18,,,,7.11,,,26070350.262876894,,28921209.99,47.41,"{""kHYPE"":11.91,""WHYPE"":86.97,""wstHYPE"":1.11}"
2026-05-16,69,MSUSD-USDC,Extra Finance Leverage Farming,Base,$1.11m,1110000,6.13,6.13,,,,10.25,,,,,,,
2026-05-16,70,USDC-ALUSD / stable - 0.05%,Velodrome V2,Op Mainnet,$1.61m,1610000,6.1,6.1,,,,5.28,,,,,,,
2026-05-16,71,USDC,Kamino Lend,Solana,$6.86m,6860000,6.05,6.05,,,,5.11,,,150310000,143570000,6750000,,
2026-05-16,72,USDC-USDT,USDC-USDT,Arbitrum,$2.61m,2610000,0.01,5.93,,,,3.46,,,,,,,
2026-05-16,73,MSUSD-USDC,Aerodrome V1,Base,$8.22m,8220000.000000001,5.69,5.69,,,,9.57,,,,,,,
2026-05-16,74,VBUSDC,Yearn Finance,Katana,$7.5m,7500000,5.53,4.38,1.15,,,3.94,,,,,,,
2026-05-16,75,EARNAUSD,Upshift,Monad,$34.49m,34490000,5.41,4.13,1.28,,,7.02,,,,,,,
2026-05-16,76,BBQUSDC,Morpho Blue,Base,$24.45m,24450000,5.38,5.38,,,,5.71,,,2424303.768199665,,507497436.78,0,"{""weETH"":98.76,""syrupUSDC"":1.24}"
2026-05-16,77,MSUSD-USDC / Aerodrome,Beefy,Base,"$696,527",696527,5.31,5.31,,,,9.05,,,,,,,
2026-05-16,78,USDT,ZEROBASE CeDeFi,Op Mainnet,$8.09m,8090000,5.3,3.3,2,,,5.3,,,,,,,
2026-05-16,79,USDC,Moonwell Lending,Base,$1.71m,1710000,5.28,4.04,1.24,,,5.1,,,15020000,13270000,1750000,,
2026-05-16,80,USDC / Harvest USDC vault Base,Fusion by IPOR,Base,"$933,138",933138,5.13,5.13,,,,5.12,,,,,,,
2026-05-16,81,GTUSDCF,Morpho Blue,Base,$1.33m,1330000,5.1,5.1,,,,5.21,,,2081413.4936903492,,110494495.13,0,"{""wstETH"":0.02,""cbETH"":0.01,""cbXRP"":33,""WETH"":40.06,""cbADA"":19.76,""cbBTC"":0.02,""SOL"":0,""cbDOGE"":7.14}"
2026-05-16,82,BBQUSDT0,Morpho Blue,Monad,$3.04m,3040000,5.08,2.38,2.7,,,6.96,,,134739.04289848838,,659561821.69,0,"{""XAUt0"":1.21,""weETH"":11.22,""syrupUSDC"":54.96,""sUSDS"":0,""siUSD"":1.41,""PT-USDai-18JUN2026"":0,""sUSDe"":0.04,""bbqUSDC"":0,""WBTC"":5.88,""wsrUSD"":4.63,""wstETH"":17.98,""WETH"":2.67}"
2026-05-16,83,MWUSDC,Morpho Blue,Base,$9.92m,9920000,5.04,4.15,0.89,,,4.97,,,22599.840736277867,,,,"{""Unknown"":100}"
2026-05-16,84,GTUSDCC,Morpho Blue,Unichain,"$829,870",829870,4.95,4.95,,,,5.86,,,1610656.1480607989,,6388116.25,0,"{""kHYPE"":23.11,""UBTC"":47.45,""WHYPE"":29.44}"
2026-05-16,85,USDC,Fluid Lending,Base,$14.26m,14260000,4.94,4.94,,,,6.45,,,,,,,
2026-05-16,86,WAARBUSDCN-WAARBUSDT-WAARBGHO / Aura,Beefy,Arbitrum,$1.47m,1470000,4.91,4.91,,,,5.06,,,,,,,
2026-05-16,87,USDC,MortgageFi,Base,"$758,988",758988,4.91,4.91,,,,6.74,,,,,,,
2026-05-16,88,FEUSDT0,Morpho Blue,Hyperliquid L1,$11.26m,11260000,4.89,4.89,,,,8.03,,,11340010.629008465,,95910657.5,10.57,"{""PT-kHYPE-19MAR2026"":5.36,""kHYPE"":53.91,""WHYPE"":32.92,""UBTC"":6.98,""beHYPE"":0.32,""wstHYPE"":0.51}"
2026-05-16,89,USDC,HyperLend Pooled,Hyperliquid L1,$15.22m,15220000,4.85,4.85,,,,5.16,,,77590000,62400000,15190000,,
2026-05-16,90,USDC / Morpho,Beefy,Base,$1.82m,1820000,4.76,4.76,,,,5.17,,,,,,,
2026-05-16,91,FEUSDC,Morpho Blue,Hyperliquid L1,$16.73m,16730000,4.72,4.72,,,,6.48,,,16721386.2672382,,77264189.44,17.79,"{""kHYPE"":96.03,""WHYPE"":3.92,""PT-kHYPE-19MAR2026"":0.05}"
2026-05-16,92,YCSUSDC,Morpho Blue,Base,"$532,396",532396,4.72,4.72,,,,5.43,,,533261.8207252905,,107443762.36,0,"{""rETH"":0.6,""mBASIS"":1.37,""cbADA"":27.64,""wstETH"":0.47,""cbETH"":2.62,""cbDOGE"":34.29,""cbXRP"":14.19,""cbLTC"":11.68,""superOETHb"":0.52,""cbBTC"":6.59}"
2026-05-16,93,CSUSDC,Morpho Blue,Base,$2.76m,2760000,4.66,4.66,,,,5.12,,,1.0059639384256744,,75990778.43,0,"{""wstETH"":64.88,""weETH"":35.12}"
2026-05-16,94,USDC / Autopilot,Harvest Finance,Base,"$933,198",933198,4.62,4.62,,,,5.51,,,,,,,
2026-05-16,95,USDC,Fluid Lending,Arbitrum,$48.18m,48180000,4.61,4.61,,,,6.29,,,,,,,
2026-05-16,96,USDC / Morpho - Gauntlet Frontier V2,Harvest Finance,Base,"$559,936",559936,4.56,4.56,,,,4.94,,,,,,,
2026-05-16,97,USDC / Dolomite Balance,Dolomite,Arbitrum,$1.54m,1540000,4.47,4.47,,,,5.63,,,4780000,3250000,1530000,,
2026-05-16,98,VBUSDT,Yearn Finance,Katana,$3.67m,3670000,4.47,4.47,,,,3.55,,,,,,,
2026-05-16,99,GTUSDCP,Morpho Blue,Op Mainnet,$5.52m,5520000,4.44,2.62,1.82,,,4.96,,,2495267.319558847,,62494758.44,0,"{""WBTC"":96.4,""WETH"":3.6,""sUSDS"":0}"
2026-05-16,100,ZVUSDC,Zircuit Finance,Base,$1.5m,1500000,4.36,4.36,,,,8.52,,,,,,,
2026-05-16,101,GTUSDCC,Morpho Blue,Hyperliquid L1,$1.61m,1610000,4.27,4.27,,,,6.09,,,1610656.1480607989,,6388116.25,0,"{""kHYPE"":23.11,""UBTC"":47.45,""WHYPE"":29.44}"
2026-05-16,102,GTUSDCP,Morpho Blue,Base,$87.99m,87990000,4.18,4.18,,,,4.35,,,2495267.319558847,,62494758.44,0,"{""WBTC"":96.4,""WETH"":3.6,""sUSDS"":0}"
2026-05-16,103,STEAKUSDC,Morpho Blue,Base,$121.77m,121770000,4.18,4.18,,,,4.35,,,147119.42306999062,,64842906.33,0,"{""wstETH"":95.78,""WETH"":4.22,""WBTC"":0}"
2026-05-16,104,STEAKUSDCFARCASTER,Morpho Blue,Base,"$503,182",503182,4.17,4.17,,,,4.35,,,,,,,
2026-05-16,105,PUSDC,Morpho Blue,Base,$33.41m,33409999.999999996,4.15,4.15,,,,4.35,,,33407204.156213466,,1016368142.73,3.18,"{""cbBTC"":100}"
2026-05-16,106,USDC / 2027-01-14,Exactly,Op Mainnet,$1.57m,1570000,4.15,4.15,,,,4.05,,,1360000,6931,1360000,,
2026-05-16,107,FRUSDC,Morpho Blue,Base,$23.8m,23800000,4.15,4.15,,,,4.2,,,23801099.140232574,,0,0,"{""cbBTC"":100}"
2026-05-16,108,TERMUSDC,Morpho Blue,Base,"$980,299",980299,4.15,4.15,,,,4.2,,,980284.8668227182,,198976924.06,0.49,"{""cbBTC"":100}"
2026-05-16,109,USDC / 2026-07-02,Exactly,Op Mainnet,$1.57m,1570000,4.13,4.13,,,,3.98,,,1400000,59082,1340000,,
2026-05-16,110,GHO,Fluid Lending,Base,"$833,725",833725,4.1,4.1,,,,4.29,,,,,,,
2026-05-16,111,USDC / 2026-12-17,Exactly,Op Mainnet,$1.57m,1570000,4.04,4.04,,,,3.9,,,1360000,5321,1360000,,
2026-05-16,112,USDC / 2026-06-04,Exactly,Op Mainnet,$1.57m,1570000,4.02,4.02,,,,4.03,,,1420000,68965,1350000,,
2026-05-16,113,USDC / TermMax USDC Vault,TermMax,Base,$1.26m,1260000,3.95,3.95,,,,2.26,,,,,,,
2026-05-16,114,USDC / 2026-09-24,Exactly,Op Mainnet,$1.57m,1570000,3.95,3.95,,,,3.82,,,1370000,16512,1360000,,
2026-05-16,115,USDC / 2026-10-22,Exactly,Op Mainnet,$1.57m,1570000,3.94,3.94,,,,3.81,,,1380000,25705,1360000,,
2026-05-16,116,USDC / 2026-11-19,Exactly,Op Mainnet,$1.57m,1570000,3.94,3.94,,,,3.79,,,1370000,8071,1360000,,
2026-05-16,117,USDC / 2026-07-30,Exactly,Op Mainnet,$1.57m,1570000,3.92,3.92,,,,3.4,,,1390000,36494,1360000,,
2026-05-16,118,USDC / 2026-08-27,Exactly,Op Mainnet,$1.57m,1570000,3.91,3.91,,,,3.77,,,1380000,22597,1360000,,
2026-05-16,119,HFUSDC,Morpho Blue,Base,"$882,721",882721,3.89,3.89,,,,1.82,,,882707.7076899412,,11114724.83,7.36,"{""Unknown"":6.12,""cbBTC"":56.24,""WETH"":37.64}"
2026-05-16,120,HYPERUSDCA,Morpho Blue,Arbitrum,"$748,084",748084,3.87,3.87,,,,4.47,,,722797.6268807448,,199273105.9,0,"{""PT-sUSDai-18JUN2026"":12.76,""WETH"":1.82,""PT-USDai-18JUN2026"":26.17,""WBTC"":7.48,""sUSDai"":0.42,""wstETH"":47.68,""thBILL"":0,""Unknown"":3.68}"
2026-05-16,121,SYRUPUSDC-USDC / CL1 - 0.035%,Aerodrome Slipstream,Base,"$551,203",551203,3.85,3.85,,,,9.22,,,,,,,
2026-05-16,122,GTUSDCC,Morpho Blue,Base,$2.06m,2060000,3.74,3.74,,,,4.05,,,1610656.1480607989,,6388116.25,0,"{""kHYPE"":23.11,""UBTC"":47.45,""WHYPE"":29.44}"
2026-05-16,123,SPARKUSDC,Morpho Blue,Base,$9.05m,9050000,3.73,3.73,,,,4.04,,,0,,,,
2026-05-16,124,GTUSDCC,Morpho Blue,Arbitrum,$3.55m,3550000,3.7,3.7,,,,3.66,,,1610656.1480607989,,6388116.25,0,"{""kHYPE"":23.11,""UBTC"":47.45,""WHYPE"":29.44}"
2026-05-16,125,PYUSD,Kamino Lend,Solana,$9.62m,9620000,3.68,3.68,,,,3.87,,,73820000,64140000,9670000,,
2026-05-16,126,SUSDS,Sky Lending,Arbitrum,$358.51m,358510000,3.65,3.65,,,,3.67,,,,,,,
2026-05-16,127,SUSDAI-USDC,Curve DEX,Arbitrum,$1.86m,1860000,3.59,3.59,,,,4.44,,,,,,,
2026-05-16,128,USDY / US Dollar Yield,Ondo Yield Assets,Solana,$180.62m,180620000,3.55,3.55,,,,3.55,,,,,,,
2026-05-16,129,USDY / US Dollar Yield,Ondo Yield Assets,Arbitrum,$5.71m,5710000,3.55,3.55,,,,3.55,,,,,,,
2026-05-16,130,GTUSDT,Morpho Blue,Katana,$58.82m,58820000,3.53,1.93,1.6,,,2.75,,,9.99540243536853e-7,,39981.61,0,"{""WHYPE"":100}"
2026-05-16,131,USDC / Euler Earn USDC,Euler V2,Arbitrum,"$564,793",564793,3.52,3.52,,,,3.53,,,,,,,
2026-05-16,132,MSUSD-USDC / CL50 - 0.05%,Aerodrome Slipstream,Base,$24.35m,24350000,3.43,1.93,1.5,0.52,,2.65,,,,,,,
2026-05-16,133,USX,Loopscale,Solana,"$684,956",684956,3.41,3.41,,,,4.14,,,,,,,
2026-05-16,134,GTUSDCP,Morpho Blue,Arbitrum,$2.58m,2580000,3.4,3.4,,,,3.92,,,2495267.319558847,,62494758.44,0,"{""WBTC"":96.4,""WETH"":3.6,""sUSDS"":0}"
2026-05-16,135,CUSDO,OpenEden USDO,Solana,$5.7m,5700000,3.25,3.25,,,,3.23,,,,,,,
2026-05-16,136,USDC,Compound V3,Base,"$990,344",990344,3.23,3.23,,,,4.53,,,9680000,8700000,978020,,
2026-05-16,137,WYLDS,Hastra,Solana,$1.88m,1880000,3.21,3.21,,,,3.29,,,,,,,
2026-05-16,138,USDT / Main Pool,Save,Solana,"$599,163",599163,3.17,3.17,,,,3.06,,,3650000,3050000,599160,,
2026-05-16,139,USDY,Toros,Base,"$879,258",879258,3.08,3.08,,,,4.28,,,,,,,
2026-05-16,140,EARNAUSD,Neverland,Monad,$3.02m,3020000,3.07,0,3.07,,,3.13,,,3020000,0,3020000,,
2026-05-16,141,USDC,Gains Network,Base,$2.22m,2220000,3.06,3.06,,,,2.12,,,,,,,
2026-05-16,142,USDC,Aave V3,Arbitrum,$21.81m,21810000,3.02,3.02,,,,4.51,,,166050000,144210000,21830000,,
2026-05-16,143,USDC,Aave V3,Base,$34.76m,34760000,2.96,2.96,,,,3.46,,,184230000,149590000,34640000,,
2026-05-16,144,USDT,Aave V3,Op Mainnet,"$782,939",782939,2.83,2.83,,,,2.7,,,4930000,4139999.9999999995,783353,,
2026-05-16,145,USDAI / For LP | Maturity 15OCT2026,Pendle,Arbitrum,"$787,681",787681,2.82,1.08,1.75,,,2.08,,,,,,,
2026-05-16,146,USDC,Aave V3,Op Mainnet,$2.17m,2170000,2.82,2.82,,,,2.22,,,13580000,11400000,2180000,,
2026-05-16,147,GTUSDC,Morpho Blue,Katana,$5.47m,5470000,2.7,1.32,1.38,,,4.04,,,,,,,
2026-05-16,148,USDT,Compound V3,Op Mainnet,"$918,939",918939,2.67,2.67,,,,2.37,,,3560000,2640000,919467,,
2026-05-16,149,FEUSD / feUBTC Stability Pool,Felix CDP,Hyperliquid L1,$2.22m,2220000,2.63,2.63,,,,2.63,,,,,,,
2026-05-16,150,USDS,Kamino Lend,Solana,$2.79m,2790000,2.58,2.58,,,,2.76,,,11010000,8130000.000000001,2880000,,
2026-05-16,151,USDC,Revert Lend,Base,$3.01m,3012126,29.220000000000002,29.220000000000002,0,10.5,,8.219999999999999,,,3012126,,,,
2026-05-16,152,baseUSD,Tokemak,Base,$6.98m,6979968,6.890000000000001,5.390000000000001,1.5,6.77,,6.93,,,6979968,,,,
2026-05-17,1,USDG-USDE,Kamino Liquidity,Solana,$5.75m,5750000,22.4,22.4,,,,21.81,,,,,,,
2026-05-17,2,ALPHAUSDTPRIME,Morpho Blue,Hyperliquid L1,$4.18m,4179999.9999999995,22.37,17.56,4.82,,,18.24,,,,,,,
2026-05-17,3,USDC,Sprinter,Base,$2.96m,2960000,16.66,16.66,,,,12.66,,,,,,,
2026-05-17,4,USDC,Metrom,Base,$54.92m,54920000,16.4,16.4,,,,16.83,,,,,,,
2026-05-17,5,APXUSD / For buying PT-apxUSD-18JUN2026,Pendle,Base,$3.74m,3740000,15.67,15.67,,,,14.68,,,,,,,
2026-05-17,6,AUSD-USDC-USDT0,Curve DEX,Monad,$4.41m,4410000,14.47,0,14.47,,,12.7,,,,,,,
2026-05-17,7,ZVUSDC,Zircuit Finance,Base,$1.5m,1500000,14.36,14.36,,,,8.49,,,,,,,
2026-05-17,8,USDC-USDM,Mento V3,Monad,"$589,846",589846,13.04,0.2,12.84,,,14.71,,,,,,,
2026-05-17,9,USDC-MSUSD / stable - 0.05%,Velodrome V2,Op Mainnet,"$869,276",869276,12.33,12.33,,,,14.61,,,,,,,
2026-05-17,10,USDC / 40 Acres,Harvest Finance,Base,$1.97m,1970000,12.26,12.26,,,,8.22,,,,,,,
2026-05-17,11,USDC,Harmonix Finance,Hyperliquid L1,$8.6m,8600000,12.24,12.24,,,,11.67,,,,,,,
2026-05-17,12,MIM-USDC / Mim,Beefy,Arbitrum,$1.24m,1240000,12.19,12.19,,,,15.77,,,,,,,
2026-05-17,13,USDC,Metrom,Katana,$15.9m,15900000,12.03,2.77,9.26,,,12.28,,,,,,,
2026-05-17,14,MSUSD-FRXUSD,Aerodrome V1,Base,"$771,020",771020,11.98,11.98,,,,15.79,,,,,,,
2026-05-17,15,WNUSDT0-WNAUSD-WNUSDC / Balancer,Beefy,Monad,$4.16m,4160000,11.95,11.95,,,,13.43,,,,,,,
2026-05-17,16,USDC / yoUSD,YO Protocol,Base,$16.11m,16110000,11.76,3.96,7.8,,,13.88,,,,,,,
2026-05-17,17,USDC / yoUSD,YO Protocol,Arbitrum,"$560,607",560607,11.76,3.96,7.8,,,13.89,,,,,,,
2026-05-17,18,USDC-USDT / CL1 - 0.0009%,Aerodrome Slipstream,Base,$1.09m,1090000,11.47,9.6,1.87,14.01,,14.46,,,,,,,
2026-05-17,19,USDC / vault,Avantis,Base,$45.77m,45770000,11.32,11.32,,,,10.1,,,,,,,
2026-05-17,20,MIM-USDT0 / Mim,Beefy,Arbitrum,$1.12m,1120000,10.64,10.64,,,,11.14,,,,,,,
2026-05-17,21,SUPERUSDC / SuperVault,Superform,Base,$3.89m,3890000,10.34,4.67,5.67,,,12.56,,,,,,,
2026-05-17,22,SUSDU,Unitas,Solana,$27.24m,27240000,10.29,10.29,,,,10.82,,,,,,,
2026-05-17,23,USDT,Metrom,Katana,$4.14m,4139999.9999999995,9.99,2.73,7.26,,,10.18,,,,,,,
2026-05-17,24,ALUSD-USDC / Curve,Stake DAO,Arbitrum,"$747,480",747480,9.99,0.06,9.93,,,9.9,,,,,,,
2026-05-17,25,SUSDAI / For buying PT-sUSDai-15OCT2026,Pendle,Arbitrum,$11.29m,11290000,9.92,9.92,,,,9.02,,,,,,,
2026-05-17,26,ALUSD-USDC,Curve DEX,Arbitrum,"$752,971",752971,9.9,0.11,9.79,,,10,,,,,,,
2026-05-17,27,APXUSD / For LP | Maturity 18JUN2026,Pendle,Base,$3.74m,3740000,9.5,8.94,0.57,,,8.63,,,,,,,
2026-05-17,28,AUSD / EVK Vault eAUSD-16,Euler V2,Monad,"$846,054",846054,9.46,8.69,0.77,,,8.89,,,9440000,8600000,846815,,
2026-05-17,29,SUSDAI / For buying PT-sUSDai-18JUN2026,Pendle,Arbitrum,$9.73m,9730000,9.4,9.4,,,,8.98,,,,,,,
2026-05-17,30,FEUSD / WHYPE Stability Pool,Felix CDP,Hyperliquid L1,$8.21m,8210000.000000001,9.15,9.15,,,,9.34,,,,,,,
2026-05-17,31,USDT,ZEROBASE CeDeFi,Arbitrum,$7.93m,7930000,9,7,2,,,9,,,,,,,
2026-05-17,32,USDC,ZEROBASE CeDeFi,Arbitrum,"$783,022",783022,9,7,2,,,9,,,,,,,
2026-05-17,33,FEUSDC2,Morpho Blue,Hyperliquid L1,$26.44m,26440000,8.8,8.8,,,,7.18,,,26524230.739900935,,28464550.5,48.24,"{""kHYPE"":10.84,""WHYPE"":88.16,""wstHYPE"":1}"
2026-05-17,34,AUSD,Neverland,Monad,$10.86m,10860000,8.63,3.92,4.72,,,9.29,,,48000000,37130000,10880000,,
2026-05-17,35,USDC,Neverland,Monad,$15.85m,15850000,8.56,3.72,4.84,,,8.43,,,62340000,46520000,15820000,,
2026-05-17,36,USDC / baseUSD,AUTOfinance,Base,$6.97m,6970000,8.48,5.11,3.37,,,8.8,,,,,,,
2026-05-17,37,SUSDAI / For LP | Maturity 15OCT2026,Pendle,Arbitrum,$11.29m,11290000,8.47,7.7,0.77,,,8.1,,,,,,,
2026-05-17,38,AUSD,Metrom,Katana,$1.73m,1730000,8.35,3.9,4.45,,,13.31,,,,,,,
2026-05-17,39,USDC,DeltaPrime,Arbitrum,"$651,467",651467,8.28,8.28,,,,7.28,,,,,,,
2026-05-17,40,SUSDAI / For LP | Maturity 18JUN2026,Pendle,Arbitrum,$9.73m,9730000,8.14,7.6,0.54,,,8.2,,,,,,,
2026-05-17,41,USDC,Loopscale,Solana,$2m,2000000,8.14,7.09,1.05,,,8.27,,,,,,,
2026-05-17,42,AUSD / vUSD/AUSD,Curvance,Monad,"$907,213",907213,8.1,5.4,2.7,,,7.41,,,7470000,6570000,908028,,
2026-05-17,43,AUGUSTUSDCV2,Morpho Blue,Monad,$11.31m,11310000,8.01,5.44,2.58,,,9.13,,,,,,,
2026-05-17,44,USDC,Compound V3,Base,"$820,238",820238,7.91,7.91,,,,4.58,,,9930000,8780000,1150000,,
2026-05-17,45,AUSD / earnAUSD/AUSD,Curvance,Monad,$2.11m,2110000,7.87,5.37,2.5,,,8.4,,,9300000,7180000,2110000,,
2026-05-17,46,AUSD,Accountable,Monad,$2.49m,2490000,7.76,7.76,,,,8.36,,,,,,,
2026-05-17,47,HYPERUSDCA,Morpho Blue,Monad,$15.17m,15170000,7.62,5.16,2.46,,,7.61,,,755894.5382832212,,199268887.86,0,"{""sUSDai"":0.4,""PT-sUSDai-18JUN2026"":12.21,""WETH"":1.74,""PT-USDai-18JUN2026"":25.02,""WBTC"":7.15,""wstETH"":45.6,""thBILL"":0,""Unknown"":7.89}"
2026-05-17,48,FEUSD / kHYPE Stability Pool,Felix CDP,Hyperliquid L1,$1.35m,1350000,7.6,7.6,,,,7.07,,,,,,,
2026-05-17,49,FEUSDE,Morpho Blue,Hyperliquid L1,"$909,010",909010,7.46,7.46,,,,9.09,,,908285.1966144344,,16092456.68,5.34,"{""UBTC"":37.5,""WHYPE"":62.5}"
2026-05-17,50,EDGEUSDC,Morpho Blue,Base,"$704,020",704020,7.46,4.21,3.25,,,7.08,,,101992.2691869892,,29892781.76,0.34,"{""sUSDS"":1.05,""WBTC"":90.58,""wstETH"":8.36}"
2026-05-17,51,USDT0,Neverland,Monad,$6.16m,6160000,7.45,2.98,4.48,,,8.62,,,16850000,10690000,6160000,,
2026-05-17,52,USDC / Clearstar Earn USDC,Euler V2,Monad,"$904,739",904739,7.4,4.4,3,,,8.26,,,,,,,
2026-05-17,53,USDC,Gains Network,Arbitrum,$5.12m,5120000,7.18,7.18,,,,6.51,,,,,,,
2026-05-17,54,SYZUSD,Yuzu Money,Monad,$11.84m,11840000,7.17,7.17,,,,7.53,,,,,,,
2026-05-17,55,SUSDAI / 30d unlock,USD AI,Arbitrum,$296.47m,296470000,7.1,7.1,,,,7.24,,,,,,,
2026-05-17,56,AUSD / syzUSD/AUSD,Curvance,Monad,"$705,284",705284,6.82,4.32,2.5,,,7.11,,,2930000,2220000,705918,,
2026-05-17,57,USDAI / For buying PT-USDai-15OCT2026,Pendle,Arbitrum,"$787,673",787673,6.78,6.78,,,,7.22,,,,,,,
2026-05-17,58,USDAI / For buying PT-USDai-18JUN2026,Pendle,Arbitrum,$35.64m,35640000,6.77,6.77,,,,6.42,,,,,,,
2026-05-17,59,USDC / arbUSD,AUTOfinance,Arbitrum,"$892,571",892571,6.59,3.8,2.8,,,9.59,,,,,,,
2026-05-17,60,USDC,Extra Finance Leverage Farming,Base,$3.54m,3540000,6.56,6.56,,,,5.98,,,,,,,
2026-05-17,61,BBQUSD1,Morpho Blue,Monad,$1.28m,1280000,6.45,2.04,4.42,,,8.46,,,690.1541740746619,,50005699.75,0,"{""wsrUSD"":100}"
2026-05-17,62,WABASGHO-WABASUSDC / Aura,Beefy,Base,"$969,362",969362,6.4,6.4,,,,6.49,,,,,,,
2026-05-17,63,USDC,YieldSeeker,Base,$54.93m,54930000,6.37,6.37,,,,9,,,,,,,
2026-05-17,64,BBQAUSD,Morpho Blue,Monad,"$901,460",901460,6.28,3.58,2.69,,,7.84,,,901789.8129143997,,229124500.2,0,"{""WBTC"":0,""wstETH"":54.41,""WETH"":16.23,""wsrUSD"":27.65,""WMON"":1.01,""XAUt0"":0.7,""SOL"":0}"
2026-05-17,65,DTUSDC,Lagoon,Base,"$682,316",682316,6.24,6.24,,,,6.24,,,,,,,
2026-05-17,66,USDC,Harmonix Finance,Arbitrum,"$706,375",706375,6.22,6.22,,,,5.76,,,,,,,
2026-05-17,67,USDC-ALUSD / stable - 0.05%,Velodrome V2,Op Mainnet,$1.61m,1610000,6.02,6.02,,,,5.3,,,,,,,
2026-05-17,68,BBQUSDC,Morpho Blue,Base,$24.45m,24450000,5.88,5.88,,,,5.74,,,2484079.3773903097,,507427079.18,0,"{""WBTC"":0,""weETH"":94.66,""WETH"":0.34,""syrupUSDC"":5,""PT-USDai-18JUN2026"":0}"
2026-05-17,69,BBQUSDT0,Morpho Blue,Monad,$2m,2000000,5.85,3.15,2.7,,,6.94,,,134758.7787937175,,659606444.54,0,"{""XAUt0"":1.21,""weETH"":11.22,""syrupUSDC"":54.96,""sUSDS"":0,""siUSD"":1.41,""PT-USDai-18JUN2026"":0,""sUSDe"":0.04,""bbqUSDC"":0,""WBTC"":5.88,""wsrUSD"":4.63,""wstETH"":17.98,""WETH"":2.67}"
2026-05-17,70,GHO,Fluid Lending,Arbitrum,$3.5m,3500000,5.78,2.8,2.98,,,6.05,,,,,,,
2026-05-17,71,MWUSDC,Morpho Blue,Base,$10.14m,10140000,5.77,4.86,0.92,,,5.01,,,22598.97700363296,,,,"{""Unknown"":100}"
2026-05-17,72,MSUSD-USDC,Extra Finance Leverage Farming,Base,$1.11m,1110000,5.75,5.75,,,,10.07,,,,,,,
2026-05-17,73,VBUSDC,Yearn Finance,Katana,$7.5m,7500000,5.72,4.63,1.1,,,4.05,,,,,,,
2026-05-17,74,FEUSDT02,Morpho Blue,Hyperliquid L1,$1.94m,1940000,5.63,5.63,,,,7.7,,,1943169.8221102392,,55039248.64,3.41,"{""WHLP"":0.64,""WHYPE"":2.11,""UBTC"":6.9,""UETH"":9.16,""thBILL"":57.13,""kHYPE"":19.23,""hwHLP"":3.31,""hbUSDT"":1.48,""PT-hbUSDT-18DEC2025"":0.03}"
2026-05-17,75,YCSUSDC,Morpho Blue,Base,"$535,260",535260,5.62,5.62,,,,5.44,,,536210.1871329203,,107443588.45,0,"{""rETH"":0.6,""cbADA"":27.49,""wstETH"":0.47,""cbETH"":2.61,""cbDOGE"":34.11,""cbLTC"":11.62,""cbXRP"":14.11,""mBASIS"":1.36,""superOETHb"":0.52,""cbBTC"":7.09}"
2026-05-17,76,GTUSDCF,Morpho Blue,Base,$2.79m,2790000,5.62,5.62,,,,5.23,,,2814155.60580583,,109764645.65,0,"{""cbXRP"":32.98,""wstETH"":0.01,""cbETH"":0.01,""cbADA"":14.62,""WETH"":17.36,""cbBTC"":29.67,""SOL"":0.06,""cbDOGE"":5.28}"
2026-05-17,77,MSUSD-USDC,Aerodrome V1,Base,$8.23m,8230000,5.61,5.61,,,,9.36,,,,,,,
2026-05-17,78,USDC / Morpho,Beefy,Base,$1.83m,1830000,5.48,5.48,,,,5.19,,,,,,,
2026-05-17,79,USDC,Kamino Lend,Solana,$7.01m,7010000,5.45,5.45,,,,5.19,,,150630000,143600000,7020000,,
2026-05-17,80,EARNAUSD,Upshift,Monad,$34.21m,34210000,5.44,4.13,1.31,,,6.9,,,,,,,
2026-05-17,81,USDT,ZEROBASE CeDeFi,Op Mainnet,$8.1m,8100000,5.3,3.3,2,,,5.3,,,,,,,
2026-05-17,82,USDG,Kamino Lend,Solana,$2.73m,2730000,5.23,5.23,,,,6.28,,,34150000,32340000.000000004,1810000,,
2026-05-17,83,MSUSD-USDC / Aerodrome,Beefy,Base,"$696,371",696371,5.22,5.22,,,,8.85,,,,,,,
2026-05-17,84,USDC,Moonwell Lending,Base,$1.82m,1820000,5.2,3.98,1.22,,,5.14,,,15090000,13280000,1810000,,
2026-05-17,85,USDC / Harvest USDC vault Base,Fusion by IPOR,Base,"$925,862",925862,5.18,5.18,,,,5.13,,,,,,,
2026-05-17,86,USDC,MortgageFi,Base,"$760,161",760161,5.17,5.17,,,,6.63,,,,,,,
2026-05-17,87,USDC / Morpho - Gauntlet Frontier V2,Harvest Finance,Base,"$740,700",740700,5.11,5.11,,,,4.95,,,,,,,
2026-05-17,88,USDC,HyperLend Pooled,Hyperliquid L1,$13.55m,13550000,5.1,5.1,,,,5.17,,,77070000,63500000,13570000,,
2026-05-17,89,USDC / Autopilot,Harvest Finance,Base,"$925,857",925857,5.1,5.1,,,,5.52,,,,,,,
2026-05-17,90,USDC,Fluid Lending,Base,$13.87m,13870000,5.09,5.09,,,,6.44,,,,,,,
2026-05-17,91,USDC,Fluid Lending,Arbitrum,$45.75m,45750000,4.99,4.99,,,,6.27,,,,,,,
2026-05-17,92,GTUSDCC,Morpho Blue,Unichain,"$829,868",829868,4.97,4.97,,,,5.83,,,1506772.9512228142,,6491595.23,0,"{""kHYPE"":24.7,""UBTC"":43.83,""WHYPE"":31.47}"
2026-05-17,93,FRUSDC,Morpho Blue,Base,$23.8m,23800000,4.9,4.9,,,,4.21,,,23804382.175630607,,0,0,"{""cbBTC"":100}"
2026-05-17,94,TERMUSDC,Morpho Blue,Base,"$980,431",980431,4.9,4.9,,,,4.21,,,980420.083683383,,198981926.73,0.49,"{""cbBTC"":100}"
2026-05-17,95,STEAKUSDC,Morpho Blue,Base,$467.93m,467930000,4.88,4.88,,,,4.37,,,148491.93176545022,,64840185.14,0,"{""WETH"":19.77,""WBTC"":80.23}"
2026-05-17,96,PUSDC,Morpho Blue,Base,$33.42m,33420000,4.88,4.88,,,,4.37,,,33423518.892775316,,1016378801.86,3.18,"{""cbBTC"":100}"
2026-05-17,97,GTUSDCP,Morpho Blue,Base,$366.54m,366540000,4.88,4.88,,,,4.37,,,2423950.8802795266,,62564726.19,0,"{""sUSDS"":0,""WBTC"":98.81,""WETH"":1.19}"
2026-05-17,98,FEUSDT0,Morpho Blue,Hyperliquid L1,$10.96m,10960000,4.8,4.8,,,,7.97,,,10962464.494740965,,96303369.63,10.22,"{""PT-kHYPE-19MAR2026"":5.43,""kHYPE"":52.43,""WHYPE"":34.07,""UBTC"":7.22,""beHYPE"":0.33,""wstHYPE"":0.53}"
2026-05-17,99,FEUSDC,Morpho Blue,Hyperliquid L1,$16.3m,16300000,4.79,4.79,,,,6.47,,,16259299.379262023,,77721526.74,17.3,"{""kHYPE"":95.34,""UBTC"":0.58,""WHYPE"":4.03,""PT-kHYPE-19MAR2026"":0.05}"
2026-05-17,100,STEAKUSDCFARCASTER,Morpho Blue,Base,"$503,069",503069,4.77,4.77,,,,4.36,,,,,,,
2026-05-17,101,CSUSDC,Morpho Blue,Base,$2.76m,2760000,4.71,4.71,,,,5.08,,,1.0058937231094498,,75984492.52,0,"{""wstETH"":64.88,""weETH"":35.12}"
2026-05-17,102,VBUSDT,Yearn Finance,Katana,$3.75m,3750000,4.64,4.64,,,,3.61,,,,,,,
2026-05-17,103,HFUSDC,Morpho Blue,Base,"$882,835",882835,4.59,4.59,,,,1.91,,,882823.4419956751,,11114917.37,7.36,"{""Unknown"":6.12,""cbBTC"":56.24,""WETH"":37.64}"
2026-05-17,104,GTUSDCP,Morpho Blue,Op Mainnet,$5.48m,5480000,4.57,2.66,1.91,,,4.97,,,2423950.8802795266,,62564726.19,0,"{""sUSDS"":0,""WBTC"":98.81,""WETH"":1.19}"
2026-05-17,105,USDC / TermMax USDC Vault,TermMax,Base,$1.26m,1260000,4.54,4.54,,,,2.28,,,,,,,
2026-05-17,106,USDC / Dolomite Balance,Dolomite,Arbitrum,$1.56m,1560000,4.43,4.43,,,,5.57,,,4800000,3240000,1560000,,
2026-05-17,107,GTUSDCC,Morpho Blue,Base,$2.05m,2049999.9999999998,4.39,4.39,,,,4.06,,,1506772.9512228142,,6491595.23,0,"{""kHYPE"":24.7,""UBTC"":43.83,""WHYPE"":31.47}"
2026-05-17,108,SPARKUSDC,Morpho Blue,Base,$8.89m,8890000,4.38,4.38,,,,4.04,,,0,,,,
2026-05-17,109,GTUSDCP,Morpho Blue,Arbitrum,$2.45m,2450000,4.36,4.36,,,,3.95,,,2423950.8802795266,,62564726.19,0,"{""sUSDS"":0,""WBTC"":98.81,""WETH"":1.19}"
2026-05-17,110,WAARBUSDCN-WAARBUSDT-WAARBGHO / Aura,Beefy,Arbitrum,$1.47m,1470000,4.25,4.25,,,,5.01,,,,,,,
2026-05-17,111,USDC / 2027-01-14,Exactly,Op Mainnet,$1.57m,1570000,4.15,4.15,,,,4.05,,,1360000,7055,1350000,,
2026-05-17,112,USDC / 2026-07-02,Exactly,Op Mainnet,$1.57m,1570000,4.13,4.13,,,,3.99,,,1400000,59473,1340000,,
2026-05-17,113,GHO,Fluid Lending,Base,"$833,848",833848,4.1,4.1,,,,4.32,,,,,,,
2026-05-17,114,USDC / 2026-12-17,Exactly,Op Mainnet,$1.57m,1570000,4.04,4.04,,,,3.91,,,1360000,5434,1350000,,
2026-05-17,115,USDS,Kamino Lend,Solana,"$592,609",592609,4.03,4.03,,,,2.83,,,8620000,8020000,596615,,
2026-05-17,116,USDC / 2026-06-04,Exactly,Op Mainnet,$1.57m,1570000,4.01,4.01,,,,4.03,,,1420000,70216,1350000,,
2026-05-17,117,GTUSDCC,Morpho Blue,Hyperliquid L1,$1.51m,1510000,3.97,3.97,,,,6.08,,,1506772.9512228142,,6491595.23,0,"{""kHYPE"":24.7,""UBTC"":43.83,""WHYPE"":31.47}"
2026-05-17,118,USDC / 2026-09-24,Exactly,Op Mainnet,$1.57m,1570000,3.95,3.95,,,,3.83,,,1370000,16803,1350000,,
2026-05-17,119,USDC / 2026-10-22,Exactly,Op Mainnet,$1.57m,1570000,3.95,3.95,,,,3.82,,,1380000,26000,1350000,,
2026-05-17,120,USDC / 2026-11-19,Exactly,Op Mainnet,$1.57m,1570000,3.94,3.94,,,,3.8,,,1360000,8157,1360000,,
2026-05-17,121,USDC / 2026-07-30,Exactly,Op Mainnet,$1.57m,1570000,3.93,3.93,,,,3.41,,,1390000,36927,1350000,,
2026-05-17,122,USDC / 2026-08-27,Exactly,Op Mainnet,$1.57m,1570000,3.92,3.92,,,,3.78,,,1380000,22892,1350000,,
2026-05-17,123,FEUSDH2,Morpho Blue,Hyperliquid L1,$3.22m,3220000,3.85,3.85,,,,7.16,,,3186659.2354955906,,36801139.7,7.97,"{""WHYPE"":48.33,""wstHYPE"":11.65,""kHYPE"":40.02}"
2026-05-17,124,SYRUPUSDC-USDC / CL1 - 0.035%,Aerodrome Slipstream,Base,"$548,952",548952,3.82,3.82,,,,9.35,,,,,,,
2026-05-17,125,HYPERUSDCA,Morpho Blue,Arbitrum,"$758,330",758330,3.77,3.77,,,,4.46,,,755894.5382832212,,199268887.86,0,"{""sUSDai"":0.4,""PT-sUSDai-18JUN2026"":12.21,""WETH"":1.74,""PT-USDai-18JUN2026"":25.02,""WBTC"":7.15,""wstETH"":45.6,""thBILL"":0,""Unknown"":7.89}"
2026-05-17,126,SUSDS,Sky Lending,Arbitrum,$358.54m,358540000,3.65,3.65,,,,3.67,,,,,,,
2026-05-17,127,GTUSDT,Morpho Blue,Katana,$57.92m,57920000,3.65,2,1.65,,,2.82,,,9.996815855030933e-7,,39987.26,0,"{""WHYPE"":100}"
2026-05-17,128,GTUSDCC,Morpho Blue,Arbitrum,$3.42m,3420000,3.6,3.6,,,,3.66,,,1506772.9512228142,,6491595.23,0,"{""kHYPE"":24.7,""UBTC"":43.83,""WHYPE"":31.47}"
2026-05-17,129,BBQUSDC,Morpho Blue,Arbitrum,$14.56m,14560000,3.57,3.57,,,,4.09,,,2484079.3773903097,,507427079.18,0,"{""WBTC"":0,""weETH"":94.66,""WETH"":0.34,""syrupUSDC"":5,""PT-USDai-18JUN2026"":0}"
2026-05-17,130,USDY / US Dollar Yield,Ondo Yield Assets,Solana,$180.71m,180710000,3.55,3.55,,,,3.55,,,,,,,
2026-05-17,131,USDY / US Dollar Yield,Ondo Yield Assets,Arbitrum,$5.74m,5740000,3.55,3.55,,,,3.55,,,,,,,
2026-05-17,132,SUSDAI-USDC,Curve DEX,Arbitrum,$1.86m,1860000,3.55,3.55,,,,4.42,,,,,,,
2026-05-17,133,USX,Loopscale,Solana,"$663,422",663422,3.48,3.48,,,,4.12,,,,,,,
2026-05-17,134,USDY,Toros,Base,"$879,374",879374,3.33,3.33,,,,4.23,,,,,,,
2026-05-17,135,USDC / Euler Earn USDC,Euler V2,Arbitrum,"$560,786",560786,3.29,3.29,,,,3.54,,,,,,,
2026-05-17,136,CUSDO,OpenEden USDO,Solana,$5.7m,5700000,3.25,3.25,,,,3.23,,,,,,,
2026-05-17,137,WYLDS,Hastra,Solana,$1.82m,1820000,3.21,3.21,,,,3.28,,,,,,,
2026-05-17,138,USDT / Main Pool,Save,Solana,"$593,985",593985,3.17,3.17,,,,3.05,,,3640000,3050000,593986,,
2026-05-17,139,EARNAUSD,Neverland,Monad,$3m,3000000,3.14,0,3.14,,,3.11,,,3000000,0,3000000,,
2026-05-17,140,USDC-USDBC / CL1 - 0.01%,Aerodrome Slipstream,Base,"$541,038",541038,3.03,2.52,0.52,1.88,,2.14,,,,,,,
2026-05-17,141,USDC,Gains Network,Base,$2.22m,2220000,3.03,3.03,,,,2.14,,,,,,,
2026-05-17,142,USDC,Aave V3,Arbitrum,$24.75m,24750000,2.91,2.91,,,,4.55,,,167350000,142730000,24620000,,
2026-05-17,143,USDAI / For LP | Maturity 15OCT2026,Pendle,Arbitrum,"$787,673",787673,2.88,1.08,1.8,,,2.12,,,,,,,
2026-05-17,144,MSUSD-USDC / CL50 - 0.05%,Aerodrome Slipstream,Base,$24.35m,24350000,2.84,1.36,1.48,0.51,,2.65,,,,,,,
2026-05-17,145,USDC,Aave V3,Op Mainnet,$2.18m,2180000,2.82,2.82,,,,2.25,,,13590000,11410000,2180000,,
2026-05-17,146,USDC,Aave V3,Base,$38.5m,38500000,2.82,2.82,,,,3.46,,,184420000,147240000,37180000,,
2026-05-17,147,USDT,Aave V3,Op Mainnet,"$851,506",851506,2.74,2.74,,,,2.73,,,4930000,4080000,851632,,
2026-05-17,148,USDT,Compound V3,Op Mainnet,"$909,639",909639,2.68,2.68,,,,2.39,,,3550000,2640000,909774,,
2026-05-17,149,BBQUSDT0,Morpho Blue,Arbitrum,$16.04m,16040000,2.67,2.67,,,,3.29,,,134758.7787937175,,659606444.54,0,"{""XAUt0"":1.21,""weETH"":11.22,""syrupUSDC"":54.96,""sUSDS"":0,""siUSD"":1.41,""PT-USDai-18JUN2026"":0,""sUSDe"":0.04,""bbqUSDC"":0,""WBTC"":5.88,""wsrUSD"":4.63,""wstETH"":17.98,""WETH"":2.67}"
2026-05-17,150,PYUSD,Kamino Lend,Solana,$10.31m,10310000,2.65,2.65,,,,3.84,,,74260000,63990000,10270000,,
2026-05-17,151,USDC,Revert Lend,Base,$3.08m,3079209,6.909999999999999,6.909999999999999,0,10.51,,8.27,,,3079209,,,,
2026-05-18,1,SUSDU,Unitas,Solana,$9.23m,9230000,32.36,32.36,,,,11.17,,,,,,,
2026-05-18,2,USDC,Sprinter,Base,$2.96m,2960000,16.66,16.66,,,,12.78,,,,,,,
2026-05-18,3,USDC,Metrom,Base,$1.25m,1250000,16.48,16.48,,,,16.81,,,,,,,
2026-05-18,4,FEUSDC2,Morpho Blue,Hyperliquid L1,$26.61m,26610000,16.4,16.4,,,,7.27,,,26993011.739589814,,27991297.26,49.09,"{""kHYPE"":10.16,""WHYPE"":88.82,""wstHYPE"":1.02}"
2026-05-18,5,APXUSD|For buying PT-apxUSD-18JUN2026,Pendle,Base,$3.76m,3760000,15.85,15.85,,,,14.72,,,,,,,
2026-05-18,6,AUSD-USDC-USDT0,Curve DEX,Monad,$4.41m,4410000,14.22,0,14.22,,,13.04,,,,,,,
2026-05-18,7,USDC-USDM,Mento V3,Monad,"$570,057",570057,13.52,0.23,13.29,,,14.67,,,,,,,
2026-05-18,8,USDC|40 Acres,Harvest Finance,Base,$1.97m,1970000,12.26,12.26,,,,8.34,,,,,,,
2026-05-18,9,USDC|yoUSD,YO Protocol,Base,$16.1m,16100000.000000002,12.22,4.42,7.8,,,13.77,,,,,,,
2026-05-18,10,USDC|yoUSD,YO Protocol,Arbitrum,"$550,795",550795,12.22,4.42,7.8,,,13.78,,,,,,,
2026-05-18,11,USDC,Metrom,Katana,$15.9m,15900000,12.03,2.77,9.26,,,12.28,,,,,,,
2026-05-18,12,MIM-USDC|Mim,Beefy,Arbitrum,$1.23m,1230000,11.98,11.98,,,,15.87,,,,,,,
2026-05-18,13,USDC-MSUSD|stable - 0.05%,Velodrome V2,Op Mainnet,"$870,178",870178,11.87,11.87,11.87,,,14.54,,,,,,,
2026-05-18,14,WNUSDT0-WNAUSD-WNUSDC|Balancer,Beefy,Monad,$4.2m,4200000,11.8,11.8,,,,13.4,,,,,,,
2026-05-18,15,USDC|vault,Avantis,Base,$45.78m,45780000,11.53,11.53,,,,10.1,,,,,,,
2026-05-18,16,MSUSD-FRXUSD,Aerodrome V1,Base,"$782,303",782303,11.45,11.45,11.45,,,15.66,,,,,,,
2026-05-18,17,MIM-USDT0|Mim,Beefy,Arbitrum,$1.12m,1120000,10.42,10.42,,,,11.13,,,,,,,
2026-05-18,18,ALPHAUSDTPRIME,Morpho Blue,Hyperliquid L1,$4.34m,4340000,10.38,5.77,4.61,,,18.1,,,,,,,
2026-05-18,19,SUPERUSDC|SuperVault,Superform,Base,$3.78m,3780000,10.19,4.6,5.59,,,12.58,,,,,,,
2026-05-18,20,USDT,Metrom,Katana,$4.14m,4139999.9999999995,9.99,2.73,7.26,,,10.18,,,,,,,
2026-05-18,21,SUSDAI|For buying PT-sUSDai-15OCT2026,Pendle,Arbitrum,$11.48m,11480000,9.95,9.95,,,,9.07,,,,,,,
2026-05-18,22,APXUSD|For LP | Maturity 18JUN2026,Pendle,Base,$3.76m,3760000,9.81,9.19,0.63,,,8.63,,,,,,,
2026-05-18,23,SUSDAI|For buying PT-sUSDai-18JUN2026,Pendle,Arbitrum,$9.73m,9730000,9.78,9.78,,,,9.03,,,,,,,
2026-05-18,24,ALUSD-USDC|Curve,Stake DAO,Arbitrum,"$747,688",747688,9.55,0.04,9.51,,,9.9,,,,,,,
2026-05-18,25,USDC-USDT|CL1 - 0.0009%,Aerodrome Slipstream,Base,$1.16m,1160000,9.54,8.29,1.25,12.42,,14.39,,,,,,,
2026-05-18,26,ALUSD-USDC,Curve DEX,Arbitrum,"$753,108",753108,9.46,0,9.46,,,10,,,,,,,
2026-05-18,27,USDC,YieldSeeker,Base,$1.26m,1260000,9.28,9.28,,,,9.02,,,,,,,
2026-05-18,28,FEUSD|WHYPE Stability Pool,Felix CDP,Hyperliquid L1,$8.2m,8199999.999999999,9.16,9.16,,,,9.32,,,,,,,
2026-05-18,29,USDT,ZEROBASE CeDeFi,Arbitrum,$7.92m,7920000,9,7,2,,,9,,,,,,,
2026-05-18,30,USDC,ZEROBASE CeDeFi,Arbitrum,"$783,212",783212,9,7,2,,,9,,,,,,,
2026-05-18,31,USDC,Kamino Lend,Solana,$6.17m,6170000,8.93,8.93,,,,5.26,,,149730000,143560000,6170000,,
2026-05-18,32,AUSD,Neverland,Monad,$10.96m,10960000,8.59,3.91,4.69,,,9.26,,,48080000,37130000,10960000,,
2026-05-18,33,USDC,Neverland,Monad,$15.54m,15540000,8.59,3.75,4.84,,,8.44,,,62070000,46530000,15540000,,
2026-05-18,34,SUSDAI|For LP | Maturity 15OCT2026,Pendle,Arbitrum,$11.48m,11480000,8.45,7.69,0.76,,,8.12,,,,,,,
2026-05-18,35,USDC|baseUSD,AUTOfinance,Base,$6.97m,6970000,8.43,5.11,3.32,,,8.81,,,,,,,
2026-05-18,36,AUSD,Metrom,Katana,$1.73m,1730000,8.35,3.9,4.45,,,13.31,,,,,,,
2026-05-18,37,USDC,DeltaPrime,Arbitrum,"$651,567",651567,8.28,8.28,,,,7.35,,,,,,,
2026-05-18,38,USDC,Loopscale,Solana,$1.78m,1780000,8.21,7.15,1.06,,,8.27,,,,,,,
2026-05-18,39,SUSDAI|For LP | Maturity 18JUN2026,Pendle,Arbitrum,$9.73m,9730000,8.13,7.68,0.45,,,8.23,,,,,,,
2026-05-18,40,AUSD|vUSD/AUSD,Curvance,Monad,"$907,492",907492,8.1,5.4,2.7,,,7.47,,,7470000,6570000,907492,,
2026-05-18,41,USDC,Harmonix Finance,Hyperliquid L1,$9.21m,9210000,8,8,,,,11.68,,,,,,,
2026-05-18,42,AUSD|EVK Vault eAUSD-16,Euler V2,Monad,"$886,784",886784,7.99,7.25,0.75,,,8.87,,,9490000,8600000,886784,,
2026-05-18,43,FEUSD|kHYPE Stability Pool,Felix CDP,Hyperliquid L1,$1.35m,1350000,7.9,7.9,,,,7.14,,,,,,,
2026-05-18,44,AUSD|earnAUSD/AUSD,Curvance,Monad,$2.11m,2110000,7.88,5.38,2.5,,,8.43,,,9290000,7190000,2110000,,
2026-05-18,45,AUSD,Accountable,Monad,$2.49m,2490000,7.76,7.76,,,,8.36,,,,,,,
2026-05-18,46,AUGUSTUSDCV2,Morpho Blue,Monad,$11.29m,11290000,7.66,5.13,2.53,,,9.11,,,,,,,
2026-05-18,47,HYPERUSDCA,Morpho Blue,Monad,$15.17m,15170000,7.61,5.21,2.4,,,7.63,,,727794.5758489408,,199245346.28,0,"{""PT-USDai-18JUN2026"":25.99,""PT-sUSDai-18JUN2026"":12.68,""WETH"":1.81,""sUSDai"":0.41,""WBTC"":7.42,""wstETH"":47.36,""thBILL"":0,""Unknown"":4.33}"
2026-05-18,48,USDC|Clearstar Earn USDC,Euler V2,Monad,"$904,860",904860,7.4,4.4,3,,,8.36,,,,,,,
2026-05-18,49,ZVUSDC,Zircuit Finance,Base,$1.5m,1500000,7.31,7.31,,,,8.56,,,,,,,
2026-05-18,50,USDT0,Neverland,Monad,$6.47m,6470000,7.28,2.9,4.38,,,8.56,,,17150000,10680000,6470000,,
2026-05-18,51,EDGEUSDC,Morpho Blue,Base,"$692,556",692556,7.25,4.08,3.16,,,7.11,,,101989.46157521279,,29889250.77,0.34,"{""sUSDS"":1.05,""WBTC"":90.58,""wstETH"":8.36}"
2026-05-18,52,SYZUSD,Yuzu Money,Monad,$11.85m,11850000,7.17,7.17,,,,7.54,,,,,,,
2026-05-18,53,SUSDAI|30d unlock,USD AI,Arbitrum,$296.51m,296510000,7.1,7.1,,,,7.24,,,,,,,
2026-05-18,54,FEUSDE,Morpho Blue,Hyperliquid L1,"$918,042",918042,7.05,7.05,,,,9.04,,,918029.0165902375,,16077531.75,5.4,"{""UBTC"":29.8,""WHYPE"":70.2}"
2026-05-18,55,USDC,Fluid Lending,Arbitrum,$40.12m,40120000,6.98,6.98,,,,6.32,,,,,,,
2026-05-18,56,USDAI|For buying PT-USDai-15OCT2026,Pendle,Arbitrum,"$781,492",781492,6.96,6.96,,,,7.22,,,,,,,
2026-05-18,57,USDC|arbUSD,AUTOfinance,Arbitrum,"$892,644",892644,6.96,4.16,2.8,,,9.47,,,,,,,
2026-05-18,58,USDC,Gains Network,Arbitrum,$5.15m,5150000,6.95,6.95,,,,6.55,,,,,,,
2026-05-18,59,USDAI|For buying PT-USDai-18JUN2026,Pendle,Arbitrum,$35.63m,35630000,6.91,6.91,,,,6.45,,,,,,,
2026-05-18,60,AUSD|syzUSD/AUSD,Curvance,Monad,"$705,902",705902,6.82,4.32,2.5,,,7.12,,,2930000,2220000,705901,,
2026-05-18,61,WABASGHO-WABASUSDC|Aura,Beefy,Base,"$969,362",969362,6.4,6.4,,,,6.46,,,,,,,
2026-05-18,62,BBQUSD1,Morpho Blue,Monad,$1.27m,1270000,6.35,2.01,4.33,,,8.39,,,689.8895691489705,,49984378.86,0,"{""wsrUSD"":100}"
2026-05-18,63,USDG,Kamino Lend,Solana,$1.65m,1650000,6.27,6.27,,,,6.31,,,34290000,32640000,1650000,,
2026-05-18,64,DTUSDC,Lagoon,Base,"$682,316",682316,6.24,6.24,,,,6.24,,,,,,,
2026-05-18,65,USDC,Extra Finance Leverage Farming,Base,$3.72m,3720000,6.22,6.22,,,,6,,,,,,,
2026-05-18,66,USDC,Compound V3,Base,"$878,757",878757,6.15,6.15,,,,4.63,,,9670000,8790000,878757,,
2026-05-18,67,GTUSDCF,Morpho Blue,Base,$2.02m,2020000,6.11,6.11,,,,5.24,,,2330368.494108983,,110237435.19,0,"{""cbXRP"":33,""cbADA"":17.66,""wstETH"":0.02,""cbETH"":0.01,""WETH"":29.01,""cbBTC"":13.93,""SOL"":0,""cbDOGE"":6.37}"
2026-05-18,68,USDC,Harmonix Finance,Arbitrum,"$706,526",706526,6.05,6.05,,,,5.78,,,,,,,
2026-05-18,69,VBUSDC,Yearn Finance,Katana,$7.5m,7500000,5.92,4.84,1.09,,,4.15,,,,,,,
2026-05-18,70,BBQUSDT0,Morpho Blue,Monad,$1.89m,1890000,5.91,3.21,2.7,,,6.93,,,134701.28781467522,,659283203.88,0,"{""XAUt0"":1.23,""weETH"":15.08,""syrupUSDC"":55,""sUSDS"":11.11,""siUSD"":1.61,""PT-USDai-18JUN2026"":0,""sUSDe"":0.04,""bbqUSDC"":0,""WBTC"":9.88,""wstETH"":0,""WETH"":6.04}"
2026-05-18,71,USDC-ALUSD|stable - 0.05%,Velodrome V2,Op Mainnet,$1.6m,1600000,5.83,5.83,5.83,,,5.31,,,,,,,
2026-05-18,72,GHO,Fluid Lending,Arbitrum,$3.5m,3500000,5.83,2.85,2.98,,,6.04,,,,,,,
2026-05-18,73,MSUSD-USDC,Extra Finance Leverage Farming,Base,$1.11m,1110000,5.6,5.6,,,,9.81,,,,,,,
2026-05-18,74,MSUSD-USDC,Aerodrome V1,Base,$8.21m,8210000.000000001,5.45,5.45,5.45,,,9.15,,,,,,,
2026-05-18,75,EARNAUSD,Upshift,Monad,$34.24m,34240000,5.41,4.13,1.28,,,6.78,,,,,,,
2026-05-18,76,BBQUSDC,Morpho Blue,Base,$24.5m,24500000,5.39,5.39,,,,5.75,,,2635522.288060729,,507215561.64,0,"{""XAUt0"":0,""WBTC"":6.16,""weETH"":91.88,""WETH"":1.96}"
2026-05-18,77,USDT,ZEROBASE CeDeFi,Op Mainnet,$8.11m,8109999.999999999,5.3,3.3,2,,,5.3,,,,,,,
2026-05-18,78,USDC,Moonwell Lending,Base,$1.64m,1640000,5.28,4.09,1.2,,,5.17,,,15080000,13440000,1640000,,
2026-05-18,79,MWUSDC,Morpho Blue,Base,$10.15m,10150000,5.28,4.37,0.91,,,5.04,,,22597.32275354978,,,,"{""Unknown"":100}"
2026-05-18,80,USDC,Fluid Lending,Base,$13.78m,13780000,5.21,5.21,,,,6.43,,,,,,,
2026-05-18,81,GTUSDCP,Morpho Blue,Arbitrum,$2.36m,2360000,5.11,5.11,,,,3.96,,,2366293.380258701,,62614727.12,0,"{""WBTC"":96.92,""WETH"":3,""sUSDS"":0.07}"
2026-05-18,82,FEUSDT02,Morpho Blue,Hyperliquid L1,$2.02m,2020000,5.07,5.07,,,,7.68,,,2019973.4769163756,,54947063.32,3.55,"{""WHLP"":0.62,""WHYPE"":2.92,""UBTC"":6.87,""UETH"":9.19,""thBILL"":56.93,""kHYPE"":18.83,""hwHLP"":3.19,""hbUSDT"":1.43,""PT-hbUSDT-18DEC2025"":0.03}"
2026-05-18,83,USDC|Autopilot,Harvest Finance,Base,"$925,931",925931,5.07,5.07,,,,5.52,,,,,,,
2026-05-18,84,USDC,MortgageFi,Base,"$750,545",750545,5.06,5.06,,,,6.54,,,,,,,
2026-05-18,85,MSUSD-USDC|Aerodrome,Beefy,Base,"$694,795",694795,5.04,5.04,,,,8.65,,,,,,,
2026-05-18,86,USDC,HyperLend Pooled,Hyperliquid L1,$13.91m,13910000,5.04,5.04,,,,5.2,,,76810000,62900000,13910000,,
2026-05-18,87,USDC|Harvest USDC vault Base,Fusion by IPOR,Base,"$925,963",925963,5.03,5.03,,,,5.13,,,,,,,
2026-05-18,88,FEUSDC,Morpho Blue,Hyperliquid L1,$15.85m,15850000,5.01,5.01,,,,6.47,,,15939897.513446847,,78033285.15,16.96,"{""kHYPE"":95.24,""UBTC"":0.59,""WHYPE"":4.11,""PT-kHYPE-19MAR2026"":0.05}"
2026-05-18,89,GTUSDCC,Morpho Blue,Unichain,"$830,210",830210,5,5,,,,5.81,,,1556742.4206219106,,6440975.25,0,"{""kHYPE"":23.91,""UBTC"":45.63,""WHYPE"":30.46}"
2026-05-18,90,FEUSDT0,Morpho Blue,Hyperliquid L1,$10.81m,10810000,4.9,4.9,,,,7.9,,,10588232.822205128,,96648629.15,9.87,"{""PT-kHYPE-19MAR2026"":5.21,""kHYPE"":52.59,""WHYPE"":33.83,""UBTC"":7.47,""beHYPE"":0.34,""wstHYPE"":0.55}"
2026-05-18,91,USDC|Morpho,Beefy,Base,$1.83m,1830000,4.86,4.86,,,,5.21,,,,,,,
2026-05-18,92,VBUSDT,Yearn Finance,Katana,$3.77m,3770000,4.79,4.79,,,,3.67,,,,,,,
2026-05-18,93,YCSUSDC,Morpho Blue,Base,"$539,403",539403,4.68,4.68,,,,5.44,,,539343.3129659602,,107429907.02,0,"{""mBASIS"":1.35,""rETH"":0.59,""cbADA"":27.33,""cbLTC"":11.55,""wstETH"":0.47,""cbXRP"":14.03,""cbETH"":2.59,""cbDOGE"":33.91,""superOETHb"":0.52,""cbBTC"":7.62}"
2026-05-18,94,CSUSDC,Morpho Blue,Base,$2.75m,2750000,4.66,4.66,,,,5.07,,,1.00583406319516,,75979306.19,0,"{""wstETH"":64.88,""weETH"":35.12}"
2026-05-18,95,STEAKUSDCFARCASTER,Morpho Blue,Base,"$511,581",511581,4.65,4.65,,,,4.37,,,,,,,
2026-05-18,96,GTUSDCP,Morpho Blue,Base,$80.21m,80210000,4.65,4.65,,,,4.38,,,2366293.380258701,,62614727.12,0,"{""WBTC"":96.92,""WETH"":3,""sUSDS"":0.07}"
2026-05-18,97,STEAKUSDC,Morpho Blue,Base,$123.7m,123700000,4.65,4.65,,,,4.37,,,156926.6565004476,,64824093.84,0,"{""WETH"":21.63,""WBTC"":78.37}"
2026-05-18,98,USDC|Dolomite Balance,Dolomite,Arbitrum,$1.5m,1500000,4.57,4.57,,,,5.53,,,4800000,3290000,1500000,,
2026-05-18,99,GTUSDCP,Morpho Blue,Op Mainnet,$5.45m,5450000,4.5,2.64,1.86,,,4.96,,,2366293.380258701,,62614727.12,0,"{""WBTC"":96.92,""WETH"":3,""sUSDS"":0.07}"
2026-05-18,100,FRUSDC,Morpho Blue,Base,$23.81m,23810000,4.47,4.47,,,,4.23,,,23804171.743365698,,0,0,"{""cbBTC"":100}"
2026-05-18,101,TERMUSDC,Morpho Blue,Base,"$980,649",980649,4.47,4.47,,,,4.23,,,980411.4167067636,,198962401.52,0.49,"{""cbBTC"":100}"
2026-05-18,102,PUSDC,Morpho Blue,Base,$33.43m,33430000,4.41,4.41,,,,4.38,,,33439801.4756192,,1016259966.46,3.19,"{""cbBTC"":100}"
2026-05-18,103,USDC|TermMax USDC Vault,TermMax,Base,$1.26m,1260000,4.34,4.34,,,,2.29,,,,,,,
2026-05-18,104,USDC|2027-01-14,Exactly,Op Mainnet,$1.55m,1550000,4.15,4.15,,,,4.06,,,1340000,7086,1330000,,
2026-05-18,105,GTUSDCC,Morpho Blue,Hyperliquid L1,$1.56m,1560000,4.14,4.14,,,,6.06,,,1556742.4206219106,,6440975.25,0,"{""kHYPE"":23.91,""UBTC"":45.63,""WHYPE"":30.46}"
2026-05-18,106,USDC|2026-07-02,Exactly,Op Mainnet,$1.55m,1550000,4.13,4.13,,,,4,,,1380000,58087,1320000,,
2026-05-18,107,BBQAUSD,Morpho Blue,Monad,"$901,376",901376,4.13,1.43,2.7,,,7.76,,,901544.7664412372,,229054548.39,0,"{""wstETH"":52.06,""WETH"":15.65,""wsrUSD"":30.54,""WMON"":0.98,""XAUt0"":0.77,""SOL"":0}"
2026-05-18,108,GHO,Fluid Lending,Base,"$833,854",833854,4.1,4.1,,,,4.34,,,,,,,
2026-05-18,109,HFUSDC,Morpho Blue,Base,"$883,026",883026,4.07,4.07,,,,1.98,,,882810.855322798,,11113757.92,7.36,"{""Unknown"":6.12,""cbBTC"":56.24,""WETH"":37.64}"
2026-05-18,110,USDC|2026-12-17,Exactly,Op Mainnet,$1.55m,1550000,4.04,4.04,,,,3.92,,,1340000,5452,1340000,,
2026-05-18,111,HYPERUSDCA,Morpho Blue,Arbitrum,"$728,683",728683,4.03,4.03,,,,4.47,,,727794.5758489408,,199245346.28,0,"{""PT-USDai-18JUN2026"":25.99,""PT-sUSDai-18JUN2026"":12.68,""WETH"":1.81,""sUSDai"":0.41,""WBTC"":7.42,""wstETH"":47.36,""thBILL"":0,""Unknown"":4.33}"
2026-05-18,112,USDC|2026-06-04,Exactly,Op Mainnet,$1.55m,1550000,4,4,,,,4.03,,,1400000,70834,1330000,,
2026-05-18,113,USDC|2026-09-24,Exactly,Op Mainnet,$1.55m,1550000,3.96,3.96,,,,3.84,,,1350000,16859,1340000,,
2026-05-18,114,USDC|2026-10-22,Exactly,Op Mainnet,$1.55m,1550000,3.96,3.96,,,,3.82,,,1360000,26056,1340000,,
2026-05-18,115,FEUSDH2,Morpho Blue,Hyperliquid L1,$3.02m,3020000,3.95,3.95,,,,7.07,,,2955458.863627101,,37048238.68,7.39,"{""WHYPE"":46.7,""wstHYPE"":12.21,""kHYPE"":41.09}"
2026-05-18,116,USDS,Kamino Lend,Solana,"$717,303",717303,3.94,3.94,,,,2.89,,,8710000,7990000,717302,,
2026-05-18,117,USDC|2026-11-19,Exactly,Op Mainnet,$1.55m,1550000,3.94,3.94,,,,3.81,,,1340000,8175,1340000,,
2026-05-18,118,USDC|2026-07-30,Exactly,Op Mainnet,$1.55m,1550000,3.93,3.93,,,,3.42,,,1370000,35924,1330000,,
2026-05-18,119,USDC|2026-08-27,Exactly,Op Mainnet,$1.55m,1550000,3.93,3.93,,,,3.78,,,1360000,22949,1340000,,
2026-05-18,120,SPARKUSDC,Morpho Blue,Base,$8.98m,8980000,3.9,3.9,,,,4.05,,,0,,,,
2026-05-18,121,GTUSDCC,Morpho Blue,Base,$1.99m,1990000,3.78,3.78,,,,4.06,,,1556742.4206219106,,6440975.25,0,"{""kHYPE"":23.91,""UBTC"":45.63,""WHYPE"":30.46}"
2026-05-18,122,GTUSDT,Morpho Blue,Katana,$55.84m,55840000,3.75,2.11,1.64,,,2.87,,,9.994115747873647e-7,,39976.46,0,"{""WHYPE"":100}"
2026-05-18,123,BBQUSDC,Morpho Blue,Arbitrum,$14.56m,14560000,3.73,3.73,,,,4.1,,,2635522.288060729,,507215561.64,0,"{""XAUt0"":0,""WBTC"":6.16,""weETH"":91.88,""WETH"":1.96}"
2026-05-18,124,USDC,Gains Network,Base,$2.19m,2190000,3.67,3.67,,,,2.16,,,,,,,
2026-05-18,125,SUSDS,Sky Lending,Arbitrum,$358.58m,358580000,3.65,3.65,,,,3.67,,,,,,,
2026-05-18,126,WAARBUSDCN-WAARBUSDT-WAARBGHO|Aura,Beefy,Arbitrum,$1.42m,1420000,3.6,3.6,,,,4.97,,,,,,,
2026-05-18,127,SUSDAI-USDC,Curve DEX,Arbitrum,$1.86m,1860000,3.58,3.58,,,,4.41,,,,,,,
2026-05-18,128,USDY|US Dollar Yield,Ondo Yield Assets,Solana,$180.75m,180750000,3.55,3.55,,3.55,,3.55,,,,,,,
2026-05-18,129,USDY|US Dollar Yield,Ondo Yield Assets,Arbitrum,$5.64m,5640000,3.55,3.55,,3.55,,3.55,,,,,,,
2026-05-18,130,USDY,Toros,Base,"$879,437",879437,3.55,3.55,,,,4.24,,,,,,,
2026-05-18,131,USX,Loopscale,Solana,"$664,156",664156,3.48,3.48,,,,4.1,,,,,,,
2026-05-18,132,GTUSDCC,Morpho Blue,Arbitrum,$3.35m,3350000,3.45,3.45,,,,3.66,,,1556742.4206219106,,6440975.25,0,"{""kHYPE"":23.91,""UBTC"":45.63,""WHYPE"":30.46}"
2026-05-18,133,CUSDO,OpenEden USDO,Solana,$5.7m,5700000,3.25,3.25,,3.25,,3.23,,,,,,,
2026-05-18,134,WYLDS,Hastra,Solana,$2.16m,2160000,3.21,3.21,,,,3.28,,,,,,,
2026-05-18,135,EARNAUSD,Neverland,Monad,$3m,3000000,3.13,0,3.13,,,3.1,,,3000000,,3000000,,
2026-05-18,136,USDC-USDBC|CL1 - 0.01%,Aerodrome Slipstream,Base,"$540,827",540827,3.03,2.53,0.5,2.16,,2.16,,,,,,,
2026-05-18,137,USDT|Main Pool,Save,Solana,"$714,091",714091,3,3,,,,3.05,,,3760000,3050000,714091,,
2026-05-18,138,USDC,Aave V3,Arbitrum,$23.93m,23930000,2.93,2.93,,,,4.58,,,166500000,142570000,23930000,,
2026-05-18,139,USDC|Euler Earn USDC,Euler V2,Arbitrum,"$560,810",560810,2.93,2.93,,,,3.55,,,,,,,
2026-05-18,140,BBQUSDT0,Morpho Blue,Arbitrum,$15.99m,15990000,2.9,2.9,,,,3.29,,,134701.28781467522,,659283203.88,0,"{""XAUt0"":1.23,""weETH"":15.08,""syrupUSDC"":55,""sUSDS"":11.11,""siUSD"":1.61,""PT-USDai-18JUN2026"":0,""sUSDe"":0.04,""bbqUSDC"":0,""WBTC"":9.88,""wstETH"":0,""WETH"":6.04}"
2026-05-18,141,USDC,Aave V3,Base,$36.45m,36450000,2.9,2.9,,,,3.47,,,184400000,147950000,36450000,,
2026-05-18,142,SYRUPUSDC-USDC|CL1 - 0.035%,Aerodrome Slipstream,Base,"$561,781",561781,2.87,2.87,2.87,,,9.31,,,,,,,
2026-05-18,143,USDAI|For LP | Maturity 15OCT2026,Pendle,Arbitrum,"$781,492",781492,2.85,1.13,1.72,,,2.15,,,,,,,
2026-05-18,144,USDC,Aave V3,Op Mainnet,$2.17m,2170000,2.83,2.83,,,,2.27,,,13600000,11430000,2170000,,
2026-05-18,145,GTUSDC,Morpho Blue,Katana,$5.62m,5620000,2.76,1.43,1.33,,,4.07,,,,,,,
2026-05-18,146,USDT,Aave V3,Op Mainnet,"$841,465",841465,2.75,2.75,,,,2.75,,,4920000,4080000,841465,,
2026-05-18,147,USDT,Compound V3,Op Mainnet,"$911,106",911106,2.68,2.68,,,,2.41,,,3560000,2650000,911105,,
2026-05-18,148,PYUSD,Kamino Lend,Solana,$10.3m,10300000,2.64,2.64,,,,3.85,,,74110000,63810000,10300000,,
2026-05-18,149,FEUSD|feUBTC Stability Pool,Felix CDP,Hyperliquid L1,$2.21m,2210000,2.63,2.63,,,,2.63,,,,,,,
2026-05-18,150,USDC,Compound V3,Arbitrum,$5.56m,5560000,2.52,2.52,,,,2.52,,,18480000,12920000,5560000,,
2026-05-18,151,USDC,Revert Lend,Base,$3.09m,3090611,6.78,6.78,0,10.489999999999998,,8.32,,,3090611,,,,
2026-05-19,1,SUSDU,Unitas,Solana,$9.24m,9240000,32.33,32.33,,,,11.86,,,,,,,
2026-05-19,2,LIMUSD|For LP | Maturity 26NOV2026,Pendle,Hyperliquid L1,"$633,471",633471,19.94,12.83,7.11,,,16.59,,,,,,,
2026-05-19,3,USDC,Sprinter,Base,$2.96m,2960000,16.66,16.66,,,,12.95,,,,,,,
2026-05-19,4,USDC,Metrom,Base,$1.23m,1230000,16.49,16.49,,,,16.78,,,,,,,
2026-05-19,5,ALPHAUSDTPRIME,Morpho Blue,Hyperliquid L1,$4.08m,4080000,16.35,11.41,4.94,,,17.95,,,,,,,
2026-05-19,6,APXUSD|For buying PT-apxUSD-18JUN2026,Pendle,Base,$3.83m,3830000,15.35,15.35,,,,14.79,,,,,,,
2026-05-19,7,AUSD-USDC-USDT0,Curve DEX,Monad,$3.64m,3640000,13.99,0,13.99,,,13.51,,,,,,,
2026-05-19,8,USDC-USDM,Mento V3,Monad,"$569,951",569951,13.52,0.21,13.31,,,14.63,,,,,,,
2026-05-19,9,USDC|40 Acres,Harvest Finance,Base,$1.97m,1970000,12.25,12.25,,,,8.51,,,,,,,
2026-05-19,10,USDC|yoUSD,YO Protocol,Base,$16.1m,16100000.000000002,12.15,4.35,7.8,,,13.63,,,,,,,
2026-05-19,11,USDC|yoUSD,YO Protocol,Arbitrum,"$551,042",551042,12.15,4.35,7.8,,,13.63,,,,,,,
2026-05-19,12,USDC-MSUSD|stable - 0.05%,Velodrome V2,Op Mainnet,"$862,466",862466,12.12,12.12,12.12,,,14.46,,,,,,,
2026-05-19,13,USDC,Metrom,Katana,$15.9m,15900000,12.03,2.77,9.26,,,12.28,,,,,,,
2026-05-19,14,USDC-USDT|CL1 - 0.0009%,Aerodrome Slipstream,Base,$1.19m,1190000,11.93,9.9,2.03,11.37,,14.42,,,,,,,
2026-05-19,15,USDC|vault,Avantis,Base,$45.35m,45350000,11.89,11.89,,,,10.1,,,,,,,
2026-05-19,16,MSUSD-FRXUSD,Aerodrome V1,Base,"$789,233",789233,11.78,11.78,11.78,,,15.52,,,,,,,
2026-05-19,17,MIM-USDC|Mim,Beefy,Arbitrum,$1.23m,1230000,11.63,11.63,,,,15.99,,,,,,,
2026-05-19,18,WNUSDT0-WNAUSD-WNUSDC|Balancer,Beefy,Monad,$4.26m,4260000,11.28,11.28,,,,13.35,,,,,,,
2026-05-19,19,AUSD|EVK Vault eAUSD-16,Euler V2,Monad,"$886,760",886760,10.6,7.25,3.35,,,8.91,,,9490000,8600000,886760,,
2026-05-19,20,MIM-USDT0|Mim,Beefy,Arbitrum,$1.12m,1120000,10.57,10.57,,,,11.13,,,,,,,
2026-05-19,21,USDT,Metrom,Katana,$4.14m,4139999.9999999995,9.99,2.73,7.26,,,10.18,,,,,,,
2026-05-19,22,ALUSD-USDC|Curve,Stake DAO,Arbitrum,"$748,687",748687,9.88,0.05,9.83,,,9.92,,,,,,,
2026-05-19,23,ALUSD-USDC,Curve DEX,Arbitrum,"$754,141",754141,9.75,0.03,9.72,,,10.01,,,,,,,
2026-05-19,24,SUSDAI|For buying PT-sUSDai-18JUN2026,Pendle,Arbitrum,$9.73m,9730000,9.74,9.74,,,,9.11,,,,,,,
2026-05-19,25,FEUSDC2,Morpho Blue,Hyperliquid L1,$26.42m,26420000,9.72,9.72,,,,7.39,,,26323833.577279016,,33662966.53,43.88,"{""kHYPE"":10.59,""WHYPE"":88.38,""wstHYPE"":1.03}"
2026-05-19,26,SUSDAI|For buying PT-sUSDai-15OCT2026,Pendle,Arbitrum,$13.09m,13090000,9.67,9.67,,,,9.13,,,,,,,
2026-05-19,27,SUPERUSDC|SuperVault,Superform,Base,$3.82m,3820000,9.5,4.48,5.02,,,12.57,,,,,,,
2026-05-19,28,USDC,Harmonix Finance,Hyperliquid L1,$9.85m,9850000,9.48,9.48,,,,10.88,,,,,,,
2026-05-19,29,LIMUSD|For buying PT-limUSD-26NOV2026,Pendle,Hyperliquid L1,"$633,471",633471,9.45,9.45,,,,8.56,,,,,,,
2026-05-19,30,USDC,YieldSeeker,Base,$1.24m,1240000,9.3,9.3,,,,9.03,,,,,,,
2026-05-19,31,FEUSD|WHYPE Stability Pool,Felix CDP,Hyperliquid L1,$8.31m,8310000.000000001,9.06,9.06,,,,9.3,,,,,,,
2026-05-19,32,APXUSD|For LP | Maturity 18JUN2026,Pendle,Base,$3.83m,3830000,9.03,8.4,0.62,,,8.7,,,,,,,
2026-05-19,33,USDT,ZEROBASE CeDeFi,Arbitrum,$7.92m,7920000,9,7,2,,,9,,,,,,,
2026-05-19,34,USDC,ZEROBASE CeDeFi,Arbitrum,"$783,010",783010,9,7,2,,,9,,,,,,,
2026-05-19,35,ZVUSDC,Zircuit Finance,Base,$1.5m,1500000,8.89,8.89,,,,8.53,,,,,,,
2026-05-19,36,BBQUSD1,Morpho Blue,Monad,$2.99m,2990000,8.65,1.65,7,,,8.31,,,689.5843312394431,,49961506.69,0,"{""Unknown"":100}"
2026-05-19,37,USDC,Neverland,Monad,$14.65m,14650000,8.61,3.81,4.8,,,8.46,,,60780000,46130000,14650000,,
2026-05-19,38,FEUSD|kHYPE Stability Pool,Felix CDP,Hyperliquid L1,$1.26m,1260000,8.5,8.5,,,,7.26,,,,,,,
2026-05-19,39,AUSD,Neverland,Monad,$11.22m,11220000,8.44,3.86,4.58,,,9.22,,,47720000,36500000,11220000,,
2026-05-19,40,USDC|baseUSD,AUTOfinance,Base,$7m,7000000,8.4,5.15,3.26,,,8.81,,,,,,,
2026-05-19,41,AUSD,Metrom,Katana,$1.73m,1730000,8.35,3.9,4.45,,,13.31,,,,,,,
2026-05-19,42,USDC,DeltaPrime,Arbitrum,"$651,847",651847,8.28,8.28,,,,7.44,,,,,,,
2026-05-19,43,SUSDAI|For LP | Maturity 15OCT2026,Pendle,Arbitrum,$13.09m,13090000,8.21,7.53,0.68,,,8.15,,,,,,,
2026-05-19,44,USDC,Loopscale,Solana,$1.77m,1770000,8.2,7.14,1.06,,,8.27,,,,,,,
2026-05-19,45,SUSDAI|For LP | Maturity 18JUN2026,Pendle,Arbitrum,$9.73m,9730000,8.08,7.62,0.46,,,8.26,,,,,,,
2026-05-19,46,AUSD,Accountable,Monad,$2.49m,2490000,7.76,7.76,,,,8.36,,,,,,,
2026-05-19,47,FEUSDT02,Morpho Blue,Hyperliquid L1,$1.81m,1810000,7.61,7.61,,,,7.71,,,1885335.4564357053,,55080956.59,3.31,"{""UETH"":9.43,""WHLP"":0.52,""WHYPE"":2.7,""UBTC"":7.2,""thBILL"":58.46,""kHYPE"":16.64,""hwHLP"":3.48,""hbUSDT"":1.55,""PT-hbUSDT-18DEC2025"":0.03}"
2026-05-19,48,AUSD|earnAUSD/AUSD,Curvance,Monad,$2.4m,2400000,7.54,5.04,2.5,,,8.42,,,9560000,7160000,2400000,,
2026-05-19,49,HYPERUSDCA,Morpho Blue,Monad,$15.1m,15100000,7.49,5.23,2.27,,,7.64,,,689703.647302875,,199284406.6,0,"{""PT-sUSDai-18JUN2026"":13.38,""WBTC"":7.84,""WETH"":1.91,""sUSDai"":0.44,""PT-USDai-18JUN2026"":27.43,""wstETH"":46.39,""thBILL"":0,""Unknown"":2.63}"
2026-05-19,50,GTUSDT,Morpho Blue,Katana,$35.16m,35160000,7.43,4.93,2.5,,,3,,,9.993983133550576e-7,,39975.93,0,"{""WHYPE"":100}"
2026-05-19,51,AUSD|vUSD/AUSD,Curvance,Monad,$1.46m,1460000,7.39,4.69,2.7,,,7.56,,,8029999.999999999,6570000,1460000,,
2026-05-19,52,EDGEUSDC,Morpho Blue,Base,"$682,749",682749,7.34,4.08,3.27,,,7.13,,,101908.59523099626,,29891491.46,0.34,"{""sUSDS"":1.18,""WBTC"":90.45,""wstETH"":8.37}"
2026-05-19,53,SYZUSD,Yuzu Money,Monad,$11.82m,11820000,7.17,7.17,,,,7.54,,,,,,,
2026-05-19,54,AUGUSTUSDCV2,Morpho Blue,Monad,$13.16m,13160000,7.15,4.79,2.37,,,9.11,,,,,,,
2026-05-19,55,USDC,Gains Network,Arbitrum,$5.15m,5150000,7.15,7.15,,,,6.59,,,,,,,
2026-05-19,56,SUSDAI|30d unlock,USD AI,Arbitrum,$296.59m,296590000,7.1,7.1,,,,7.24,,,,,,,
2026-05-19,57,GHO,Fluid Lending,Arbitrum,$3.06m,3060000,7.1,3.7,3.4,,,6.06,,,,,,,
2026-05-19,58,USDAI|For buying PT-USDai-15OCT2026,Pendle,Arbitrum,"$781,520",781520,7.05,7.05,,,,7.22,,,,,,,
2026-05-19,59,USDT0,Neverland,Monad,$7.26m,7260000,6.93,2.52,4.41,,,8.49,,,16510000.000000002,9250000,7260000,,
2026-05-19,60,USDAI|For buying PT-USDai-18JUN2026,Pendle,Arbitrum,$35.64m,35640000,6.91,6.91,,,,6.5,,,,,,,
2026-05-19,61,USDC|arbUSD,AUTOfinance,Arbitrum,"$892,826",892826,6.89,4.09,2.8,,,9.31,,,,,,,
2026-05-19,62,AUSD|syzUSD/AUSD,Curvance,Monad,"$710,233",710233,6.8,4.3,2.5,,,7.13,,,2930000,2210000,710234,,
2026-05-19,63,USDT0-USDC,Joe V2.2,Monad,$1.26m,1260000,6.65,6.65,,,,2.39,,,,,,,
2026-05-19,64,USDC,Compound V3,Base,"$857,677",857677,6.64,6.64,,,,4.69,,,9600000,8740000,857676,,
2026-05-19,65,USDC,Extra Finance Leverage Farming,Base,$3.57m,3570000,6.5,6.5,,,,6.02,,,,,,,
2026-05-19,66,WABASGHO-WABASUSDC|Aura,Beefy,Base,"$969,362",969362,6.4,6.4,,,,6.42,,,,,,,
2026-05-19,67,DTUSDC,Lagoon,Base,"$682,261",682261,6.24,6.24,,,,6.23,,,,,,,
2026-05-19,68,FEUSDE,Morpho Blue,Hyperliquid L1,"$915,292",915292,6.14,6.14,,,,8.95,,,895330.6370877776,,16101555.47,5.27,"{""UBTC"":30.56,""WHYPE"":69.44}"
2026-05-19,69,USDC,Harmonix Finance,Arbitrum,"$706,526",706526,6.05,6.05,,,,5.81,,,,,,,
2026-05-19,70,USDC,Fluid Lending,Arbitrum,$41.09m,41090000,6.03,6.03,,,,6.35,,,,,,,
2026-05-19,71,VBUSDC,Yearn Finance,Katana,$7.5m,7500000,5.95,4.88,1.07,,,4.29,,,,,,,
2026-05-19,72,USDC-ALUSD|stable - 0.05%,Velodrome V2,Op Mainnet,$1.59m,1590000,5.94,5.94,5.94,,,5.31,,,,,,,
2026-05-19,73,BBQAUSD,Morpho Blue,Monad,"$901,456",901456,5.91,3.21,2.7,,,7.66,,,901275.5691626193,,228962937.6,0,"{""WBTC"":33.63,""wstETH"":34.26,""WETH"":8.3,""wsrUSD"":22.71,""WMON"":0.53,""XAUt0"":0.57,""SOL"":0}"
2026-05-19,74,MSUSD-USDC,Extra Finance Leverage Farming,Base,$1.11m,1110000,5.82,5.82,,,,9.49,,,,,,,
2026-05-19,75,EARNAUSD,Upshift,Monad,$33.4m,33400000,5.71,4.01,1.7,,,6.58,,,,,,,
2026-05-19,76,MSUSD-USDC,Aerodrome V1,Base,$8.19m,8189999.999999999,5.67,5.67,5.67,,,8.9,,,,,,,
2026-05-19,77,USDC|Clearstar Earn USDC,Euler V2,Monad,$2.38m,2380000,5.6,4.11,1.5,,,8.48,,,,,,,
2026-05-19,78,MWUSDC,Morpho Blue,Base,$10.16m,10160000,5.6,4.73,0.87,,,5.08,,,22596.426698369374,,,,"{""Unknown"":100}"
2026-05-19,79,USDC,Fluid Lending,Base,$13.68m,13680000,5.55,5.55,,,,6.43,,,,,,,
2026-05-19,80,USDG,Kamino Lend,Solana,$2.17m,2170000,5.45,5.45,,,,6.35,,,34790000,32619999.999999996,2170000,,
2026-05-19,81,BBQUSDT0,Morpho Blue,Monad,$1.9m,1900000,5.38,2.68,2.7,,,6.91,,,134289.91376251882,,659468596.9,0,"{""XAUt0"":1,""weETH"":9.99,""syrupUSDC"":47.56,""sUSDS"":11.36,""siUSD"":1.39,""PT-USDai-18JUN2026"":0,""sUSDe"":0.04,""bbqUSDC"":0,""WBTC"":11.26,""wsrUSD"":13.05,""WETH"":4.34}"
2026-05-19,82,USDC,HyperLend Pooled,Hyperliquid L1,$11.86m,11860000,5.33,5.33,,,,5.23,,,75180000,63320000,11860000,,
2026-05-19,83,BBQUSDC,Morpho Blue,Base,$25.14m,25140000,5.32,5.32,,,,5.77,,,2800415.8319180324,,507087385.09,0,"{""weETH"":85.74,""XAUt0"":0.01,""siUSD"":0,""wsrUSD"":0,""syrupUSDC"":4.37,""WBTC"":3.66,""PT-USDai-18JUN2026"":6.21}"
2026-05-19,84,USDC|Harvest USDC vault Base,Fusion by IPOR,Base,"$925,891",925891,5.32,5.32,,,,5.14,,,,,,,
2026-05-19,85,USDT,ZEROBASE CeDeFi,Op Mainnet,$8.09m,8090000,5.3,3.3,2,,,5.3,,,,,,,
2026-05-19,86,FEUSDC,Morpho Blue,Hyperliquid L1,$15.87m,15870000,5.26,5.26,,,,6.49,,,15871232.372169452,,78108087.8,16.89,"{""kHYPE"":96.63,""WHYPE"":3.31,""PT-kHYPE-19MAR2026"":0.05}"
2026-05-19,87,YCSUSDC,Morpho Blue,Base,"$549,610",549610,5.26,5.26,,,,5.44,,,550544.6532969167,,107414704.31,0,"{""mBASIS"":1.32,""rETH"":0.58,""cbADA"":26.78,""wstETH"":0.46,""cbXRP"":13.75,""superOETHb"":0.51,""cbETH"":2.54,""cbDOGE"":33.23,""cbLTC"":11.32,""cbBTC"":9.49}"
2026-05-19,88,USDC,Moonwell Lending,Base,$1.63m,1630000,5.26,4.09,1.17,,,5.19,,,15090000,13460000,1630000,,
2026-05-19,89,MSUSD-USDC|Aerodrome,Beefy,Base,"$693,302",693302,5.22,5.22,,,,8.41,,,,,,,
2026-05-19,90,GTUSDCF,Morpho Blue,Base,$2.44m,2440000,5.19,5.19,,,,5.24,,,2429921.2541871327,,110133710.64,0,"{""cbXRP"":33,""cbETH"":0.01,""WETH"":27.15,""wstETH"":0.02,""cbADA"":16.93,""cbBTC"":16.71,""SOL"":0.07,""cbDOGE"":6.11}"
2026-05-19,91,FEUSDT0,Morpho Blue,Hyperliquid L1,$10.01m,10010000,5.17,5.17,,,,7.91,,,9912801.034191363,,97322637.99,9.24,"{""UBTC"":7.98,""beHYPE"":0.18,""PT-kHYPE-19MAR2026"":5.38,""kHYPE"":53.58,""WHYPE"":32.29,""wstHYPE"":0.59}"
2026-05-19,92,USDC|Autopilot,Harvest Finance,Base,"$925,865",925865,5.17,5.17,,,,5.52,,,,,,,
2026-05-19,93,AUSD|YZM/AUSD,Curvance,Monad,"$532,764",532764,5.12,3.42,1.7,,,7.11,,,1460000,923817,532764,,
2026-05-19,94,USDC|Morpho,Beefy,Base,$1.9m,1900000,5.11,5.11,,,,5.21,,,,,,,
2026-05-19,95,USDC,MortgageFi,Base,"$750,521",750521,5.06,5.06,,,,6.42,,,,,,,
2026-05-19,96,GTUSDCC,Morpho Blue,Hyperliquid L1,$1.69m,1690000,4.93,4.93,,,,6.06,,,1691551.4087093242,,6306688.61,0,"{""kHYPE"":22.01,""UBTC"":49.95,""WHYPE"":28.04}"
2026-05-19,97,USDC,Kamino Lend,Solana,$7.12m,7120000,4.92,4.92,,,,5.36,,,149880000,142770000,7120000,,
2026-05-19,98,VBUSDT,Yearn Finance,Katana,$3.86m,3860000,4.84,4.84,,,,3.75,,,,,,,
2026-05-19,99,BBQUSDC,Morpho Blue,Arbitrum,$2.85m,2850000,4.81,4.81,,,,4.55,,,2800415.8319180324,,507087385.09,0,"{""weETH"":85.74,""XAUt0"":0.01,""siUSD"":0,""wsrUSD"":0,""syrupUSDC"":4.37,""WBTC"":3.66,""PT-USDai-18JUN2026"":6.21}"
2026-05-19,100,GTUSDCC,Morpho Blue,Unichain,"$829,933",829933,4.72,4.72,,,,5.79,,,1691551.4087093242,,6306688.61,0,"{""kHYPE"":22.01,""UBTC"":49.95,""WHYPE"":28.04}"
2026-05-19,101,GHO,Fluid Lending,Base,"$833,921",833921,4.71,4.71,,,,4.39,,,,,,,
2026-05-19,102,CSUSDC,Morpho Blue,Base,$2.7m,2700000,4.71,4.71,,,,5.08,,,1.0057930390175036,,75975452.14,0,"{""wstETH"":64.88,""weETH"":35.12}"
2026-05-19,103,USDC|Dolomite Balance,Dolomite,Arbitrum,$1.5m,1500000,4.63,4.63,,,,5.46,,,4840000,3340000,1500000,,
2026-05-19,104,GTUSDCP,Morpho Blue,Base,$366.85m,366850000,4.56,4.56,,,,4.39,,,2299302.8681803886,,62686397.25,0,"{""WETH"":2.98,""WBTC"":95.58,""sUSDS"":1.44}"
2026-05-19,105,PUSDC,Morpho Blue,Base,$33.38m,33380000.000000004,4.55,4.55,,,,4.39,,,33510681.01837595,,1016150184.77,3.19,"{""cbBTC"":100}"
2026-05-19,106,STEAKUSDC,Morpho Blue,Base,$468.55m,468550000,4.55,4.55,,,,4.39,,,141758.30327779456,,64843941.81,0,"{""wstETH"":65.49,""WETH"":34.51}"
2026-05-19,107,FRUSDC,Morpho Blue,Base,$23.81m,23810000,4.55,4.55,,,,4.24,,,23805981.09747709,,0,0,"{""cbBTC"":100}"
2026-05-19,108,TERMUSDC,Morpho Blue,Base,"$980,524",980524,4.55,4.55,,,,4.24,,,980485.9318983693,,198954917.08,0.49,"{""cbBTC"":100}"
2026-05-19,109,STEAKUSDCFARCASTER,Morpho Blue,Base,"$511,509",511509,4.54,4.54,,,,4.39,,,,,,,
2026-05-19,110,USDC|TermMax USDC Vault,TermMax,Base,$1.26m,1260000,4.53,4.53,,,,2.28,,,,,,,
2026-05-19,111,GTUSDCP,Morpho Blue,Arbitrum,$2.38m,2380000,4.51,4.51,,,,3.99,,,2299302.8681803886,,62686397.25,0,"{""WETH"":2.98,""WBTC"":95.58,""sUSDS"":1.44}"
2026-05-19,112,GTUSDCP,Morpho Blue,Op Mainnet,$5.63m,5630000,4.41,2.6,1.81,,,4.99,,,2299302.8681803886,,62686397.25,0,"{""WETH"":2.98,""WBTC"":95.58,""sUSDS"":1.44}"
2026-05-19,113,FEUSDH2,Morpho Blue,Hyperliquid L1,$2.63m,2630000,4.29,4.29,,,,6.97,,,2518169.936370134,,37473209.56,6.3,"{""WHYPE"":44.59,""wstHYPE"":12.89,""kHYPE"":42.52}"
2026-05-19,114,HFUSDC,Morpho Blue,Base,"$882,907",882907,4.26,4.26,,,,2.06,,,882871.8265426564,,11113252.35,7.36,"{""Unknown"":6.12,""cbBTC"":56.24,""WETH"":37.64}"
2026-05-19,115,USDC|2027-01-14,Exactly,Op Mainnet,$1.57m,1570000,4.15,4.15,,,,4.06,,,1350000,7092,1350000,,
2026-05-19,116,HYPERUSDCA,Morpho Blue,Arbitrum,"$723,576",723576,4.15,4.15,,,,4.49,,,689703.647302875,,199284406.6,0,"{""PT-sUSDai-18JUN2026"":13.38,""WBTC"":7.84,""WETH"":1.91,""sUSDai"":0.44,""PT-USDai-18JUN2026"":27.43,""wstETH"":46.39,""thBILL"":0,""Unknown"":2.63}"
2026-05-19,117,USDC|2026-07-02,Exactly,Op Mainnet,$1.57m,1570000,4.13,4.13,,,,4.01,,,1390000,57929,1330000,,
2026-05-19,118,SPARKUSDC,Morpho Blue,Base,$9.01m,9010000,4.09,4.09,,,,4.04,,,0,,,,
2026-05-19,119,GTUSDCC,Morpho Blue,Base,$1.99m,1990000,4.09,4.09,,,,4.05,,,1691551.4087093242,,6306688.61,0,"{""kHYPE"":22.01,""UBTC"":49.95,""WHYPE"":28.04}"
2026-05-19,120,USDC|2026-12-17,Exactly,Op Mainnet,$1.57m,1570000,4.04,4.04,,,,3.93,,,1350000,5456,1350000,,
2026-05-19,121,USDC|2026-06-04,Exactly,Op Mainnet,$1.57m,1570000,4,4,,,,4.03,,,1410000,71017,1340000,,
2026-05-19,122,USDC|2026-09-24,Exactly,Op Mainnet,$1.57m,1570000,3.96,3.96,,,,3.84,,,1370000,16921,1350000,,
2026-05-19,123,USDC|2026-10-22,Exactly,Op Mainnet,$1.57m,1570000,3.96,3.96,,,,3.82,,,1380000,26059,1350000,,
2026-05-19,124,USDC|2026-11-19,Exactly,Op Mainnet,$1.57m,1570000,3.94,3.94,,,,3.82,,,1360000,8179,1350000,,
2026-05-19,125,USDC|2026-07-30,Exactly,Op Mainnet,$1.57m,1570000,3.94,3.94,,,,3.42,,,1380000,36088,1350000,,
2026-05-19,126,USDC|2026-08-27,Exactly,Op Mainnet,$1.57m,1570000,3.93,3.93,,,,3.79,,,1370000,23011,1350000,,
2026-05-19,127,USDC,Gains Network,Base,$2.19m,2190000,3.72,3.72,,,,2.21,,,,,,,
2026-05-19,128,GTUSDCC,Morpho Blue,Arbitrum,$3.64m,3640000,3.68,3.68,,,,3.67,,,1691551.4087093242,,6306688.61,0,"{""kHYPE"":22.01,""UBTC"":49.95,""WHYPE"":28.04}"
2026-05-19,129,SUSDAI-USDC,Curve DEX,Arbitrum,$1.84m,1840000,3.66,3.66,,,,4.4,,,,,,,
2026-05-19,130,SUSDS,Sky Lending,Arbitrum,$358.56m,358560000,3.65,3.65,,,,3.66,,,,,,,
2026-05-19,131,USDS,Kamino Lend,Solana,$1.04m,1040000,3.62,3.62,,,,2.95,,,8660000,7620000,1040000,,
2026-05-19,132,USDC-USDT|0.01%,Uniswap V3,Arbitrum,$2.61m,2610000,3.59,3.59,,2.88,,3.32,,,,,,,
2026-05-19,133,USDY|US Dollar Yield,Ondo Yield Assets,Solana,$180.69m,180690000,3.55,3.55,,3.55,,3.55,,,,,,,
2026-05-19,134,USDY|US Dollar Yield,Ondo Yield Assets,Arbitrum,$5.59m,5590000,3.55,3.55,,3.55,,3.55,,,,,,,
2026-05-19,135,USX,Loopscale,Solana,"$664,060",664060,3.48,3.48,,,,4.08,,,,,,,
2026-05-19,136,CUSDO,OpenEden USDO,Solana,$5.69m,5690000,3.25,3.25,,3.25,,3.23,,,,,,,
2026-05-19,137,USDY,Toros,Base,"$879,462",879462,3.23,3.23,,,,4.24,,,,,,,
2026-05-19,138,WYLDS,Hastra,Solana,$1.82m,1820000,3.2,3.2,,,,3.27,,,,,,,
2026-05-19,139,EARNAUSD,Neverland,Monad,$2.96m,2960000,3.07,0,3.07,,,3.08,,,2960000,,2960000,,
2026-05-19,140,USDC,Aave V3,Arbitrum,$22.27m,22270000,2.99,2.99,,,,4.63,,,164870000,142600000,22270000,,
2026-05-19,141,SYRUPUSDC-USDC|CL1 - 0.035%,Aerodrome Slipstream,Base,"$561,184",561184,2.99,2.99,2.99,,,9.28,,,,,,,
2026-05-19,142,USDT|Main Pool,Save,Solana,"$732,049",732049,2.97,2.97,,,,3.04,,,3770000,3040000,732049,,
2026-05-19,143,PYUSD,Kamino Lend,Solana,$10.23m,10230000,2.96,2.96,,,,3.82,,,74980000,64750000,10230000,,
2026-05-19,144,USDAI|For LP | Maturity 15OCT2026,Pendle,Arbitrum,"$781,520",781520,2.88,1.12,1.75,,,2.21,,,,,,,
2026-05-19,145,USDC,Aave V3,Base,$37.31m,37310000,2.86,2.86,,,,3.47,,,184510000,147200000,37310000,,
2026-05-19,146,WAARBUSDCN-WAARBUSDT-WAARBGHO|Aura,Beefy,Arbitrum,$1.42m,1420000,2.86,2.86,,,,4.9,,,,,,,
2026-05-19,147,USDC,Aave V3,Op Mainnet,$2.14m,2140000,2.84,2.84,,,,2.3,,,13560000,11420000,2140000,,
2026-05-19,148,GTUSDC,Morpho Blue,Katana,$5.63m,5630000,2.8,1.5,1.31,,,4.1,,,,,,,
2026-05-19,149,USDT,Aave V3,Op Mainnet,"$852,396",852396,2.73,2.73,,,,2.78,,,4920000,4070000.0000000005,852396,,
2026-05-19,150,USDT,Compound V3,Op Mainnet,"$899,191",899191,2.69,2.69,,,,2.44,,,3550000,2650000,899191,,
2026-05-19,151,USDC,Revert Lend,Base,$2.98m,2981666,6.959999999999999,6.959999999999999,0,10.39,,8.37,,,2981666,,,,
2026-05-20,1,SUSDU,Unitas,Solana,$9.28m,9280000,32.19,32.19,,,,12.79,,,,,,,
2026-05-20,2,LIMUSD|For LP | Maturity 26NOV2026,Pendle,Hyperliquid L1,"$810,400",810400,20.96,15.73,5.23,,,18.79,,,,,,,
2026-05-20,3,GTUSDT,Morpho Blue,Katana,$3.23m,3230000,18.77,5.74,13.03,,,3.49,,,9.989758696762151e-7,,39959.03,0,"{""WHYPE"":100}"
2026-05-20,4,USDC,Sprinter,Base,$2.96m,2960000,16.66,16.66,,,,13.18,,,,,,,
2026-05-20,5,USDC,Metrom,Base,$1.25m,1250000,16.49,16.49,,,,16.77,,,,,,,
2026-05-20,6,AUSD-USDC-USDT0,Curve DEX,Monad,$2.88m,2880000,16.1,0,16.1,,,14.22,,,,,,,
2026-05-20,7,USDC-USDM,Mento V3,Monad,"$570,063",570063,13.54,0.23,13.3,,,14.58,,,,,,,
2026-05-20,8,WNUSDT0-WNAUSD-WNUSDC|Balancer,Beefy,Monad,$4.26m,4260000,12.81,12.81,,,,13.27,,,,,,,
2026-05-20,9,USDC|yoUSD,YO Protocol,Base,$15.98m,15980000,12.31,4.51,7.8,,,13.39,,,,,,,
2026-05-20,10,USDC|yoUSD,YO Protocol,Arbitrum,"$548,625",548625,12.31,4.51,7.8,,,13.4,,,,,,,
2026-05-20,11,USDC|40 Acres,Harvest Finance,Base,$1.97m,1970000,12.25,12.25,,,,8.75,,,,,,,
2026-05-20,12,USDC,Metrom,Katana,$15.9m,15900000,12.03,2.77,9.26,,,12.28,,,,,,,
2026-05-20,13,USDC|vault,Avantis,Base,$45.28m,45280000,11.97,11.97,,,,10.1,,,,,,,
2026-05-20,14,USDC-MSUSD|stable - 0.05%,Velodrome V2,Op Mainnet,"$857,407",857407,11.95,11.95,11.95,,,14.39,,,,,,,
2026-05-20,15,APXUSD|For buying PT-apxUSD-18JUN2026,Pendle,Base,$3.78m,3780000,11.64,11.64,,,,14.76,,,,,,,
2026-05-20,16,USDC-USDT|CL1 - 0.0009%,Aerodrome Slipstream,Base,$1.18m,1180000,11.58,9.62,1.95,10.51,,14.51,,,,,,,
2026-05-20,17,MIM-USDC|Mim,Beefy,Arbitrum,$1.24m,1240000,11.39,11.39,,,,16.18,,,,,,,
2026-05-20,18,MSUSD-FRXUSD,Aerodrome V1,Base,"$788,918",788918,11.33,11.33,11.33,,,15.49,,,,,,,
2026-05-20,19,AUSD|EVK Vault eAUSD-16,Euler V2,Monad,"$867,924",867924,11.26,7.93,3.33,,,9.14,,,9470000,8600000,867925,,
2026-05-20,20,ALPHAUSDTPRIME,Morpho Blue,Hyperliquid L1,$4.05m,4050000,10.61,8.11,2.5,,,17.71,,,,,,,
2026-05-20,21,MIM-USDT0|Mim,Beefy,Arbitrum,$1.12m,1120000,10.41,10.41,,,,11.13,,,,,,,
2026-05-20,22,USDC,Harmonix Finance,Hyperliquid L1,$10.74m,10740000,10.12,10.12,,,,10.51,,,,,,,
2026-05-20,23,USDT,Metrom,Katana,$4.14m,4139999.9999999995,9.99,2.73,7.26,,,10.18,,,,,,,
2026-05-20,24,ALUSD-USDC|Curve,Stake DAO,Arbitrum,"$751,204",751204,9.81,0.06,9.75,,,9.93,,,,,,,
2026-05-20,25,ALUSD-USDC,Curve DEX,Arbitrum,"$756,606",756606,9.81,0.11,9.7,,,10.02,,,,,,,
2026-05-20,26,SUSDAI|For buying PT-sUSDai-15OCT2026,Pendle,Arbitrum,$13.15m,13150000,9.69,9.69,,,,9.22,,,,,,,
2026-05-20,27,SUPERUSDC|SuperVault,Superform,Base,$3.82m,3820000,9.58,4.26,5.32,,,12.54,,,,,,,
2026-05-20,28,SUSDAI|For buying PT-sUSDai-18JUN2026,Pendle,Arbitrum,$9.74m,9740000,9.46,9.46,,,,9.17,,,,,,,
2026-05-20,29,ZVUSDC,Zircuit Finance,Base,$1.5m,1500000,9.44,9.44,,,,8.56,,,,,,,
2026-05-20,30,FEUSDC2,Morpho Blue,Hyperliquid L1,$27.09m,27090000,9.29,9.29,,,,7.45,,,27302049.44064942,,32684182.15,45.51,"{""kHYPE"":9.85,""WHYPE"":89.28,""wstHYPE"":0.86}"
2026-05-20,31,USDC,YieldSeeker,Base,$1.26m,1260000,9.12,9.12,,,,9.04,,,,,,,
2026-05-20,32,FEUSD|WHYPE Stability Pool,Felix CDP,Hyperliquid L1,$8.33m,8330000,9.05,9.05,,,,9.26,,,,,,,
2026-05-20,33,USDT,ZEROBASE CeDeFi,Arbitrum,$7.92m,7920000,9,7,2,,,9,,,,,,,
2026-05-20,34,USDC,ZEROBASE CeDeFi,Arbitrum,"$782,992",782992,9,7,2,,,9,,,,,,,
2026-05-20,35,USDC,Neverland,Monad,$13.36m,13360000,8.66,3.93,4.73,,,8.48,,,59440000,46080000,13360000,,
2026-05-20,36,CSUSDC,Morpho Blue,Base,$2.92m,2920000,8.64,8.64,,,,5.11,,,1.0059011194095477,,75982559.01,0,"{""wstETH"":64.88,""weETH"":35.12}"
2026-05-20,37,AUSD,Neverland,Monad,$10.34m,10340000,8.58,3.89,4.68,,,9.18,,,45020000,34680000,10340000,,
2026-05-20,38,USDAI|For buying PT-USDai-15OCT2026,Pendle,Arbitrum,"$781,458",781458,8.41,8.41,,,,7.22,,,,,,,
2026-05-20,39,AUSD,Metrom,Katana,$1.73m,1730000,8.35,3.9,4.45,,,13.31,,,,,,,
2026-05-20,40,USDC,DeltaPrime,Arbitrum,"$649,967",649967,8.34,8.34,,,,7.54,,,,,,,
2026-05-20,41,USDC|baseUSD,AUTOfinance,Base,$7m,7000000,8.32,5.04,3.28,,,8.81,,,,,,,
2026-05-20,42,FEUSDH2,Morpho Blue,Hyperliquid L1,$1.81m,1810000,8.23,8.23,,,,6.89,,,1814275.6296008276,,38173603.39,4.54,"{""WHYPE"":39.17,""wstHYPE"":15.69,""kHYPE"":45.14}"
2026-05-20,43,USDC,Loopscale,Solana,$1.68m,1680000,8.23,7.17,1.06,,,8.28,,,,,,,
2026-05-20,44,SUSDAI|For LP | Maturity 15OCT2026,Pendle,Arbitrum,$13.15m,13150000,8.14,7.5,0.64,,,8.17,,,,,,,
2026-05-20,45,LIMUSD|For buying PT-limUSD-26NOV2026,Pendle,Hyperliquid L1,"$810,400",810400,8.08,8.08,,,,8.73,,,,,,,
2026-05-20,46,FEUSD|kHYPE Stability Pool,Felix CDP,Hyperliquid L1,$1.25m,1250000,8.04,8.04,,,,7.39,,,,,,,
2026-05-20,47,AUSD|vUSD/AUSD,Curvance,Monad,$1.01m,1010000,7.95,5.25,2.7,,,7.7,,,7580000,6570000,1010000,,
2026-05-20,48,SUSDAI|For LP | Maturity 18JUN2026,Pendle,Arbitrum,$9.74m,9740000,7.95,7.52,0.43,,,8.28,,,,,,,
2026-05-20,49,BBQUSD1,Morpho Blue,Monad,$3.99m,3990000,7.54,1.48,6.05,,,8.07,,,690.0931538762107,,49994977.74,0,"{""wsrUSD"":100}"
2026-05-20,50,AUSD|earnAUSD/AUSD,Curvance,Monad,$2.07m,2069999.9999999998,7.4,4.9,2.5,,,8.25,,,7890000,5830000,2069999.9999999998,,
2026-05-20,51,SYZUSD,Yuzu Money,Monad,$11.94m,11940000,7.34,7.34,,,,7.54,,,,,,,
2026-05-20,52,EDGEUSDC,Morpho Blue,Base,"$684,131",684131,7.33,4.12,3.21,,,7.09,,,101919.85120904751,,29891195.95,0.34,"{""sUSDS"":1.18,""WBTC"":90.45,""wstETH"":8.37}"
2026-05-20,53,VBUSDT,Yearn Finance,Katana,$4.85m,4850000,7.29,2.74,4.55,,,4.16,,,,,,,
2026-05-20,54,HYPERUSDCA,Morpho Blue,Monad,$17.39m,17390000,7.26,5.32,1.94,,,7.62,,,779843.4224617392,,199174263.09,0,"{""PT-sUSDai-18JUN2026"":11.9,""sUSDS"":0.02,""weETH"":13.08,""syrupUSDC"":0.38,""WBTC"":18.46,""WETH"":0.38,""sUSDai"":0.77,""PT-USDai-18JUN2026"":35.77,""wstETH"":19.23,""Unknown"":0}"
2026-05-20,55,FEUSDT02,Morpho Blue,Hyperliquid L1,$1.87m,1870000,7.23,7.23,,,,7.58,,,1872368.41225509,,55069859.68,3.29,"{""UETH"":9.1,""WHLP"":0.52,""WHYPE"":2.79,""UBTC"":7.13,""thBILL"":58.07,""kHYPE"":17.36,""hwHLP"":3.46,""hbUSDT"":1.54,""PT-hbUSDT-18DEC2025"":0.03}"
2026-05-20,56,USDC,Gains Network,Arbitrum,$5.15m,5150000,7.12,7.12,,,,6.65,,,,,,,
2026-05-20,57,SUSDAI|30d unlock,USD AI,Arbitrum,$296.88m,296880000,7.09,7.09,,,,7.24,,,,,,,
2026-05-20,58,AUSD|syzUSD/AUSD,Curvance,Monad,"$621,737",621737,7.05,4.55,2.5,,,7.1,,,2810000,2190000,621738,,
2026-05-20,59,USDAI|For buying PT-USDai-18JUN2026,Pendle,Arbitrum,$35.64m,35640000,6.92,6.92,,,,6.57,,,,,,,
2026-05-20,60,FEUSDE,Morpho Blue,Hyperliquid L1,"$872,874",872874,6.9,6.9,,,,8.84,,,872983.7586530158,,16115612.03,5.14,"{""UBTC"":31.5,""WHYPE"":68.5}"
2026-05-20,61,GHO,Fluid Lending,Arbitrum,$3.11m,3110000,6.9,3.55,3.35,,,6.05,,,,,,,
2026-05-20,62,AUGUSTUSDCV2,Morpho Blue,Monad,$12.94m,12940000,6.89,4.59,2.31,,,8.86,,,,,,,
2026-05-20,63,USDC|arbUSD,AUTOfinance,Arbitrum,"$877,661",877661,6.89,4.27,2.62,,,9.07,,,,,,,
2026-05-20,64,USDAI|For LP | Maturity 15OCT2026,Pendle,Arbitrum,"$781,458",781458,6.66,5.01,1.65,,,2.32,,,,,,,
2026-05-20,65,WABASGHO-WABASUSDC|Aura,Beefy,Base,"$969,362",969362,6.4,6.4,,,,6.35,,,,,,,
2026-05-20,66,USDT0,Neverland,Monad,$8.34m,8340000,6.38,2.17,4.21,,,8.35,,,16700000,8359999.999999999,8340000,,
2026-05-20,67,DTUSDC,Lagoon,Base,"$682,236",682236,6.24,6.24,,,,6.22,,,,,,,
2026-05-20,68,USDC,Harmonix Finance,Arbitrum,"$706,722",706722,6.2,6.2,,,,5.85,,,,,,,
2026-05-20,69,USDC,Extra Finance Leverage Farming,Base,$3.75m,3750000,6.15,6.15,,,,6.04,,,,,,,
2026-05-20,70,VBUSDC,Yearn Finance,Katana,$7.5m,7500000,6.08,4.92,1.16,,,4.48,,,,,,,
2026-05-20,71,USDC,Compound V3,Base,"$884,658",884658,5.92,5.92,,,,4.76,,,9660000,8770000,884658,,
2026-05-20,72,USDC-ALUSD|stable - 0.05%,Velodrome V2,Op Mainnet,$1.59m,1590000,5.81,5.81,5.81,,,5.34,,,,,,,
2026-05-20,73,USDC,Fluid Lending,Arbitrum,$47.57m,47570000,5.77,5.77,,,,6,,,,,,,
2026-05-20,74,BBQAUSD,Morpho Blue,Monad,"$901,513",901513,5.76,3.06,2.7,,,6.86,,,901560.9457261639,,229010119.29,0,"{""WBTC"":32.55,""wstETH"":36.22,""WETH"":8.09,""wsrUSD"":22.06,""WMON"":0.53,""XAUt0"":0.56,""SOL"":0}"
2026-05-20,75,MWUSDC,Morpho Blue,Base,$10.26m,10260000,5.69,4.81,0.88,,,5.04,,,22597.396261102684,,,,"{""Unknown"":100}"
2026-05-20,76,MSUSD-USDC,Extra Finance Leverage Farming,Base,$1.09m,1090000,5.63,5.63,,,,9.17,,,,,,,
2026-05-20,77,EARNAUSD,Upshift,Monad,$32.83m,32830000,5.57,3.79,1.78,,,6.35,,,,,,,
2026-05-20,78,BBQUSDC,Morpho Blue,Base,$25.27m,25270000,5.51,5.51,,,,5.67,,,2456316.18641226,,507426652.35,0,"{""wstETH"":6.74,""weETH"":89.88,""WETH"":0.15,""siUSD"":0,""wsrUSD"":0,""WBTC"":2.6,""PT-USDai-18JUN2026"":0.62,""sUSDS"":0.01}"
2026-05-20,79,GTUSDCP,Morpho Blue,Op Mainnet,$5.28m,5280000,5.51,3.51,1.99,,,5.04,,,1767206.216753296,,63217878.01,0,"{""WBTC"":97.35,""WETH"":2.65,""sUSDS"":0}"
2026-05-20,80,MSUSD-USDC,Aerodrome V1,Base,$8.13m,8130000.000000001,5.49,5.49,5.49,,,8.64,,,,,,,
2026-05-20,81,FEUSDC,Morpho Blue,Hyperliquid L1,$15.73m,15730000,5.46,5.46,,,,6.36,,,15680446.995352596,,78297982.5,16.69,"{""kHYPE"":97.36,""UBTC"":0.01,""WHYPE"":2.57,""PT-kHYPE-19MAR2026"":0.05}"
2026-05-20,82,FEUSDT0,Morpho Blue,Hyperliquid L1,$9.93m,9930000,5.44,5.44,,,,7.76,,,9530299.24690113,,97659811.57,8.89,"{""UBTC"":8.44,""beHYPE"":0.19,""PT-kHYPE-19MAR2026"":5.61,""kHYPE"":53.39,""WHYPE"":31.76,""wstHYPE"":0.61}"
2026-05-20,83,USDC,Kamino Lend,Solana,$6.97m,6970000,5.33,5.33,,,,5.34,,,148880000,141900000,6970000,,
2026-05-20,84,USDT,ZEROBASE CeDeFi,Op Mainnet,$8.09m,8090000,5.3,3.3,2,,,5.3,,,,,,,
2026-05-20,85,USDC,Moonwell Lending,Base,$1.63m,1630000,5.26,4.09,1.17,,,4.94,,,15090000,13460000,1630000,,
2026-05-20,86,GTUSDCC,Morpho Blue,Hyperliquid L1,$1.77m,1770000,5.25,5.25,,,,5.8,,,1763431.3419496985,,6234732.87,0,"{""kHYPE"":23.65,""UBTC"":43.76,""WHYPE"":32.58}"
2026-05-20,87,USDC,HyperLend Pooled,Hyperliquid L1,$12.63m,12630000,5.23,5.23,,,,5.31,,,76440000,63820000,12630000,,
2026-05-20,88,GTUSDCF,Morpho Blue,Base,"$976,369",976369,5.23,5.23,,,,5.12,,,351360.7904947505,,112222800.5,0,"{""wstETH"":0.09,""cbADA"":55.42,""SOL"":44.49}"
2026-05-20,89,YCSUSDC,Morpho Blue,Base,"$550,179",550179,5.19,5.19,,,,5.32,,,550106.3424014947,,107425241.88,0,"{""mBASIS"":1.33,""rETH"":0.58,""cbADA"":26.81,""wstETH"":0.46,""cbDOGE"":33.26,""cbLTC"":11.33,""cbXRP"":13.76,""superOETHb"":0.51,""cbETH"":2.54,""cbBTC"":9.4}"
2026-05-20,90,MSUSD-USDC|Aerodrome,Beefy,Base,"$671,429",671429,5.11,5.11,,,,8.12,,,,,,,
2026-05-20,91,USDG,Kamino Lend,Solana,$3.36m,3360000,5.11,5.11,,,,6.17,,,36540000,33180000,3360000,,
2026-05-20,92,BBQUSDT0,Morpho Blue,Monad,$1.8m,1800000,5.01,2.31,2.7,,,6.78,,,129148.91664138898,,659194925.07,0,"{""XAUt0"":0.69,""syrupUSDC"":0,""sUSDS"":97.95,""siUSD"":1.33,""sUSDe"":0.03}"
2026-05-20,93,USDC,Fluid Lending,Base,$13.63m,13630000,4.98,4.98,,,,6.12,,,,,,,
2026-05-20,94,USDC|Harvest USDC vault Base,Fusion by IPOR,Base,"$914,715",914715,4.77,4.77,,,,4.97,,,,,,,
2026-05-20,95,STEAKUSDCFARCASTER,Morpho Blue,Base,"$504,830",504830,4.77,4.77,,,,4.31,,,,,,,
2026-05-20,96,GTUSDCP,Morpho Blue,Base,$79.73m,79730000,4.77,4.77,,,,4.31,,,1767206.216753296,,63217878.01,0,"{""WBTC"":97.35,""WETH"":2.65,""sUSDS"":0}"
2026-05-20,97,STEAKUSDC,Morpho Blue,Base,$129.4m,129400000,4.77,4.77,,,,4.31,,,140707.81290133472,,64844376.41,0,"{""wstETH"":46.8,""WETH"":44.28,""WBTC"":8.91}"
2026-05-20,98,USDC,MortgageFi,Base,"$751,084",751084,4.76,4.76,,,,6.27,,,,,,,
2026-05-20,99,GHO,Fluid Lending,Base,"$833,808",833808,4.72,4.72,,,,4.44,,,,,,,
2026-05-20,100,USDC|Autopilot,Harvest Finance,Base,"$914,667",914667,4.68,4.68,,,,5.34,,,,,,,
2026-05-20,101,FRUSDC,Morpho Blue,Base,$23.81m,23810000,4.64,4.64,,,,4.26,,,23811797.05465605,,0,0,"{""cbBTC"":100}"
2026-05-20,102,PUSDC,Morpho Blue,Base,$37.18m,37180000,4.63,4.63,,,,4.3,,,38329228.01044559,,1011429824.86,3.65,"{""cbBTC"":100}"
2026-05-20,103,APXUSD|For LP | Maturity 18JUN2026,Pendle,Base,$3.78m,3780000,4.55,3.96,0.6,,,8.63,,,,,,,
2026-05-20,104,USDC|Morpho,Beefy,Base,$1.88m,1880000,4.41,4.41,,,,5.12,,,,,,,
2026-05-20,105,SUSDAI-USDC,Curve DEX,Arbitrum,$1.84m,1840000,4.35,4.35,,,,4.37,,,,,,,
2026-05-20,106,HFUSDC,Morpho Blue,Base,"$883,021",883021,4.35,4.35,,,,2.17,,,883079.4429335502,,11114166.88,7.36,"{""Unknown"":6.12,""cbBTC"":56.24,""WETH"":37.64}"
2026-05-20,107,USDC,Gains Network,Base,$2.19m,2190000,4.28,4.28,,,,2.31,,,,,,,
2026-05-20,108,GTUSDCC,Morpho Blue,Base,$2.02m,2020000,4.16,4.16,,,,3.94,,,1763431.3419496985,,6234732.87,0,"{""kHYPE"":23.65,""UBTC"":43.76,""WHYPE"":32.58}"
2026-05-20,109,SPARKUSDC,Morpho Blue,Base,$9.02m,9020000,4.16,4.16,,,,3.93,,,0,,,,
2026-05-20,110,USDC|2027-01-14,Exactly,Op Mainnet,$1.61m,1610000,4.16,4.16,,,,4.07,,,1390000,7167,1380000,,
2026-05-20,111,USDC|2026-07-02,Exactly,Op Mainnet,$1.61m,1610000,4.13,4.13,,,,4.03,,,1430000,58188,1370000,,
2026-05-20,112,USDC|Dolomite Balance,Dolomite,Arbitrum,$1.77m,1770000,4.12,4.12,,,,5.34,,,5090000,3320000,1770000,,
2026-05-20,113,USDC|Clearstar Earn USDC,Euler V2,Monad,$2.38m,2380000,4.11,4.11,,,,8.32,,,,,,,
2026-05-20,114,GTUSDCC,Morpho Blue,Unichain,"$830,023",830023,4.09,4.09,,,,5.75,,,1763431.3419496985,,6234732.87,0,"{""kHYPE"":23.65,""UBTC"":43.76,""WHYPE"":32.58}"
2026-05-20,115,USDC|TermMax USDC Vault,TermMax,Base,$1.26m,1260000,4.07,4.07,,,,2.17,,,,,,,
2026-05-20,116,USDC|2026-12-17,Exactly,Op Mainnet,$1.61m,1610000,4.04,4.04,,,,3.94,,,1390000,5497,1380000,,
2026-05-20,117,USDC|2026-06-04,Exactly,Op Mainnet,$1.61m,1610000,3.99,3.99,,,,4.04,,,1450000,70432,1380000,,
2026-05-20,118,USDC|2026-09-24,Exactly,Op Mainnet,$1.61m,1610000,3.97,3.97,,,,3.86,,,1400000,17052,1380000,,
2026-05-20,119,USDC|2026-10-22,Exactly,Op Mainnet,$1.61m,1610000,3.96,3.96,,,,3.83,,,1410000,26115,1380000,,
2026-05-20,120,USDC|2026-11-19,Exactly,Op Mainnet,$1.61m,1610000,3.94,3.94,,,,3.83,,,1390000,8155,1390000,,
2026-05-20,121,USDC|2026-07-30,Exactly,Op Mainnet,$1.61m,1610000,3.94,3.94,,,,3.43,,,1420000,36288,1380000,,
2026-05-20,122,USDC|2026-08-27,Exactly,Op Mainnet,$1.61m,1610000,3.93,3.93,,,,3.8,,,1410000,23147,1380000,,
2026-05-20,123,HYPERUSDCA,Morpho Blue,Arbitrum,"$779,791",779791,3.85,3.85,,,,4.53,,,779843.4224617392,,199174263.09,0,"{""PT-sUSDai-18JUN2026"":11.9,""sUSDS"":0.02,""weETH"":13.08,""syrupUSDC"":0.38,""WBTC"":18.46,""WETH"":0.38,""sUSDai"":0.77,""PT-USDai-18JUN2026"":35.77,""wstETH"":19.23,""Unknown"":0}"
2026-05-20,124,SUSDS,Sky Lending,Arbitrum,$358.62m,358620000,3.65,3.65,,,,3.66,,,,,,,
2026-05-20,125,USDY,Toros,Base,"$879,645",879645,3.62,3.62,,,,4.26,,,,,,,
2026-05-20,126,USDY|US Dollar Yield,Ondo Yield Assets,Solana,$180.71m,180710000,3.55,3.55,,3.55,,3.55,,,,,,,
2026-05-20,127,USDY|US Dollar Yield,Ondo Yield Assets,Arbitrum,$5.59m,5590000,3.55,3.55,,3.55,,3.55,,,,,,,
2026-05-20,128,USDC-USDT|0.01%,Uniswap V3,Arbitrum,$2.61m,2610000,3.52,3.52,,3.14,,3.35,,,,,,,
2026-05-20,129,USX,Loopscale,Solana,"$651,935",651935,3.52,3.52,,,,4.04,,,,,,,
2026-05-20,130,BBQUSDC,Morpho Blue,Arbitrum,$2.46m,2460000,3.45,3.45,,,,4.44,,,2456316.18641226,,507426652.35,0,"{""wstETH"":6.74,""weETH"":89.88,""WETH"":0.15,""siUSD"":0,""wsrUSD"":0,""WBTC"":2.6,""PT-USDai-18JUN2026"":0.62,""sUSDS"":0.01}"
2026-05-20,131,USDS,Kamino Lend,Solana,$1.36m,1360000,3.32,3.32,,,,3.03,,,8620000,7270000,1360000,,
2026-05-20,132,GTUSDCP,Morpho Blue,Arbitrum,$1.77m,1770000,3.31,3.31,,,,4.02,,,1767206.216753296,,63217878.01,0,"{""WBTC"":97.35,""WETH"":2.65,""sUSDS"":0}"
2026-05-20,133,GTUSDCC,Morpho Blue,Arbitrum,$3.43m,3430000,3.28,3.28,,,,3.71,,,1763431.3419496985,,6234732.87,0,"{""kHYPE"":23.65,""UBTC"":43.76,""WHYPE"":32.58}"
2026-05-20,134,PYUSD,Kamino Lend,Solana,$10.12m,10120000,3.26,3.26,,,,3.66,,,75470000,65349999.99999999,10120000,,
2026-05-20,135,WYLDS,Hastra,Solana,$1.84m,1840000,3.18,3.18,,,,3.27,,,,,,,
2026-05-20,136,CUSDO,OpenEden USDO,Solana,$5.7m,5700000,3.1,3.1,,3.23,,3.23,,,,,,,
2026-05-20,137,USDT|Main Pool,Save,Solana,"$645,033",645033,3.09,3.09,,,,3.03,,,3680000,3040000,645033,,
2026-05-20,138,GTUSDC,Morpho Blue,Katana,$5.66m,5660000,3.05,1.64,1.42,,,4.08,,,,,,,
2026-05-20,139,USDC,Aave V3,Arbitrum,$21.72m,21720000,3.01,3.01,,,,4.65,,,164260000,142540000,21720000,,
2026-05-20,140,STEAKUSDC,Morpho Blue,Katana,$32.86m,32860000,2.94,1.52,1.42,,,2.62,,,140707.81290133472,,64844376.41,0,"{""wstETH"":46.8,""WETH"":44.28,""WBTC"":8.91}"
2026-05-20,141,USDC,Aave V3,Base,$36.01m,36010000,2.9,2.9,,,,3.37,,,183210000,147200000,36010000,,
2026-05-20,142,SYRUPUSDC-USDC|CL1 - 0.035%,Aerodrome Slipstream,Base,"$560,640",560640,2.88,2.88,2.88,,,9.33,,,,,,,
2026-05-20,143,USDC,Aave V3,Op Mainnet,$2.1m,2100000,2.86,2.86,,,,2.34,,,13550000,11450000,2100000,,
2026-05-20,144,WAARBUSDCN-WAARBUSDT-WAARBGHO|Aura,Beefy,Arbitrum,$1.42m,1420000,2.83,2.83,,,,4.73,,,,,,,
2026-05-20,145,USDT,Aave V3,Op Mainnet,"$874,825",874825,2.71,2.71,,,,2.81,,,4960000,4090000,874825,,
2026-05-20,146,USDT,Compound V3,Op Mainnet,"$895,594",895594,2.69,2.69,,,,2.47,,,3550000,2650000,895594,,
2026-05-20,147,EARNAUSD,Neverland,Monad,$3.35m,3350000,2.62,0,2.62,,,3.07,,,3350000,,3350000,,
2026-05-20,148,BBQUSDT0,Morpho Blue,Arbitrum,$15.75m,15750000,2.62,2.62,,,,2.98,,,129148.91664138898,,659194925.07,0,"{""XAUt0"":0.69,""syrupUSDC"":0,""sUSDS"":97.95,""siUSD"":1.33,""sUSDe"":0.03}"
2026-05-20,149,FEUSD|feUBTC Stability Pool,Felix CDP,Hyperliquid L1,$2.2m,2200000,2.61,2.61,,,,2.63,,,,,,,
2026-05-20,150,USDC,Compound V3,Arbitrum,$5.18m,5180000,2.57,2.57,,,,2.54,,,18160000,12990000,5180000,,
2026-05-20,151,USDC,Revert Lend,Base,$3.08m,3081022,7.19,7.19,0,10.2,,8.36,,,3081022,,,,
2026-05-21,1,SUSDU,Unitas,Solana,$9.28m,9280000,32.16,32.16,,,,13.49,,,,,,,
2026-05-21,2,LIMUSD|For LP | Maturity 26NOV2026,Pendle,Hyperliquid L1,$1.61m,1610000,23.98,14.04,9.94,,,20.81,,,,,,,
2026-05-21,3,GTUSDT,Morpho Blue,Katana,$3.63m,3630000,17.12,5.35,11.77,,,3.98,,,9.990758603843437e-7,,39963.03,0,"{""WHYPE"":100}"
2026-05-21,4,USDC,Sprinter,Base,$2.96m,2960000,16.66,16.66,,,,13.35,,,,,,,
2026-05-21,5,USDC,Metrom,Base,$1.25m,1250000,16.49,16.49,,,,16.77,,,,,,,
2026-05-21,6,AUSD-USDC-USDT0,Curve DEX,Monad,$2.79m,2790000,16,0,16,,,14.73,,,,,,,
2026-05-21,7,ALPHAUSDTPRIME,Morpho Blue,Hyperliquid L1,$4.04m,4040000,14.4,11.9,2.5,,,17.45,,,,,,,
2026-05-21,8,USDC-MSUSD|stable - 0.05%,Velodrome V2,Op Mainnet,$1.03m,1030000,13.56,13.56,13.56,,,13.11,,,,,,,
2026-05-21,9,USDC-USDM,Mento V3,Monad,"$570,049",570049,13.56,0.25,13.3,,,14.54,,,,,,,
2026-05-21,10,WNUSDT0-WNAUSD-WNUSDC|Balancer,Beefy,Monad,$4.14m,4139999.9999999995,13.05,13.05,,,,13.23,,,,,,,
2026-05-21,11,ZVUSDC,Zircuit Finance,Base,$1.5m,1500000,12.7,12.7,,,,8.61,,,,,,,
2026-05-21,12,USDC|yoUSD,YO Protocol,Base,$15.93m,15930000,12.04,4.24,7.8,,,13.22,,,,,,,
2026-05-21,13,USDC|yoUSD,YO Protocol,Arbitrum,"$548,576",548576,12.04,4.24,7.8,,,13.23,,,,,,,
2026-05-21,14,USDC,Metrom,Katana,$15.9m,15900000,12.03,2.77,9.26,,,12.28,,,,,,,
2026-05-21,15,USDC|vault,Avantis,Base,$45.24m,45240000,11.95,11.95,,,,10.09,,,,,,,
2026-05-21,16,MSUSD-FRXUSD,Aerodrome V1,Base,"$785,126",785126,11.71,11.71,11.71,,,15.42,,,,,,,
2026-05-21,17,MIM-USDC|Mim,Beefy,Arbitrum,$1.22m,1220000,11.63,11.63,,,,16.3,,,,,,,
2026-05-21,18,FEUSDH2,Morpho Blue,Hyperliquid L1,$1.9m,1900000,11.49,11.49,,,,7,,,1895670.365836763,,38090851.53,4.74,"{""kHYPE"":45.33,""WHYPE"":45.5,""wstHYPE"":9.17}"
2026-05-21,19,AUSD|EVK Vault eAUSD-16,Euler V2,Monad,"$867,926",867926,11.25,7.93,3.32,,,9.29,,,9470000,8600000,867926,,
2026-05-21,20,APXUSD|For buying PT-apxUSD-18JUN2026,Pendle,Base,$3.77m,3770000,10.94,10.94,,,,14.7,,,,,,,
2026-05-21,21,MIM-USDT0|Mim,Beefy,Arbitrum,$1.1m,1100000,10.64,10.64,,,,11.13,,,,,,,
2026-05-21,22,USDC,Harmonix Finance,Hyperliquid L1,$12.53m,12530000,10.08,10.08,,,,10.45,,,,,,,
2026-05-21,23,FEUSDT02,Morpho Blue,Hyperliquid L1,$1.75m,1750000,9.99,9.99,,,,7.3,,,1747887.6329723462,,55200052.94,3.07,"{""UETH"":8.92,""WHYPE"":1.63,""UBTC"":7.19,""hwHLP"":3.79,""WHLP"":0.56,""hbUSDT"":1.7,""thBILL"":60.73,""kHYPE"":15.44,""PT-hbUSDT-18DEC2025"":0.03}"
2026-05-21,24,USDT,Metrom,Katana,$4.14m,4139999.9999999995,9.99,2.73,7.26,,,10.18,,,,,,,
2026-05-21,25,USDC-USDT|CL1 - 0.0009%,Aerodrome Slipstream,Base,$1.43m,1430000,9.96,7.31,2.65,8.44,,14.43,,,,,,,
2026-05-21,26,SUSDAI|For buying PT-sUSDai-15OCT2026,Pendle,Arbitrum,$12.78m,12780000,9.73,9.73,,,,9.28,,,,,,,
2026-05-21,27,SUSDAI|For buying PT-sUSDai-18JUN2026,Pendle,Arbitrum,$9.59m,9590000,9.45,9.45,,,,9.2,,,,,,,
2026-05-21,28,SUPERUSDC|SuperVault,Superform,Base,$3.13m,3130000,9.42,3.86,5.57,,,12.5,,,,,,,
2026-05-21,29,FEUSD|WHYPE Stability Pool,Felix CDP,Hyperliquid L1,$8.29m,8289999.999999999,9.07,9.07,,,,9.24,,,,,,,
2026-05-21,30,USDC,YieldSeeker,Base,$1.25m,1250000,9.01,9.01,,,,9.04,,,,,,,
2026-05-21,31,USDT,ZEROBASE CeDeFi,Arbitrum,$7.92m,7920000,9,7,2,,,9,,,,,,,
2026-05-21,32,USDC,ZEROBASE CeDeFi,Arbitrum,"$782,895",782895,9,7,2,,,9,,,,,,,
2026-05-21,33,USDC|40 Acres,Harvest Finance,Base,$1.92m,1920000,8.71,8.71,,,,8.88,,,,,,,
2026-05-21,34,FEUSDC2,Morpho Blue,Hyperliquid L1,$27.26m,27260000,8.69,8.69,,,,7.49,,,27401733.791952725,,32579237.59,45.68,"{""wstHYPE"":0.72,""WHYPE"":88.97,""kHYPE"":10.31}"
2026-05-21,35,AUSD,Neverland,Monad,$10.22m,10220000,8.56,3.91,4.64,,,9.14,,,44980000,34760000,10220000,,
2026-05-21,36,USDC,Neverland,Monad,$14.14m,14140000,8.49,3.85,4.64,,,8.49,,,60030000,45900000,14140000,,
2026-05-21,37,AUSD,Metrom,Katana,$1.73m,1730000,8.35,3.9,4.45,,,13.31,,,,,,,
2026-05-21,38,FEUSD|kHYPE Stability Pool,Felix CDP,Hyperliquid L1,$1.25m,1250000,8.28,8.28,,,,7.47,,,,,,,
2026-05-21,39,SUSDAI|For LP | Maturity 15OCT2026,Pendle,Arbitrum,$12.78m,12780000,8.26,7.5,0.76,,,8.19,,,,,,,
2026-05-21,40,MSUSD-USDC|CL50 - 0.05%,Aerodrome Slipstream,Base,$21.69m,21690000,8.09,4.12,3.97,2.54,,2.95,,,,,,,
2026-05-21,41,USDC,DeltaPrime,Arbitrum,"$658,488",658488,8.09,8.09,,,,7.6,,,,,,,
2026-05-21,42,BBQUSD1,Morpho Blue,Monad,$3.99m,3990000,8.03,1.79,6.24,,,7.91,,,690.0209259081137,,49987044.51,0,"{""wsrUSD"":100}"
2026-05-21,43,SUSDAI|For LP | Maturity 18JUN2026,Pendle,Arbitrum,$9.59m,9590000,8.03,7.5,0.53,,,8.27,,,,,,,
2026-05-21,44,CSUSDC,Morpho Blue,Base,$3.29m,3290000,8,8,,,,5.22,,,1.0058229084170496,,75975896.07,0,"{""wstETH"":64.88,""weETH"":35.12}"
2026-05-21,45,USDC|baseUSD,AUTOfinance,Base,$7.55m,7550000,7.97,4.93,3.04,,,8.79,,,,,,,
2026-05-21,46,LIMUSD|For buying PT-limUSD-26NOV2026,Pendle,Hyperliquid L1,$1.61m,1610000,7.9,7.9,,,,8.49,,,,,,,
2026-05-21,47,CSRUSDC,Morpho Blue,Base,"$583,652",583652,7.9,7.9,,,,4.87,,,,,,,
2026-05-21,48,USDAI|For buying PT-USDai-15OCT2026,Pendle,Arbitrum,"$781,931",781931,7.8,7.8,,,,7.24,,,,,,,
2026-05-21,49,HYPERUSDCA,Morpho Blue,Monad,$17.25m,17250000,7.69,5.53,2.16,,,7.58,,,711125.1758338845,,199224653.71,0,"{""PT-USDai-18JUN2026"":53.98,""PT-sUSDai-18JUN2026"":13.06,""WBTC"":16.87,""WETH"":1.33,""wstETH"":2.95,""weETH"":10.12,""sUSDS"":0.42,""syrupUSDC"":0.42,""sUSDai"":0.84}"
2026-05-21,50,USDC-ALUSD|stable - 0.05%,Velodrome V2,Op Mainnet,$1.59m,1590000,7.67,7.67,7.67,,,5.38,,,,,,,
2026-05-21,51,SYZUSD,Yuzu Money,Monad,$11.95m,11950000,7.46,7.46,,,,7.54,,,,,,,
2026-05-21,52,AUSD|earnAUSD/AUSD,Curvance,Monad,$2.03m,2029999.9999999998,7.39,4.89,2.5,,,8.24,,,7730000,5700000,2029999.9999999998,,
2026-05-21,53,USDG,Kamino Lend,Solana,$1.6m,1600000,7.32,7.32,,,,5.99,,,35430000,33840000,1600000,,
2026-05-21,54,AUSD|vUSD/AUSD,Curvance,Monad,$1.13m,1130000,7.29,5.09,2.2,,,7.8,,,7700000,6570000,1130000,,
2026-05-21,55,EDGEUSDC,Morpho Blue,Base,"$700,151",700151,7.2,4.02,3.18,,,7.08,,,101922.21111523485,,29888444.62,0.34,"{""sUSDS"":1.18,""WBTC"":90.45,""wstETH"":8.37}"
2026-05-21,56,USDC,Loopscale,Solana,$1.59m,1590000,7.2,7.2,,,,8.25,,,,,,,
2026-05-21,57,USDC,Gains Network,Arbitrum,$5.15m,5150000,7.15,7.15,,,,6.68,,,,,,,
2026-05-21,58,SUSDAI|30d unlock,USD AI,Arbitrum,$296.94m,296940000,7.1,7.1,,,,7.24,,,,,,,
2026-05-21,59,AUGUSTUSDCV2,Morpho Blue,Monad,$12.94m,12940000,7.09,4.88,2.21,,,8.67,,,,,,,
2026-05-21,60,AUSD|syzUSD/AUSD,Curvance,Monad,"$621,858",621858,7.05,4.55,2.5,,,6.96,,,2810000,2190000,621858,,
2026-05-21,61,USDC|arbUSD,AUTOfinance,Arbitrum,"$877,739",877739,6.89,4.27,2.62,,,8.89,,,,,,,
2026-05-21,62,USDAI|For buying PT-USDai-18JUN2026,Pendle,Arbitrum,$35.65m,35650000,6.8,6.8,,,,6.61,,,,,,,
2026-05-21,63,FEUSDE,Morpho Blue,Hyperliquid L1,"$871,281",871281,6.8,6.8,,,,8.77,,,871420.4464857249,,16114610.32,5.13,"{""UBTC"":31.38,""WHYPE"":68.62}"
2026-05-21,64,MSUSD-USDC,Extra Finance Leverage Farming,Base,$1.09m,1090000,6.77,6.77,,,,8.99,,,,,,,
2026-05-21,65,VBUSDT,Yearn Finance,Katana,$5.18m,5180000,6.76,2.72,4.04,,,4.34,,,,,,,
2026-05-21,66,BBQAUSD,Morpho Blue,Monad,"$888,755",888755,6.66,3.96,2.7,,,6.49,,,901873.3250760288,,229065529.71,0,"{""WBTC"":66.22,""wstETH"":0.48,""WETH"":7.1,""wsrUSD"":25.1,""WMON"":0.47,""XAUt0"":0.63,""SOL"":0}"
2026-05-21,67,MSUSD-USDC,Aerodrome V1,Base,$8.11m,8109999.999999999,6.56,6.56,6.56,,,8.43,,,,,,,
2026-05-21,68,USDAI|For LP | Maturity 15OCT2026,Pendle,Arbitrum,"$781,931",781931,6.51,4.79,1.72,,,2.46,,,,,,,
2026-05-21,69,USDT0,Neverland,Monad,$7.97m,7970000,6.46,2.31,4.15,,,8.25,,,16800000,8820000,7970000,,
2026-05-21,70,EARNAUSD,Upshift,Monad,$32.63m,32630000.000000004,6.45,4.6,1.85,,,6.33,,,,,,,
2026-05-21,71,VBUSDC,Yearn Finance,Katana,$7.5m,7500000,6.19,5,1.19,,,4.62,,,,,,,
2026-05-21,72,MSUSD-USDC|Aerodrome,Beefy,Base,"$655,370",655370,6.1,6.1,,,,7.9,,,,,,,
2026-05-21,73,USDC,Extra Finance Leverage Farming,Base,$3.78m,3780000,6.09,6.09,,,,6.04,,,,,,,
2026-05-21,74,GHO,Fluid Lending,Arbitrum,$3.4m,3400000,6.07,3,3.07,,,6,,,,,,,
2026-05-21,75,USDC,Kamino Lend,Solana,$7.03m,7030000,5.93,5.93,,,,5.33,,,149190000,142160000,7030000,,
2026-05-21,76,FEUSDT0,Morpho Blue,Hyperliquid L1,$8.92m,8920000,5.61,5.61,,,,7.53,,,8914061.784041956,,98286778.04,8.32,"{""PT-kHYPE-19MAR2026"":3.85,""UBTC"":12.97,""beHYPE"":0.17,""kHYPE"":50.41,""WHYPE"":31.95,""wstHYPE"":0.65}"
2026-05-21,77,DTUSDC,Lagoon,Base,"$691,818",691818,5.54,5.54,,,,6.18,,,,,,,
2026-05-21,78,USDC,Harmonix Finance,Arbitrum,"$706,358",706358,5.51,5.51,,,,5.86,,,,,,,
2026-05-21,79,GTUSDCC,Morpho Blue,Hyperliquid L1,$1.66m,1660000,5.47,5.47,,,,5.62,,,1656699.7638906543,,6340763.09,0,"{""kHYPE"":5.43,""UBTC"":36.04,""WHYPE"":58.53}"
2026-05-21,80,FEUSDC,Morpho Blue,Hyperliquid L1,$15.66m,15660000,5.41,5.41,,,,6.13,,,15600765.909895556,,78369422.58,16.6,"{""UBTC"":0.88,""WHYPE"":0.82,""kHYPE"":98.24,""PT-kHYPE-19MAR2026"":0.06}"
2026-05-21,81,USDC,HyperLend Pooled,Hyperliquid L1,$11.59m,11590000,5.41,5.41,,,,5.34,,,76460000,64870000.00000001,11590000,,
2026-05-21,82,MWUSDC,Morpho Blue,Base,$10.03m,10030000,5.39,4.51,0.88,,,5.03,,,22595.41468751916,,,,"{""Unknown"":100}"
2026-05-21,83,USDT,ZEROBASE CeDeFi,Op Mainnet,$8.1m,8100000,5.3,3.3,2,,,5.3,,,,,,,
2026-05-21,84,USDC,Fluid Lending,Arbitrum,$46.46m,46460000,5.19,5.19,,,,5.78,,,,,,,
2026-05-21,85,USDC,Moonwell Lending,Base,$1.79m,1790000,5.17,4.01,1.16,,,4.92,,,15270000,13480000,1790000,,
2026-05-21,86,GTUSDCF,Morpho Blue,Base,"$982,567",982567,5.09,5.09,,,,5.08,,,327974.3049436351,,112235869.21,0,"{""WETH"":43.75,""wstETH"":0.1,""cbETH"":2.65,""cbADA"":53.48,""SOL"":0.01}"
2026-05-21,87,BBQUSDC,Morpho Blue,Base,$23.97m,23970000,5.07,5.07,,,,5.61,,,2641070.516421086,,507195165.65,0,"{""PT-USDai-18JUN2026"":18.1,""weETH"":78.33,""WETH"":1.56,""WBTC"":1.39,""sUSDS"":0.63}"
2026-05-21,88,BBQUSDT0,Morpho Blue,Monad,$1.8m,1800000,5.04,2.34,2.7,,,6.64,,,128734.02372477291,,659349377.42,0,"{""XAUt0"":0.76,""weETH"":6.71,""syrupUSDC"":45.88,""sUSDS"":30.01,""siUSD"":1.73,""sUSDe"":0.03,""bbqUSDC"":0,""Unknown"":0,""WBTC"":8.33,""wstETH"":2.76,""WETH"":3.79}"
2026-05-21,89,USDC,Fluid Lending,Base,$13.68m,13680000,4.89,4.89,,,,5.97,,,,,,,
2026-05-21,90,YCSUSDC,Morpho Blue,Base,"$554,592",554592,4.87,4.87,,,,5.24,,,554679.6395754135,,107410772.3,0,"{""cbETH"":2.52,""cbDOGE"":32.99,""mBASIS"":1.32,""cbLTC"":11.24,""cbXRP"":13.65,""superOETHb"":0.5,""cbBTC"":10.14,""rETH"":0.58,""cbADA"":26.59,""wstETH"":0.45}"
2026-05-21,91,USDC|Morpho,Beefy,Base,$1.85m,1850000,4.82,4.82,,,,5.05,,,,,,,
2026-05-21,92,USDC|Autopilot,Harvest Finance,Base,"$914,833",914833,4.78,4.78,,,,5.26,,,,,,,
2026-05-21,93,USDC|Harvest USDC vault Base,Fusion by IPOR,Base,"$914,891",914891,4.74,4.74,,,,4.92,,,,,,,
2026-05-21,94,GHO,Fluid Lending,Base,"$836,967",836967,4.7,4.7,,,,4.46,,,,,,,
2026-05-21,95,USDC,MortgageFi,Base,"$754,109",754109,4.62,4.62,,,,6.16,,,,,,,
2026-05-21,96,GTUSDCP,Morpho Blue,Op Mainnet,$5m,5000000,4.44,4.44,,,,5.08,,,1936348.562235773,,63042779.58,0,"{""WBTC"":98.19,""WETH"":1.81,""sUSDS"":0}"
2026-05-21,97,USDC|Dolomite Balance,Dolomite,Arbitrum,$1.59m,1590000,4.4,4.4,,,,5.25,,,4870000,3280000,1590000,,
2026-05-21,98,GTUSDCP,Morpho Blue,Base,$83.22m,83220000,4.3,4.3,,,,4.28,,,1936348.562235773,,63042779.58,0,"{""WBTC"":98.19,""WETH"":1.81,""sUSDS"":0}"
2026-05-21,99,STEAKUSDC,Morpho Blue,Base,$145.52m,145520000,4.3,4.3,,,,4.28,,,151437.4460105715,,64827690.69,0,"{""WBTC"":96.94,""WETH"":3.06}"
2026-05-21,100,FRUSDC,Morpho Blue,Base,$23.81m,23810000,4.26,4.26,,,,4.27,,,23812222.59173915,,0,0,"{""cbBTC"":100}"
2026-05-21,101,PUSDC,Morpho Blue,Base,$37.34m,37340000,4.26,4.26,,,,4.27,,,37342245.86255045,,1012320593.31,3.56,"{""cbBTC"":100}"
2026-05-21,102,APXUSD|For LP | Maturity 18JUN2026,Pendle,Base,$3.77m,3770000,4.18,3.35,0.83,,,8.56,,,,,,,
2026-05-21,103,USDC|2027-01-14,Exactly,Op Mainnet,$1.61m,1610000,4.16,4.16,,,,4.07,,,1390000,7205,1390000,,
2026-05-21,104,USDC|2026-07-02,Exactly,Op Mainnet,$1.61m,1610000,4.13,4.13,,,,4.04,,,1430000,58625,1370000,,
2026-05-21,105,GTUSDCC,Morpho Blue,Unichain,"$841,248",841248,4.11,4.11,,,,5.66,,,1656699.7638906543,,6340763.09,0,"{""kHYPE"":5.43,""UBTC"":36.04,""WHYPE"":58.53}"
2026-05-21,106,USDC|Clearstar Earn USDC,Euler V2,Monad,$2.38m,2380000,4.11,4.11,,,,8.32,,,,,,,
2026-05-21,107,BBQUSDC,Morpho Blue,Arbitrum,$2.64m,2640000,4.1,4.1,,,,4.46,,,2641070.516421086,,507195165.65,0,"{""PT-USDai-18JUN2026"":18.1,""weETH"":78.33,""WETH"":1.56,""WBTC"":1.39,""sUSDS"":0.63}"
2026-05-21,108,HYPERUSDCA,Morpho Blue,Arbitrum,"$711,068",711068,4.07,4.07,,,,4.52,,,711125.1758338845,,199224653.71,0,"{""PT-USDai-18JUN2026"":53.98,""PT-sUSDai-18JUN2026"":13.06,""WBTC"":16.87,""WETH"":1.33,""wstETH"":2.95,""weETH"":10.12,""sUSDS"":0.42,""syrupUSDC"":0.42,""sUSDai"":0.84}"
2026-05-21,109,USDC|2026-12-17,Exactly,Op Mainnet,$1.61m,1610000,4.05,4.05,,,,3.95,,,1390000,5605,1390000,,
2026-05-21,110,USDC|TermMax USDC Vault,TermMax,Base,$1.26m,1260000,4.02,4.02,,,,2.26,,,,,,,
2026-05-21,111,GTUSDCP,Morpho Blue,Arbitrum,$1.94m,1940000,4.01,4.01,,,,4.05,,,1936348.562235773,,63042779.58,0,"{""WBTC"":98.19,""WETH"":1.81,""sUSDS"":0}"
2026-05-21,112,HFUSDC,Morpho Blue,Base,"$883,050",883050,4.01,4.01,,,,2.24,,,883089.709184652,,11113057.02,7.36,"{""Unknown"":6.12,""cbBTC"":56.24,""WETH"":37.64}"
2026-05-21,113,USDC|2026-06-04,Exactly,Op Mainnet,$1.61m,1610000,3.98,3.98,,,,4.04,,,1450000,71035,1380000,,
2026-05-21,114,USDC|2026-09-24,Exactly,Op Mainnet,$1.61m,1610000,3.97,3.97,,,,3.86,,,1410000,17159,1390000,,
2026-05-21,115,USDC|2026-10-22,Exactly,Op Mainnet,$1.61m,1610000,3.96,3.96,,,,3.84,,,1420000,26186,1390000,,
2026-05-21,116,USDC|2026-11-19,Exactly,Op Mainnet,$1.61m,1610000,3.95,3.95,,,,3.84,,,1400000,8228,1390000,,
2026-05-21,117,USDC|2026-07-30,Exactly,Op Mainnet,$1.61m,1610000,3.94,3.94,,,,3.44,,,1420000,36507,1390000,,
2026-05-21,118,USDC|2026-08-27,Exactly,Op Mainnet,$1.61m,1610000,3.94,3.94,,,,3.81,,,1410000,23254,1390000,,
2026-05-21,119,USDC,Gains Network,Base,$2.19m,2190000,3.9,3.9,,,,2.39,,,,,,,
2026-05-21,120,USDT,Kamino Lend,Solana,"$676,764",676764,3.88,3.88,,,,4.08,,,7880000,7210000,676764,,
2026-05-21,121,GTUSDCC,Morpho Blue,Base,$1.99m,1990000,3.86,3.86,,,,3.88,,,1656699.7638906543,,6340763.09,0,"{""kHYPE"":5.43,""UBTC"":36.04,""WHYPE"":58.53}"
2026-05-21,122,SPARKUSDC,Morpho Blue,Base,$8.92m,8920000,3.86,3.86,,,,3.87,,,0,,,,
2026-05-21,123,GTUSDCC,Morpho Blue,Arbitrum,$3.5m,3500000,3.86,3.86,,,,3.73,,,1656699.7638906543,,6340763.09,0,"{""kHYPE"":5.43,""UBTC"":36.04,""WHYPE"":58.53}"
2026-05-21,124,SUSDAI-USDC,Curve DEX,Arbitrum,$1.84m,1840000,3.82,3.82,,,,4.24,,,,,,,
2026-05-21,125,USDY,Toros,Base,"$879,731",879731,3.68,3.68,,,,4.28,,,,,,,
2026-05-21,126,SUSDS,Sky Lending,Arbitrum,$358.62m,358620000,3.65,3.65,,,,3.65,,,,,,,
2026-05-21,127,USDY|US Dollar Yield,Ondo Yield Assets,Solana,$180.87m,180870000,3.55,3.55,,3.55,,3.55,,,,,,,
2026-05-21,128,USDY|US Dollar Yield,Ondo Yield Assets,Arbitrum,$5.59m,5590000,3.55,3.55,,3.55,,3.55,,,,,,,
2026-05-21,129,USX,Loopscale,Solana,"$647,717",647717,3.54,3.54,,,,4.02,,,,,,,
2026-05-21,130,USDS,Kamino Lend,Solana,$1.18m,1180000,3.49,3.49,,,,3.05,,,8660000,7480000,1180000,,
2026-05-21,131,USDC,Compound V3,Base,$1.16m,1160000,3.18,3.18,,,,4.75,,,9950000,8790000,1160000,,
2026-05-21,132,GTUSDC,Morpho Blue,Katana,$5.24m,5240000,3.16,1.7,1.47,,,4.03,,,,,,,
2026-05-21,133,WYLDS,Hastra,Solana,$1.8m,1800000,3.16,3.16,,,,3.26,,,,,,,
2026-05-21,134,USDT|Main Pool,Save,Solana,"$628,880",628880,3.12,3.12,,,,3.03,,,3670000,3040000,628880,,
2026-05-21,135,CUSDO,OpenEden USDO,Solana,$5.69m,5690000,3.1,3.1,,3.23,,3.23,,,,,,,
2026-05-21,136,STEAKUSDC,Morpho Blue,Katana,$31.81m,31810000,3.05,1.59,1.47,,,2.55,,,151437.4460105715,,64827690.69,0,"{""WBTC"":96.94,""WETH"":3.06}"
2026-05-21,137,USDC,Aave V3,Arbitrum,$21.43m,21430000,3.02,3.02,,,,4.46,,,164380000,142940000,21430000,,
2026-05-21,138,USDC,Aave V3,Base,$35.14m,35140000,2.93,2.93,,,,3.32,,,182340000,147200000,35140000,,
2026-05-21,139,USDC,Aave V3,Op Mainnet,$2.15m,2150000,2.83,2.83,,,,2.38,,,13540000,11390000,2150000,,
2026-05-21,140,BBQUSDT0,Morpho Blue,Arbitrum,$15.3m,15300000,2.76,2.76,,,,2.89,,,128734.02372477291,,659349377.42,0,"{""XAUt0"":0.76,""weETH"":6.71,""syrupUSDC"":45.88,""sUSDS"":30.01,""siUSD"":1.73,""sUSDe"":0.03,""bbqUSDC"":0,""Unknown"":0,""WBTC"":8.33,""wstETH"":2.76,""WETH"":3.79}"
2026-05-21,141,WAARBUSDCN-WAARBUSDT-WAARBGHO|Aura,Beefy,Arbitrum,$1.42m,1420000,2.75,2.75,,,,4.64,,,,,,,
2026-05-21,142,USDT,Compound V3,Op Mainnet,"$896,935",896935,2.69,2.69,,,,2.49,,,3550000,2660000,896935,,
2026-05-21,143,USDT,Aave V3,Op Mainnet,"$895,614",895614,2.69,2.69,,,,2.81,,,4970000,4080000,895614,,
2026-05-21,144,EARNAUSD,Neverland,Monad,$3.34m,3340000,2.61,0,2.61,,,3.05,,,3340000,,3340000,,
2026-05-21,145,FEUSD|feUBTC Stability Pool,Felix CDP,Hyperliquid L1,$2.2m,2200000,2.61,2.61,,,,2.63,,,,,,,
2026-05-21,146,USDC,Compound V3,Arbitrum,$5.13m,5130000,2.58,2.58,,,,2.55,,,18180000,13050000,5130000,,
2026-05-21,147,USDC-USDT|0.01%,Uniswap V3,Arbitrum,$2.61m,2610000,2.5,2.5,,3.06,,3.19,,,,,,,
2026-05-21,148,STEAKAUSD,Morpho Blue,Katana,"$648,744",648744,2.45,2.45,,,,1.71,,,,,,,
2026-05-21,149,USDC|SuperchargerV2,WOOFi Earn,Arbitrum,"$717,795",717795,2.42,2.42,,,,3.8,,,,,,,
2026-05-21,150,USDC-USDBC|CL1 - 0.01%,Aerodrome Slipstream,Base,"$531,099",531099,2.4,1.74,0.65,2.7,,2.22,,,,,,,
2026-05-21,151,USDC,Revert Lend,Base,$3.12m,3118545,7.000000000000001,7.000000000000001,0,9.91,,8.200000000000001,,,3118545,,,,
2026-05-23,1,MSUSD-USDC,aerodrome slipstream,Base,$23.19m,23194427,19.08018,17.35365,1.72652,5.14522,,3.35591,,,23194427,,,,
2026-05-23,2,USDC,sprinter,Base,$2.96m,2963259,16.65825,16.65825,,,,13.75586,,,2963259,,,,
2026-05-23,3,USDC,metrom,Base,$1.25m,1245926,16.49396,16.49396,,,,16.77064,,,1245926,,,,
2026-05-23,4,EURC-USDC,aerodrome slipstream,Base,$2.62m,2616333,15.11711,12.85666,2.26044,18.13442,,25.58388,,,2616333,,,,
2026-05-23,5,DAI-USDT,uniswap v3,Polygon,$687.7k,687706,14.24825,14.24825,,,,7.50079,,,687706,,,,
2026-05-23,6,DAI-USDT,uniswap v4,Polygon,$758.3k,758310,13.80187,13.80187,,,,9.80035,,,758310,,,,
2026-05-23,7,USDC-USDT,aerodrome slipstream,Base,$1.02m,1023914,13.57849,12.33863,1.23987,11.23212,,14.62029,,,1023914,,,,
2026-05-23,8,MSUSD-FRXUSD,aerodrome v1,Base,$716.6k,716618,12.88794,12.88794,12.88794,,,14.8891,,,716618,,,,
2026-05-23,9,USDC-USDBC,aerodrome slipstream,Base,$531.6k,531564,12.81159,12.15128,0.66031,3.09573,,2.41455,,,531564,,,,
2026-05-23,10,USDC-DAI,uniswap v4,Polygon,$563.8k,563818,12.62564,12.62564,,,,7.7695,,,563818,,,,
2026-05-23,11,USDC,avantis,Base,$45.02m,45017624,11.71313,11.71313,,,,10.12536,,,45017624,,,,
2026-05-23,12,MIM-USDC,beefy,Arbitrum,$1.23m,1226686,11.27108,11.27108,,,,16.3576,,,1226686,,,,
2026-05-23,13,GTUSDCC,morpho blue,Arbitrum,$3.16m,3159410,10.89286,10.89286,0,,,3.87108,,,3159410,,,,
2026-05-23,14,HYPERUSDCA,morpho blue,Arbitrum,$670.3k,670323,10.47428,10.47428,0,,,4.58213,,,670323,,,,
2026-05-23,15,USDC-USDC,uniswap v4,Polygon,$908.9k,908897,10.20894,10.20894,,,,6.30733,,,908897,,,,
2026-05-23,16,MIM-USDT0,beefy,Arbitrum,$1.10m,1100866,10.20541,10.20541,,,,11.11967,,,1100866,,,,
2026-05-23,17,APXUSD,pendle,Base,$3.67m,3671559,9.84052,9.84052,,,,14.50699,,,3671559,,,,
2026-05-23,18,SUSDAI,pendle,Arbitrum,$8.98m,8984525,9.68436,9.68436,,,,9.27155,,,8984525,,,,
2026-05-23,19,SUPERUSDC,superform,Base,$3.00m,3001507,9.6607,4.73015,4.93055,,,12.34292,,,3001507,,,,
2026-05-23,20,SUSDAI,pendle,Arbitrum,$12.77m,12765496,9.60094,9.60094,,,,9.36997,,,12765496,,,,
2026-05-23,21,USDC,yieldseeker,Base,$1.29m,1290026,9.12617,9.12617,,,,9.03512,,,1290026,,,,
2026-05-23,22,USDT,zerobase cedefi,Arbitrum,$7.92m,7920044,9,7,2,,,9,,,7920044,,,,
2026-05-23,23,USDC,zerobase cedefi,Arbitrum,$783.8k,783834,9,7,2,,,9,,,783834,,,,
2026-05-23,24,USDC,harvest finance,Base,$1.90m,1897274,8.78,8.78,,,,9.04162,,,1897274,,,,
2026-05-23,25,BBQUSDC,morpho blue,Base,$3.58m,3581248,4.5818,4.5818,0,,,5.3791,,,3508011.797404048,,269043061.13,0,"{""cbLTC"":12.12,""AERO"":0.08,""SOL"":13.71,""PT-USDai-18JUN2026-(ARB)"":35.41,""cbETH"":0.03,""cbADA"":7.38,""WETH"":0.81,""wsrUSD"":0,""cbBTC"":17.68,""cbXRP"":7.73,""LBTC"":0,""cUSDO"":0,""deSPXA"":0.19,""wstETH"":0.01,""cbDOGE"":4.86}"
2026-05-23,26,USDC,deltaprime,Arbitrum,$654.9k,654939,8.22003,8.22003,,,,7.69586,,,654939,,,,
2026-05-23,27,USDC,autofinance,Arbitrum,$726.5k,726484,8.20986,4.964,3.24586,,,8.47532,,,726484,,,,
2026-05-23,28,USDC,autofinance,Base,$7.55m,7553230,8.13095,5.0735,3.05745,,,8.70976,,,7553230,,,,
2026-05-23,29,SUSDAI,pendle,Arbitrum,$12.77m,12765496,8.01804,7.22231,0.79573,,,8.19282,,,12765496,,,,
2026-05-23,30,SUSDAI,pendle,Arbitrum,$8.98m,8984525,7.71605,7.26737,0.44869,,,8.22848,,,8984525,,,,
2026-05-23,31,SUSDAI,usd ai,Arbitrum,$299.48m,299480789,7.07,7.07,,,,7.23448,,,299480789,,,,
2026-05-23,32,MSUSD-USDC,extra finance leverage farming,Base,$982.2k,982194,6.87923,6.87923,,,,8.67727,,,982194,,,,
2026-05-23,33,USDAI,pendle,Arbitrum,$781.6k,781553,6.86316,6.86316,,,,7.22779,,,781553,,,,
2026-05-23,34,USDAI,pendle,Arbitrum,$35.61m,35611129,6.80678,6.80678,,,,6.66111,,,35611129,,,,
2026-05-23,35,MSUSD-USDC,aerodrome v1,Base,$8.01m,8009301,6.67174,6.67174,6.67174,,,8.10679,,,8009301,,,,
2026-05-23,36,USDC,spectra metavaults,Base,$5.59m,5591679,6.66638,5.00649,1.65989,,,4.06249,,,5591679,,,,
2026-05-23,37,USDC,gains network,Arbitrum,$5.15m,5146576,6.62747,6.62747,,,,6.60236,,,5146576,,,,
2026-05-23,38,USDAI,pendle,Arbitrum,$781.6k,781553,6.32545,4.57172,1.75373,,,2.78487,,,781553,,,,
2026-05-23,39,USDC,extra finance leverage farming,Base,$3.72m,3722549,6.20589,6.20589,,,,6.0443,,,3722549,,,,
2026-05-23,40,MSUSD-USDC,beefy,Base,$653.9k,653890,6.20549,6.20549,,,,7.57892,,,653890,,,,
2026-05-23,41,ZVUSDC,zircuit finance,Base,$1.50m,1500565,6.02929,6.02929,,,,8.60075,,,1500565,,,,
2026-05-23,42,BBQUSDC,morpho blue,Base,$24.32m,24321635,4.5818,4.5818,0,,,5.50453,,,3508011.797404048,,269043061.13,0,"{""cbLTC"":12.12,""AERO"":0.08,""SOL"":13.71,""PT-USDai-18JUN2026-(ARB)"":35.41,""cbETH"":0.03,""cbADA"":7.38,""WETH"":0.81,""wsrUSD"":0,""cbBTC"":17.68,""cbXRP"":7.73,""LBTC"":0,""cUSDO"":0,""deSPXA"":0.19,""wstETH"":0.01,""cbDOGE"":4.86}"
2026-05-23,43,GHO,fluid lending,Arbitrum,$3.61m,3605868,5.58,2.69,2.89,,,5.83836,,,3605868,,,,
2026-05-23,44,DTUSDC,lagoon,Base,$691.9k,691869,5.54002,5.54002,,,,6.08445,,,691869,,,,
2026-05-23,45,USDC,mortgagefi,Base,$732.2k,732152,5.47,5.47,,,,5.99702,,,732152,,,,
2026-05-23,46,USDC,harmonix finance,Arbitrum,$686.2k,686229,5.41908,5.41908,0,,,5.84082,,,686229,,,,
2026-05-23,47,CRVUSD,curve llamalend,Arbitrum,$898.0k,897991,5.3397,5.3397,0,,,8.62294,,,897991,,,,
2026-05-23,48,YCSUSDC,morpho blue,Base,$538.9k,538851,4.4718,4.4718,0,,,5.12448,,,538923.0620580153,,107433782.19,0,"{""cbXRP"":14.05,""superOETHb"":0.52,""cbETH"":2.6,""cbLTC"":11.57,""cbBTC"":7.47,""mBASIS"":1.36,""cbDOGE"":33.97,""rETH"":0.6,""cbADA"":27.38,""wstETH"":0.47}"
2026-05-23,49,GTUSDCF,morpho blue,Base,$1.00m,1001420,5.23492,5.23492,0,,,5.03802,,,1001420,,,,
2026-05-23,50,AAVEGHO-USDT-USDC,balancer v3,Arbitrum,$1.62m,1624330,5.21535,5.21535,0,,,4.51275,,,1624330,,,,
2026-05-23,51,WAARBUSDCN-WAARBUSDT-WAARBGHO,beefy,Arbitrum,$1.42m,1417932,5.21535,5.21535,,,,4.55923,,,1417932,,,,
2026-05-23,52,AAVEUSDC-AAVEGHO,balancer v3,Base,$1.25m,1249416,5.1991,5.1991,0,,,5.20504,,,1249416,,,,
2026-05-23,53,DAI,aave v3,Polygon,$669.6k,669570,4.92937,4.92937,,,,4.47378,,,669570,,,,
2026-05-23,54,USDC,fluid lending,Arbitrum,$47.36m,47360489,4.92,4.92,,,,5.53813,,,47360489,,,,
2026-05-23,55,USDC,gains network,Base,$2.19m,2190203,4.856,4.856,,,,2.62623,,,2190203,,,,
2026-05-23,56,USDC,fluid lending,Base,$12.78m,12781940,4.75,4.75,,,,5.74517,,,12781940,,,,
2026-05-23,57,GHO,fluid lending,Base,$836.0k,835975,4.69,4.69,,,,4.51134,,,835975,,,,
2026-05-23,58,USDC,fusion by ipor,Base,$915.2k,915176,4.60711,4.60711,0,,,4.87017,,,915176,,,,
2026-05-23,59,USDC,harvest finance,Base,$915.2k,915208,4.58,4.58,,,,5.17502,,,915208,,,,
2026-05-23,60,USDT,folks finance xchain,Polygon,$989.5k,989507,4.537,4.537,0,,,4.58167,,,989507,,,,
2026-05-23,61,USDC,beefy,Base,$1.85m,1854187,4.47256,4.47256,,,,4.97251,,,1854187,,,,
2026-05-23,62,USDC,ample,Base,$4.33m,4329094,4.43661,4.43661,,,,4.69822,,,4329094,,,,
2026-05-23,63,USDC,moonwell lending,Base,$1.50m,1503116,4.41085,4.41085,0,,,4.95537,,,1503116,,,,
2026-05-23,64,EDGEUSDC,morpho blue,Base,$654.0k,653967,4.0198,4.0198,0,,,7.03105,,,653943.569316908,,36336660.45,1.77,"{""wstETH"":12.09,""WETH"":2.2,""cbBTC"":9.17,""mBASIS"":1.47,""uniBTC"":75.08}"
2026-05-23,65,GTUSDA,gauntlet,Base,$66.87m,66871285,4.28668,4.28668,,4.3776,,4.54717,,,66871285,,,,
2026-05-23,66,GTUSDCP,morpho blue,Base,$375.41m,375405831,4.2274,4.2274,0,,,4.26187,,,375366594.215998,,308184916.84,0.37,"{""cbETH"":0.6,""cbBTC"":94.21,""wstETH"":0.13,""WETH"":5.06}"
2026-05-23,67,STEAKUSDC,morpho blue,Base,$464.30m,464304612,4.2274,4.2274,0,,,4.2616,,,462849486.6652884,,449908440.35,0.05,"{""cbBTC"":95.68,""WETH"":4.07,""cbETH"":0.21,""wstETH"":0.03}"
2026-05-23,68,PUSDC,morpho blue,Base,$36.41m,36413208,4.21129,4.21129,0,,,4.25693,,,36413208,,,,
2026-05-23,69,FRUSDC,morpho blue,Base,$23.82m,23820834,4.21048,4.21048,0,,,4.25901,,,23820834,,,,
2026-05-23,70,GTUSDCP,morpho blue,Base,$80.13m,80125275,4.2274,4.2274,0,,,4.26806,,,375366594.215998,,308184916.84,0.37,"{""cbETH"":0.6,""cbBTC"":94.21,""wstETH"":0.13,""WETH"":5.06}"
2026-05-23,71,STEAKUSDC,morpho blue,Base,$154.78m,154776466,4.2274,4.2274,0,,,4.2679,,,462849486.6652884,,449908440.35,0.05,"{""cbBTC"":95.68,""WETH"":4.07,""cbETH"":0.21,""wstETH"":0.03}"
2026-05-23,72,GTUSDCC,morpho blue,Unichain,$841.6k,841609,4.03136,4.03136,0,,,5.31899,,,841609,,,,
2026-05-23,73,USDC,termmax,Base,$1.25m,1252997,4.02608,4.02608,,,,2.52926,,,1252997,,,,
2026-05-23,74,USDC,yo protocol,Base,$15.48m,15480903,3.99693,3.99693,,,,3.99176,,,15480903,,,,
2026-05-23,75,USDC,yo protocol,Arbitrum,$546.1k,546089,3.99693,3.99693,,,,3.99436,,,546089,,,,
2026-05-23,76,BBQUSDC,morpho blue,Arbitrum,$13.65m,13652557,4.5818,4.5818,0,,,4.04867,,,3508011.797404048,,269043061.13,0,"{""cbLTC"":12.12,""AERO"":0.08,""SOL"":13.71,""PT-USDai-18JUN2026-(ARB)"":35.41,""cbETH"":0.03,""cbADA"":7.38,""WETH"":0.81,""wsrUSD"":0,""cbBTC"":17.68,""cbXRP"":7.73,""LBTC"":0,""cUSDO"":0,""deSPXA"":0.19,""wstETH"":0.01,""cbDOGE"":4.86}"
2026-05-23,77,USDC-USDT,uniswap v3,Arbitrum,$2.62m,2619050,3.95299,3.95299,,2.79169,,2.77529,,,2619050,,,,
2026-05-23,78,HFUSDC,morpho blue,Base,$883.4k,883396,3.94806,3.94806,0,,,2.44267,,,883396,,,,
2026-05-23,79,USDC,dolomite,Arbitrum,$1.76m,1763965,3.91464,3.91464,0,,,5.04079,,,1763965,,,,
2026-05-23,80,SYRUPUSDC-USDC,aerodrome slipstream,Base,$504.0k,504025,3.91198,3.91198,3.91198,,,11.85903,,,504025,,,,
2026-05-23,81,CSUSDC,morpho blue,Base,$2.73m,2729881,4.0011,4.0011,0,,,5.37646,,,2729777.0331744137,,112290296.51,0,"{""superOETHb"":0.07,""cbETH"":0.92,""cbBTC"":3.92,""yoUSD"":87.48,""WETH"":5.8}"
2026-05-23,82,RWAUSDI,multipli.fi,Base,$117.47m,117465874,3.888,3.888,,,,3.888,,,117465874,,,,
2026-05-23,83,USDY,toros,Base,$879.9k,879942,3.88,3.88,,,,4.1946,,,879942,,,,
2026-05-23,84,SPARKUSDC,morpho blue,Base,$8.83m,8829743,3.7893,3.7893,0,,,3.82711,,,8830691.201144144,,0,0.44,"{""WETH"":100}"
2026-05-23,85,GTUSDCC,morpho blue,Base,$2.01m,2013822,3.7936,3.7936,0,,,3.83248,,,2013745.2188375576,,281414261.27,0,"{""wstETH"":0.4,""WETH"":23.53,""cbETH"":28.78,""cbBTC"":40.09,""weETH"":2.73,""LBTC"":4.47}"
2026-05-23,86,USDC,centrifuge protocol,Base,$590.5k,590540,3.71508,3.71508,,3.71508,,3.05937,,,590540,,,,
2026-05-23,87,BBQUSDC,morpho blue,Arbitrum,$2.10m,2103028,4.5818,4.5818,0,,,4.52599,,,3508011.797404048,,269043061.13,0,"{""cbLTC"":12.12,""AERO"":0.08,""SOL"":13.71,""PT-USDai-18JUN2026-(ARB)"":35.41,""cbETH"":0.03,""cbADA"":7.38,""WETH"":0.81,""wsrUSD"":0,""cbBTC"":17.68,""cbXRP"":7.73,""LBTC"":0,""cUSDO"":0,""deSPXA"":0.19,""wstETH"":0.01,""cbDOGE"":4.86}"
2026-05-23,88,USDC,compound v3,Base,$964.4k,964362,3.66846,3.66846,0,,,4.66269,,,964362,,,,
2026-05-23,89,USDS,spark savings,Arbitrum,$358.73m,358725421,3.65,3.65,,,,3.65,,,358725421,,,,
2026-05-23,90,SUSDS,sky lending,Arbitrum,$358.73m,358725421,3.65,3.65,,,,3.65,,,358725421,,,,
2026-05-23,91,USDS,spark savings,Base,$222.48m,222475992,3.65,3.65,,,,3.65,,,222475992,,,,
2026-05-23,92,GTUSDCP,morpho blue,Arbitrum,$1.84m,1843547,3.63962,3.63962,0,,,4.11406,,,1843547,,,,
2026-05-23,93,APXUSD,pendle,Base,$3.67m,3671559,3.59993,2.81117,0.78876,,,8.29819,,,3671559,,,,
2026-05-23,94,USDC-USDC,uniswap v3,Polygon,$5.43m,5433692,3.5877,3.5877,,,,4.91102,,,5433692,,,,
2026-05-23,95,SUSDAI-USDC,curve dex,Arbitrum,$1.84m,1842030,3.57,3.57,0,,,4.12283,,,1842030,,,,
2026-05-23,96,MWUSDC,morpho blue,Base,$5.69m,5694465,5.105,5.105,0,,,5.03067,,,166301.85666799112,,1933165.86,7.92,"{""WELL"":62.67,""stkWELL"":37.09,""MAMO"":0.24}"
2026-05-23,97,USDY,ondo yield assets,Arbitrum,$5.59m,5594021,3.55,3.55,,3.55,,3.55,,,5594021,,,,
2026-05-23,98,USDC,lazy summer protocol,Base,$1.37m,1374843,3.47598,2.79718,0.67879,3.26281,,3.9764,,,1374843,,,,
2026-05-23,99,BUIDL,blackrock buidl,Polygon,$14.16m,14159860,3.46118,3.46118,,,,3.54028,,,14159860,,,,
2026-05-23,100,USDC,aave v3,Polygon,$10.04m,10037047,3.42245,3.42245,,,,2.81656,,,10037047,,,,
2026-05-23,101,USDC,aave v3,Base,$178.93m,178927034.839013,3.1782,3.1782,,,,,,,178927034.839013,,29733685.536059,83.38,
2026-05-23,102,USDC,Revert Lend,Base,$3.02m,3021682,6.800000000000001,6.800000000000001,,,,7.969999999999999,,,3021682,,736957.634619,,
2026-05-23,103,baseUSD,Tokemak,Base,$7.56m,7555524.172521,5.607843564103265,5.607843564103265,,,,,,,7555524.172521,,,,
2026-05-23,104,ottoUSD,Tokemak,Base,$495,495.237832,,,,,,,,,495.237832,,,,
2026-05-23,105,40 Acres,Harvest Finance,Base,$0,0,9.83,9.83,,,,10.25,,,0,,,,
2026-05-23,106,USDC,AlphaGrowth,Base,$546.3k,546299.564111,6.394370429054264,6.394370429054264,,,,,,,546299.564111,,128155.954876,,
2026-05-23,107,yoVaultUSD,Yo,Base,$15.48m,15484964.698129,4.261888868321817,4.261888868321817,,,,,,,15484964.698129,,,,
2026-05-23,108,ymvOG-USDC,Morpho,Base,$0,0,4.7594,4.7594,,,,4.66,,,2122421.9627359575,,150119377.04,0.18,"{""cbLTC"":2.21,""cbXRP"":95.51,""YFI"":0.6,""cbDOGE"":1.68}"
2026-05-23,109,CSBORUSDC,Morpho,Base,$518,518.072552,4.2201,4.2201,,,,,,,517.9401630864572,,0,0,"{""cbBTC"":40.84,""WETH"":59.16}"
2026-05-24,1,SYRUPUSDC-USDC,aerodrome slipstream,Base,$503.7k,503728,40.44756,40.44756,40.44756,,,12.22979,,,503728,,,,
2026-05-24,2,USDC-USDT,aerodrome slipstream,Base,$1.03m,1027105,18.04908,8.90058,9.1485,10.9057,,14.72447,,,1027105,,,,
2026-05-24,3,MSUSD-USDC,aerodrome slipstream,Base,$22.66m,22662118,17.80219,16.19926,1.60293,6.08578,,3.52081,,,22662118,,,,
2026-05-24,4,USDC-USDBC,aerodrome slipstream,Base,$669.9k,669943,17.74704,16.13645,1.61059,3.86705,,2.80495,,,669943,,,,
2026-05-24,5,USDC,sprinter,Base,$2.96m,2963259,16.65825,16.65825,,,,13.85899,,,2963259,,,,
2026-05-24,6,USDC,metrom,Base,$1.25m,1245926,16.49396,16.49396,,,,16.77064,,,1245926,,,,
2026-05-24,7,DAI-USDT,uniswap v4,Polygon,$758.3k,758310,13.80187,13.80187,,,,9.80035,,,758310,,,,
2026-05-24,8,MSUSD-FRXUSD,aerodrome v1,Base,$717.3k,717265,13.63631,13.63631,13.63631,,,14.75416,,,717265,,,,
2026-05-24,9,USDC-DAI,uniswap v4,Polygon,$563.8k,563818,12.62564,12.62564,,,,7.7695,,,563818,,,,
2026-05-24,10,MIM-USDC,beefy,Arbitrum,$1.23m,1227568,11.814,11.814,,,,16.19059,,,1227568,,,,
2026-05-24,11,USDC,avantis,Base,$45.02m,45024973,11.51267,11.51267,,,,10.14091,,,45024973,,,,
2026-05-24,12,EURC-USDC,aerodrome slipstream,Base,$2.68m,2676577,10.7575,8.47763,2.27988,18.2815,,24.97201,,,2676577,,,,
2026-05-24,13,MIM-USDT0,beefy,Arbitrum,$1.10m,1101580,10.41142,10.41142,,,,11.11594,,,1101580,,,,
2026-05-24,14,USDC-USDC,uniswap v4,Polygon,$908.9k,908897,10.20894,10.20894,,,,6.30733,,,908897,,,,
2026-05-24,15,SUPERUSDC,superform,Base,$3.03m,3030995,9.89677,4.72433,5.17244,,,12.29671,,,3030995,,,,
2026-05-24,16,APXUSD,pendle,Base,$3.65m,3649582,9.8254,9.8254,,,,14.42484,,,3649582,,,,
2026-05-24,17,SUSDAI,pendle,Arbitrum,$8.99m,8994791,9.64786,9.64786,,,,9.28025,,,8994791,,,,
2026-05-24,18,SUSDAI,pendle,Arbitrum,$11.77m,11774208,9.60797,9.60797,,,,9.37581,,,11774208,,,,
2026-05-24,19,USDC,yieldseeker,Base,$1.29m,1290458,9.12277,9.12277,,,,9.02517,,,1290458,,,,
2026-05-24,20,USDT,zerobase cedefi,Arbitrum,$7.92m,7919159,9,7,2,,,9,,,7919159,,,,
2026-05-24,21,USDC,zerobase cedefi,Arbitrum,$783.8k,783825,9,7,2,,,9,,,783825,,,,
2026-05-24,22,USDC,harvest finance,Base,$1.90m,1897291,8.78,8.78,,,,9.09375,,,1897291,,,,
2026-05-24,23,ZVUSDC,zircuit finance,Base,$1.50m,1504859,8.44934,8.44934,,,,8.59101,,,1504859,,,,
2026-05-24,24,HYPERUSDCA,morpho blue,Arbitrum,$712.4k,712416,8.38334,8.38334,0,,,4.68715,,,712416,,,,
2026-05-24,25,USDC,deltaprime,Arbitrum,$655.1k,655141,8.21776,8.21776,,,,7.72464,,,655141,,,,
2026-05-24,26,USDC,autofinance,Arbitrum,$726.5k,726511,8.20996,4.964,3.24596,,,8.39107,,,726511,,,,
2026-05-24,27,USDC,autofinance,Base,$7.55m,7553234,8.13095,5.0735,3.05745,,,8.69448,,,7553234,,,,
2026-05-24,28,GTUSDCC,morpho blue,Arbitrum,$3.05m,3054539,8.1123,8.1123,0,,,3.99624,,,3054539,,,,
2026-05-24,29,SUSDAI,pendle,Arbitrum,$11.77m,11774208,8.10281,7.20178,0.90102,,,8.18962,,,11774208,,,,
2026-05-24,30,SUSDAI,pendle,Arbitrum,$8.99m,8994791,7.72776,7.25968,0.46808,,,8.21804,,,8994791,,,,
2026-05-24,31,MSUSD-USDC,extra finance leverage farming,Base,$983.0k,982952,7.59107,7.59107,,,,8.64363,,,982952,,,,
2026-05-24,32,BBQUSDC,morpho blue,Base,$4.10m,4103503,5.3496,5.3496,0,,,5.43076,,,4107569.958799584,,267995732.16,0,"{""SOL"":10.85,""AERO"":0.15,""weETH"":0,""PT-USDai-18JUN2026-(ARB)"":27.54,""cbETH"":0.03,""cbLTC"":9.99,""cbADA"":2.61,""WETH"":0.15,""wsrUSD"":0,""cbBTC"":4,""cbXRP"":41.02,""LBTC"":0,""cUSDO"":0,""deSPXA"":0.06,""wstETH"":0.11,""cbDOGE"":3.51}"
2026-05-24,33,MSUSD-USDC,aerodrome v1,Base,$8.01m,8008582,7.06617,7.06617,7.06617,,,8.07718,,,8008582,,,,
2026-05-24,34,SUSDAI,usd ai,Arbitrum,$299.48m,299482459,7.06,7.06,,,,7.23358,,,299482459,,,,
2026-05-24,35,DAI-USDT,uniswap v3,Polygon,$687.6k,687639,7.01501,7.01501,,,,7.57698,,,687639,,,,
2026-05-24,36,USDAI,pendle,Arbitrum,$782.4k,782357,6.88775,6.88775,,,,7.21958,,,782357,,,,
2026-05-24,37,USDAI,pendle,Arbitrum,$35.65m,35648034,6.87211,6.87211,,,,6.66496,,,35648034,,,,
2026-05-24,38,USDC,gains network,Arbitrum,$5.15m,5146653,6.80707,6.80707,,,,6.58039,,,5146653,,,,
2026-05-24,39,USDC,spectra metavaults,Base,$5.59m,5591501,6.67204,5.00649,1.66554,,,4.06496,,,5591501,,,,
2026-05-24,40,MSUSD-USDC,beefy,Base,$651.7k,651737,6.62753,6.62753,,,,7.54737,,,651737,,,,
2026-05-24,41,USDAI,pendle,Arbitrum,$782.4k,782357,6.40884,4.57913,1.82971,,,2.85941,,,782357,,,,
2026-05-24,42,USDC,extra finance leverage farming,Base,$3.64m,3636221,6.37432,6.37432,,,,6.04733,,,3636221,,,,
2026-05-24,43,USDC,arcadia v2,Base,$506.8k,506829,6.00214,6.00214,,,,9.43633,,,506829,,,,
2026-05-24,44,BBQUSDC,morpho blue,Base,$24.13m,24133444,5.3496,5.3496,0,,,5.49562,,,4107569.958799584,,267995732.16,0,"{""SOL"":10.85,""AERO"":0.15,""weETH"":0,""PT-USDai-18JUN2026-(ARB)"":27.54,""cbETH"":0.03,""cbLTC"":9.99,""cbADA"":2.61,""WETH"":0.15,""wsrUSD"":0,""cbBTC"":4,""cbXRP"":41.02,""LBTC"":0,""cUSDO"":0,""deSPXA"":0.06,""wstETH"":0.11,""cbDOGE"":3.51}"
2026-05-24,45,GHO,fluid lending,Arbitrum,$3.60m,3604828,5.58,2.69,2.89,,,5.80432,,,3604828,,,,
2026-05-24,46,DTUSDC,lagoon,Base,$691.9k,691869,5.54002,5.54002,,,,6.05825,,,691869,,,,
2026-05-24,47,USDC,mortgagefi,Base,$747.8k,747790,5.41,5.41,,,,5.95883,,,747790,,,,
2026-05-24,48,USDC,harmonix finance,Arbitrum,$685.2k,685154,5.34093,5.34093,0,,,5.82712,,,685154,,,,
2026-05-24,49,CRVUSD,curve llamalend,Arbitrum,$898.7k,898667,5.3404,5.3404,0,,,8.51598,,,898667,,,,
2026-05-24,50,GTUSDCF,morpho blue,Base,$1.29m,1293265,5.30566,5.30566,0,,,5.03421,,,1293265,,,,
2026-05-24,51,YCSUSDC,morpho blue,Base,$538.9k,538895,4.7668,4.7668,0,,,5.12062,,,538875.3349315355,,107437102.97,0,"{""cbETH"":2.6,""cbLTC"":11.58,""cbXRP"":14.06,""superOETHb"":0.52,""cbBTC"":7.45,""mBASIS"":1.36,""cbDOGE"":33.98,""rETH"":0.6,""cbADA"":27.38,""wstETH"":0.47}"
2026-05-24,52,DAI,aave v3,Polygon,$657.6k,657642,4.96318,4.96318,,,,4.4934,,,657642,,,,
2026-05-24,53,USDC,gains network,Base,$2.19m,2190236,4.91404,4.91404,,,,2.69077,,,2190236,,,,
2026-05-24,54,USDC,harvest finance,Base,$915.3k,915290,4.91,4.91,,,,5.15899,,,915290,,,,
2026-05-24,55,USDC,fluid lending,Arbitrum,$48.25m,48254794,4.89,4.89,,,,5.52192,,,48254794,,,,
2026-05-24,56,USDC,fluid lending,Base,$12.57m,12570658,4.83,4.83,,,,5.70567,,,12570658,,,,
2026-05-24,57,USDC,beefy,Base,$1.86m,1856159,4.7719,4.7719,,,,4.96622,,,1856159,,,,
2026-05-24,58,BBQUSDC,morpho blue,Arbitrum,$13.64m,13641121,5.3496,5.3496,0,,,4.06269,,,4107569.958799584,,267995732.16,0,"{""SOL"":10.85,""AERO"":0.15,""weETH"":0,""PT-USDai-18JUN2026-(ARB)"":27.54,""cbETH"":0.03,""cbLTC"":9.99,""cbADA"":2.61,""WETH"":0.15,""wsrUSD"":0,""cbBTC"":4,""cbXRP"":41.02,""LBTC"":0,""cUSDO"":0,""deSPXA"":0.06,""wstETH"":0.11,""cbDOGE"":3.51}"
2026-05-24,59,GHO,fluid lending,Base,$831.4k,831407,4.73,4.73,,,,4.52228,,,831407,,,,
2026-05-24,60,USDC,fusion by ipor,Base,$915.2k,915248,4.62886,4.62886,0,,,4.86467,,,915248,,,,
2026-05-24,61,USDT,folks finance xchain,Polygon,$989.4k,989430,4.537,4.537,0,,,4.5801,,,989430,,,,
2026-05-24,62,USDC,ample,Base,$4.33m,4330100,4.43566,4.43566,,,,4.68836,,,4330100,,,,
2026-05-24,63,USDC,compound v3,Base,$942.3k,942300,4.41437,4.41437,0,,,4.66472,,,942300,,,,
2026-05-24,64,USDC,dolomite,Arbitrum,$1.49m,1494808,4.39758,4.39758,0,,,5.02177,,,1494808,,,,
2026-05-24,65,STEAKUSDC,morpho blue,Base,$458.59m,458587105,4.5768,4.5768,0,,,4.26126,,,458589129.95552397,,449920668.24,0.05,"{""cbBTC"":95.64,""WETH"":4.1,""cbETH"":0.21,""wstETH"":0.03}"
2026-05-24,66,GTUSDCP,morpho blue,Base,$373.66m,373658590,4.5767,4.5767,0,,,4.26149,,,373626196.6211309,,308339871.64,0.37,"{""cbBTC"":94.22,""wstETH"":0.13,""WETH"":5.04,""cbETH"":0.61}"
2026-05-24,67,PUSDC,morpho blue,Base,$36.37m,36372818,4.36736,4.36736,0,,,4.25712,,,36372818,,,,
2026-05-24,68,FRUSDC,morpho blue,Base,$23.82m,23822634,4.36228,4.36228,0,,,4.25821,,,23822634,,,,
2026-05-24,69,USDC,termmax,Base,$1.25m,1253016,4.36035,4.36035,,,,2.61558,,,1253016,,,,
2026-05-24,70,GTUSDCP,morpho blue,Base,$80.09m,80085505,4.5767,4.5767,0,,,4.26448,,,373626196.6211309,,308339871.64,0.37,"{""cbBTC"":94.22,""wstETH"":0.13,""WETH"":5.04,""cbETH"":0.61}"
2026-05-24,71,GTUSDA,gauntlet,Base,$66.85m,66845214,4.29434,4.29434,,4.46044,,4.53887,,,66845214,,,,
2026-05-24,72,STEAKUSDC,morpho blue,Base,$154.66m,154661668,4.5768,4.5768,0,,,4.26415,,,458589129.95552397,,449920668.24,0.05,"{""cbBTC"":95.64,""WETH"":4.1,""cbETH"":0.21,""wstETH"":0.03}"
2026-05-24,73,USDC-USDC,uniswap v3,Polygon,$5.43m,5433155,4.25746,4.25746,,,,4.9212,,,5433155,,,,
2026-05-24,74,USDC,lazy summer protocol,Base,$1.37m,1373620,4.23631,3.54847,0.68784,3.25984,,3.96893,,,1373620,,,,
2026-05-24,75,AAVEGHO-USDT-USDC,balancer v3,Arbitrum,$1.62m,1624305,4.13644,4.13644,0,,,4.49175,,,1624305,,,,
2026-05-24,76,WAARBUSDCN-WAARBUSDT-WAARBGHO,beefy,Arbitrum,$1.42m,1417971,4.13644,4.13644,,,,4.55836,,,1417971,,,,
2026-05-24,77,HFUSDC,morpho blue,Base,$883.5k,883459,4.08946,4.08946,0,,,2.52075,,,883459,,,,
2026-05-24,78,GTUSDCC,morpho blue,Unichain,$841.6k,841644,4.07473,4.07473,0,,,5.19664,,,841644,,,,
2026-05-24,79,EDGEUSDC,morpho blue,Base,$654.0k,654023,4.0921,4.0921,0,,,6.98304,,,654015.2544569011,,36337710.09,1.77,"{""wstETH"":12.09,""WETH"":2.2,""cbBTC"":9.17,""mBASIS"":1.47,""uniBTC"":75.08}"
2026-05-24,80,USDC,yo protocol,Base,$15.49m,15492250,4.0356,4.0356,,,,3.9798,,,15492250,,,,
2026-05-24,81,USDC,yo protocol,Arbitrum,$546.2k,546188,4.0356,4.0356,,,,3.98226,,,546188,,,,
2026-05-24,82,USDC,moonwell lending,Base,$1.76m,1759692,4.01641,4.01641,0,,,4.94477,,,1759692,,,,
2026-05-24,83,CSUSDC,morpho blue,Base,$2.67m,2671324,4.0082,4.0082,0,,,5.35458,,,2670488.7468522806,,112353071.49,0,"{""superOETHb"":0.08,""cbETH"":0.94,""cbBTC"":1.78,""yoUSD"":89.43,""WETH"":5.93}"
2026-05-24,84,GTUSDCP,morpho blue,Arbitrum,$1.99m,1992905,3.93331,3.93331,0,,,4.12098,,,1992905,,,,
2026-05-24,85,GTUSDCC,morpho blue,Base,$2.01m,2005202,4.1111,4.1111,0,,,3.83237,,,2005175.237136546,,281431423.02,0,"{""wstETH"":0.4,""WETH"":14.75,""cbETH"":27.86,""cbBTC"":49.83,""weETH"":2.71,""LBTC"":4.44}"
2026-05-24,86,SPARKUSDC,morpho blue,Base,$8.82m,8817534,4.1094,4.1094,0,,,3.82705,,,8817415.909647092,,0,0.44,"{""WETH"":100}"
2026-05-24,87,RWAUSDI,multipli.fi,Base,$118.25m,118254169,3.888,3.888,,,,3.888,,,118254169,,,,
2026-05-24,88,BBQUSDC,morpho blue,Arbitrum,$2.33m,2328256,5.3496,5.3496,0,,,4.53472,,,4107569.958799584,,267995732.16,0,"{""SOL"":10.85,""AERO"":0.15,""weETH"":0,""PT-USDai-18JUN2026-(ARB)"":27.54,""cbETH"":0.03,""cbLTC"":9.99,""cbADA"":2.61,""WETH"":0.15,""wsrUSD"":0,""cbBTC"":4,""cbXRP"":41.02,""LBTC"":0,""cUSDO"":0,""deSPXA"":0.06,""wstETH"":0.11,""cbDOGE"":3.51}"
2026-05-24,89,USDY,toros,Base,$880.0k,879997,3.86,3.86,,,,4.17258,,,879997,,,,
2026-05-24,90,SUSDAI-USDC,curve dex,Arbitrum,$1.84m,1842008,3.75,3.75,0,,,4.09438,,,1842008,,,,
2026-05-24,91,USDC,centrifuge protocol,Base,$590.5k,590550,3.71508,3.71508,,3.71508,,3.20743,,,590550,,,,
2026-05-24,92,MWUSDC,morpho blue,Base,$5.58m,5582728,3.6465,3.6465,0,,,5.00158,,,118845.19901187402,,1980686.16,5.66,"{""WELL"":47.75,""stkWELL"":51.91,""MAMO"":0.34}"
2026-05-24,93,USDS,spark savings,Arbitrum,$358.75m,358749072,3.65,3.65,,,,3.65,,,358749072,,,,
2026-05-24,94,SUSDS,sky lending,Arbitrum,$358.75m,358749072,3.65,3.65,,,,3.65,,,358749072,,,,
2026-05-24,95,USDS,spark savings,Base,$222.49m,222490659,3.65,3.65,,,,3.65,,,222490659,,,,
2026-05-24,96,APXUSD,pendle,Base,$3.65m,3649582,3.64525,2.81654,0.82871,,,8.21462,,,3649582,,,,
2026-05-24,97,USDY,ondo yield assets,Arbitrum,$5.59m,5594556,3.55,3.55,,3.55,,3.55,,,5594556,,,,
2026-05-24,98,STEAKUSDC,morpho blue,Base,$293.08m,293078543,4.5768,4.5768,0.25,,,3.89094,,,458589129.95552397,,449920668.24,0.05,"{""cbBTC"":95.64,""WETH"":4.1,""cbETH"":0.21,""wstETH"":0.03}"
2026-05-24,99,BUIDL,blackrock buidl,Polygon,$14.16m,14159860,3.46118,3.46118,,,,3.53886,,,14159860,,,,
2026-05-24,100,USDC,aave v3,Polygon,$9.99m,9988392,3.4393,3.4393,,,,2.82892,,,9988392,,,,
2026-05-24,101,USDC,aave v3,Base,$179.13m,179130144.009452,3.127,3.127,,,,,,,179130144.009452,,30956344.821473,82.72,
2026-05-24,102,USDC,Revert Lend,Base,$3.16m,3156095,6.950000000000001,6.950000000000001,,,,7.9399999999999995,,,3156095,,819513.302412,,
2026-05-24,103,baseUSD,Tokemak,Base,$7.55m,7553185,4.43,4.43,,,,6.69,,,7553185,,,,
2026-05-24,104,ottoUSD,Tokemak,Base,$495,495.237832,,,,,,,,,495.237832,,,,
2026-05-24,105,40 Acres,Harvest Finance,Base,$7.77m,7770286,9.83,9.83,,,,10.31,,,7770286,,,,
2026-05-24,106,USDC,AlphaGrowth,Base,$531.0k,531000.6937439999,6.748774680566361,6.748774680566361,,,,,,,531000.6937439999,,112911.514492,,
2026-05-24,107,yoVaultUSD,Yo,Base,$15.50m,15495990.792207,4.261598642825493,4.261598642825493,,,,,,,15495990.792207,,,,
2026-05-24,108,ymvOG-USDC,Morpho,Base,$2.12m,2123941.128308,4.6141,4.6141,,,,,,,2123461.2598491926,,150122952.76,0.18,"{""cbLTC"":2.3,""cbXRP"":46.17,""YFI"":0.6,""cbDOGE"":7.11,""cbBTC"":41.27,""cbETH"":0.01,""WETH"":2.54}"
2026-05-24,109,CSBORUSDC,Morpho,Base,$518,518.109152,4.604,4.604,,,,,,,517.9922516594735,,0,0,"{""cbBTC"":40.84,""WETH"":59.16}"
2026-05-25,1,EURC-USDC,aerodrome slipstream,Base,$1.86m,1861032,26.05433,20.27714,5.7772,25.58251,,24.39913,,,1861032,,,,
2026-05-25,2,USDC,sprinter,Base,$2.96m,2963259,16.65825,16.65825,,,,14.01368,,,2963259,,,,
2026-05-25,3,USDC,metrom,Base,$1.25m,1245926,16.49396,16.49396,,,,16.77064,,,1245926,,,,
2026-05-25,4,USDC-USDT,aerodrome slipstream,Base,$927.2k,927176,13.99548,10.36235,3.63312,12.2785,,14.69432,,,927176,,,,
2026-05-25,5,DAI-USDT,uniswap v4,Polygon,$758.3k,758310,13.80187,13.80187,,,,9.72429,,,758310,,,,
2026-05-25,6,MSUSD-FRXUSD,aerodrome v1,Base,$717.2k,717167,13.48966,13.48966,13.48966,,,14.60272,,,717167,,,,
2026-05-25,7,USDC-DAI,uniswap v4,Polygon,$563.8k,563818,12.62564,12.62564,,,,7.68928,,,563818,,,,
2026-05-25,8,MIM-USDC,beefy,Arbitrum,$1.58m,1576827,11.59747,11.59747,,,,15.91356,,,1576827,,,,
2026-05-25,9,USDC,avantis,Base,$45.04m,45036896,11.31183,11.31183,,,,10.17191,,,45036896,,45037494.003126,,
2026-05-25,10,APXUSD,pendle,Base,$3.64m,3643134,10.96371,10.96371,,,,14.34112,,,3643134,,,,
2026-05-25,11,MIM-USDT0,beefy,Arbitrum,$1.10m,1100885,10.22187,10.22187,,,,11.10631,,,1100885,,,,
2026-05-25,12,USDC-USDC,uniswap v4,Polygon,$908.9k,908897,10.20894,10.20894,,,,6.24882,,,908897,,,,
2026-05-25,13,USDC-USDBC,aerodrome slipstream,Base,$696.3k,696300,9.9957,7.82066,2.17504,4.53048,,3.24202,,,696300,,,,
2026-05-25,14,SUPERUSDC,superform,Base,$3.01m,3005874,9.92339,4.76704,5.15636,,,12.22332,,,3005874,,,,
2026-05-25,15,SUSDAI,pendle,Arbitrum,$9.00m,8998252,9.73102,9.73102,,,,9.28703,,,8998252,,,,
2026-05-25,16,SUSDAI,pendle,Arbitrum,$13.02m,13020359,9.70837,9.70837,,,,9.38199,,,13020359,,,,
2026-05-25,17,USDC,yieldseeker,Base,$1.29m,1291648,9.12872,9.12872,,,,9.00904,,,1291648,,,,
2026-05-25,18,USDT,zerobase cedefi,Arbitrum,$7.92m,7921388,9,7,2,,,9,,,7921388,,,,
2026-05-25,19,USDC,zerobase cedefi,Arbitrum,$783.8k,783776,9,7,2,,,9,,,783776,,,,
2026-05-25,20,USDC,harvest finance,Base,$1.90m,1897941,8.78,8.78,,,,9.16649,,,1897941,,,,
2026-05-25,21,USDC,autofinance,Arbitrum,$726.5k,726549,8.72096,5.475,3.24596,,,8.27913,,,726549,,,,
2026-05-25,22,ZVUSDC,zircuit finance,Base,$1.50m,1504928,8.51249,8.51249,,,,8.58592,,,1504928,,,,
2026-05-25,23,USDC,deltaprime,Arbitrum,$655.3k,655292,8.21846,8.21846,,,,7.77374,,,655292,,,,
2026-05-25,24,USDC,autofinance,Base,$7.53m,7528079,8.107,5.0005,3.1065,,,8.67631,,,7528079,,,,
2026-05-25,25,SUSDAI,pendle,Arbitrum,$13.02m,13020359,8.08859,7.20326,0.88534,,,8.18532,,,13020359,,,,
2026-05-25,26,SUSDAI,pendle,Arbitrum,$9.00m,8998252,7.65103,7.27211,0.37891,,,8.20249,,,8998252,,,,
2026-05-25,27,MSUSD-USDC,extra finance leverage farming,Base,$980.0k,980026,7.26382,7.26382,,,,8.59428,,,980026,,,,
2026-05-25,28,SUSDAI,usd ai,Arbitrum,$299.60m,299598043,7.06,7.06,,,,7.23163,,,299598043,,,,
2026-05-25,29,MSUSD-USDC,aerodrome v1,Base,$7.96m,7959991,7.032,7.032,7.032,,,8.03605,,,7959991,,,,
2026-05-25,30,USDAI,pendle,Arbitrum,$779.3k,779332,6.93626,6.93626,,,,7.20929,,,779332,,,,
2026-05-25,31,USDAI,pendle,Arbitrum,$35.65m,35647566,6.87254,6.87254,,,,6.6603,,,35647566,,,,
2026-05-25,32,USDC,beefy,Base,$1.86m,1856310,6.73553,6.73553,,,,4.96635,,,1856310,,,,
2026-05-25,33,USDC,gains network,Arbitrum,$5.15m,5146190,6.62507,6.62507,,,,6.56837,,,5146190,,,,
2026-05-25,34,MSUSD-USDC,beefy,Base,$649.5k,649521,6.56213,6.56213,,,,7.50338,,,649521,,,,
2026-05-25,35,USDAI,pendle,Arbitrum,$779.3k,779332,6.42024,4.6023,1.81793,,,2.95578,,,779332,,,,
2026-05-25,36,MWUSDC,morpho blue,Base,$8.93m,8929980,4.8049,4.8049,1.04682,,,5.00099,,,96204.28152744894,,2003227.82,4.58,"{""WELL"":35.45,""stkWELL"":64.14,""MAMO"":0.42}"
2026-05-25,37,USDC,extra finance leverage farming,Base,$3.73m,3729322,5.7759,5.7759,,,,6.04673,,,3729322,,,,
2026-05-25,38,BBQUSDC,morpho blue,Base,$24.40m,24399027,8.3481,8.3481,0,,,5.49628,,,4166776.115823839,,267890762.85,0,"{""PT-USDai-18JUN2026-(ARB)"":19.82,""SOL"":9.69,""cbLTC"":11.3,""AERO"":0.04,""cbETH"":0,""weETH"":0,""cbADA"":0.91,""WETH"":0.25,""cbBTC"":3.15,""cbXRP"":48.02,""LBTC"":0,""cUSDO"":0,""cbDOGE"":6.82}"
2026-05-25,39,GHO,fluid lending,Arbitrum,$3.59m,3594374,5.61,2.71,2.9,,,5.75628,,,3594374,,,,
2026-05-25,40,DTUSDC,lagoon,Base,$691.9k,691890,5.54002,5.54002,,,,6.01893,,,691890,,,,
2026-05-25,41,USDC,mortgagefi,Base,$749.8k,749777,5.5,5.5,,,,5.90566,,,749777,,,,
2026-05-25,42,USDC,moonwell lending,Base,$1.61m,1605249,5.48721,4.10076,1.38645,,,4.94294,,,1605249,,,,
2026-05-25,43,CRVUSD,curve llamalend,Arbitrum,$887.6k,887644,5.4803,5.4803,0,,,8.37365,,,887644,,,,
2026-05-25,44,BBQUSDC,morpho blue,Base,$4.17m,4166660,8.3481,8.3481,0,,,5.43168,,,4166776.115823839,,267890762.85,0,"{""PT-USDai-18JUN2026-(ARB)"":19.82,""SOL"":9.69,""cbLTC"":11.3,""AERO"":0.04,""cbETH"":0,""weETH"":0,""cbADA"":0.91,""WETH"":0.25,""cbBTC"":3.15,""cbXRP"":48.02,""LBTC"":0,""cUSDO"":0,""cbDOGE"":6.82}"
2026-05-25,45,USDC,harmonix finance,Arbitrum,$685.2k,685180,5.4335,5.4335,0,,,5.80876,,,685180,,,,
2026-05-25,46,GTUSDCF,morpho blue,Base,$1.42m,1420511,4.8218,4.8218,0,,,5.03684,,,124737.69565727304,,112444758.54,0,"{""cbBTC"":76.53,""cbETH"":0,""SOL"":23.46}"
2026-05-25,47,YCSUSDC,morpho blue,Base,$541.2k,541225,7.3493,7.3493,0,,,5.11316,,,541057.2653595494,,107429816.47,0,"{""cbXRP"":14,""cbLTC"":11.53,""superOETHb"":0.52,""cbETH"":2.59,""cbBTC"":7.81,""mBASIS"":1.35,""cbDOGE"":33.84,""rETH"":0.59,""cbADA"":27.27,""wstETH"":0.47}"
2026-05-25,48,USDC,fluid lending,Base,$12.51m,12510298,4.99,4.99,,,,5.66547,,,12510298,,0.100045,,
2026-05-25,49,DAI,aave v3,Polygon,$656.2k,656230,4.96787,4.96787,,,,4.52334,,,656230,,,,
2026-05-25,50,USDC,fluid lending,Arbitrum,$47.67m,47674320,4.96,4.96,,,,5.50244,,,47674320,,,,
2026-05-25,51,USDC,harvest finance,Base,$915.4k,915420,4.93,4.93,,,,5.13171,,,915420,,,,
2026-05-25,52,USDC,harvest finance,Base,$640.8k,640810,4.9,4.9,,,,4.77003,,,640810,,,,
2026-05-25,53,GTUSDCP,morpho blue,Arbitrum,$634.8k,634822,4.74238,4.74238,0,,,4.14621,,,634822,,,,
2026-05-25,54,GHO,fluid lending,Base,$827.6k,827588,4.66,4.66,,,,4.53597,,,827588,,,,
2026-05-25,55,USDC,fusion by ipor,Base,$915.3k,915349,4.59708,4.59708,0,,,4.84037,,,915349,,,,
2026-05-25,56,FRUSDC,morpho blue,Base,$23.82m,23824084,4.57021,4.57021,0,,,4.26636,,,23824084,,,,
2026-05-25,57,STEAKUSDC,morpho blue,Base,$157.19m,157185683,4.576,4.576,0,,,4.26664,,,458349890.1469981,,449911864.74,0.05,"{""WETH"":4.11,""cbETH"":0.21,""cbBTC"":95.65,""wstETH"":0.03}"
2026-05-25,58,GTUSDCP,morpho blue,Base,$79.79m,79793001,4.5749,4.5749,0,,,4.26774,,,369824550.06421065,,307756087.97,0.37,"{""wstETH"":0.13,""cbETH"":0.61,""WETH"":5.25,""cbBTC"":94.01}"
2026-05-25,59,PUSDC,morpho blue,Base,$36.92m,36919566,4.5695,4.5695,0,,,4.2657,,,36919566,,,,
2026-05-25,60,STEAKUSDC,morpho blue,Base,$458.46m,458461275,4.576,4.576,0,,,4.26933,,,458349890.1469981,,449911864.74,0.05,"{""WETH"":4.11,""cbETH"":0.21,""cbBTC"":95.65,""wstETH"":0.03}"
2026-05-25,61,GTUSDCP,morpho blue,Base,$369.74m,369736385,4.5749,4.5749,0,,,4.26959,,,369824550.06421065,,307756087.97,0.37,"{""wstETH"":0.13,""cbETH"":0.61,""WETH"":5.25,""cbBTC"":94.01}"
2026-05-25,62,USDT,folks finance xchain,Polygon,$1.06m,1061600,4.546,4.546,0,,,4.57829,,,1061600,,,,
2026-05-25,63,AAVEUSDC-AAVEGHO,balancer v3,Base,$1.24m,1240786,4.54367,4.54367,0,,,5.23471,,,1240786,,,,
2026-05-25,64,APXUSD,pendle,Base,$3.64m,3643134,4.4811,3.6735,0.8076,,,8.12342,,,3643134,,,,
2026-05-25,65,USDC,ample,Base,$4.33m,4332224,4.43338,4.43338,,,,4.67478,,,4332224,,,,
2026-05-25,66,NUSD₮0,native credit pool,Arbitrum,$1.12m,1122488,4.367,4.367,,,,2.90805,,,1122488,,,,
2026-05-25,67,GTUSDA,gauntlet,Base,$66.85m,66853423,4.31792,4.31792,,4.66546,,4.5305,,,66853423,,,,
2026-05-25,68,USDC,termmax,Base,$1.25m,1252947,4.3169,4.3169,,,,2.72529,,,1252947,,,,
2026-05-25,69,USDC,yo protocol,Base,$15.46m,15464205,4.30092,4.30092,,,,3.97435,,,15464205,,,,
2026-05-25,70,USDC,yo protocol,Arbitrum,$536.8k,536813,4.30092,4.30092,,,,3.97835,,,536813,,,,
2026-05-25,71,HFUSDC,morpho blue,Base,$883.5k,883507,4.28601,4.28601,0,,,2.64227,,,883507,,,,
2026-05-25,72,USDC,dolomite,Arbitrum,$1.51m,1508138,4.2698,4.2698,0,,,4.9697,,,1508138,,,,
2026-05-25,73,GTUSDCC,morpho blue,Unichain,$841.7k,841729,4.21247,4.21247,0,,,5.00461,,,841729,,,,
2026-05-25,74,GTUSDCP,morpho blue,Arbitrum,$2.00m,1998095,4.20834,4.20834,0,,,4.12846,,,1998095,,,,
2026-05-25,75,BBQUSDC,morpho blue,Arbitrum,$2.32m,2323612,8.3481,8.3481,0,,,4.55811,,,4166776.115823839,,267890762.85,0,"{""PT-USDai-18JUN2026-(ARB)"":19.82,""SOL"":9.69,""cbLTC"":11.3,""AERO"":0.04,""cbETH"":0,""weETH"":0,""cbADA"":0.91,""WETH"":0.25,""cbBTC"":3.15,""cbXRP"":48.02,""LBTC"":0,""cUSDO"":0,""cbDOGE"":6.82}"
2026-05-25,76,GTUSDCC,morpho blue,Arbitrum,$3.07m,3074645,4.17869,4.17869,0,,,4.05122,,,3074645,,,,
2026-05-25,77,USDC,gains network,Base,$2.19m,2190039,4.16304,4.16304,,,,2.78458,,,2190039,,,,
2026-05-25,78,USDC-USDC,uniswap v3,Polygon,$5.43m,5433207,4.10594,4.10594,,,,4.89939,,,5433207,,,,
2026-05-25,79,SPARKUSDC,morpho blue,Base,$8.79m,8793977,4.0987,4.0987,0,,,3.8346,,,8793668.318907477,,0,0.44,"{""WETH"":100}"
2026-05-25,80,GTUSDCC,morpho blue,Base,$1.99m,1991718,4.111,4.111,0,,,3.83977,,,1991693.9126058053,,281431504.86,0,"{""wstETH"":0.4,""WETH"":16.09,""cbETH"":27.65,""cbBTC"":48.66,""weETH"":2.73,""LBTC"":4.46}"
2026-05-25,81,EDGEUSDC,morpho blue,Base,$647.7k,647670,4.1027,4.1027,0,,,6.89254,,,647662.4128292825,,36342314.15,1.75,"{""wstETH"":12.21,""WETH"":2.22,""cbBTC"":8.27,""mBASIS"":1.48,""uniBTC"":75.82}"
2026-05-25,82,HYPERUSDCA,morpho blue,Arbitrum,$770.1k,770051,4.072,4.072,0,,,4.74245,,,770051,,,,
2026-05-25,83,CSUSDC,morpho blue,Base,$2.60m,2603911,4.0297,4.0297,0,,,5.32334,,,2604247.2872405783,,112413875.2,0,"{""superOETHb"":0.08,""cbETH"":0.96,""cbBTC"":0.01,""yoUSD"":90.97,""WETH"":6.08}"
2026-05-25,84,SUSDAI-USDC,curve dex,Arbitrum,$1.84m,1842298,3.96,3.96,0,,,4.06509,,,1842298,,,,
2026-05-25,85,USDC,lazy summer protocol,Base,$1.40m,1401331,3.93126,3.2642,0.66706,3.2487,,3.96458,,,1401331,,,,
2026-05-25,86,RWAUSDI,multipli.fi,Base,$118.25m,118254169,3.888,3.888,,,,3.888,,,118254169,,,,
2026-05-25,87,USDY,toros,Base,$880.1k,880075,3.73,3.73,,,,4.12411,,,880075,,,,
2026-05-25,88,USDC,centrifuge protocol,Base,$590.5k,590536,3.71508,3.71508,,3.71508,,3.33587,,,590536,,,,
2026-05-25,89,STEAKUSDC,morpho blue,Base,$293.75m,293754231,4.576,4.576,0.25,,,3.87557,,,458349890.1469981,,449911864.74,0.05,"{""WETH"":4.11,""cbETH"":0.21,""cbBTC"":95.65,""wstETH"":0.03}"
2026-05-25,90,USDC,spectra metavaults,Base,$5.57m,5574996,3.65409,1.98551,1.66858,,,4.0208,,,5574996,,,,
2026-05-25,91,USDS,spark savings,Arbitrum,$358.76m,358758305,3.65,3.65,,,,3.65,,,358758305,,,,
2026-05-25,92,SUSDS,sky lending,Arbitrum,$358.76m,358758305,3.65,3.65,,,,3.65,,,358758305,,,,
2026-05-25,93,USDS,spark savings,Base,$222.50m,222496385,3.65,3.65,,,,3.65,,,222496385,,,,
2026-05-25,94,USDY,ondo yield assets,Arbitrum,$5.60m,5595018,3.55,3.55,,3.55,,3.55,,,5595018,,,,
2026-05-25,95,BBQUSDC,morpho blue,Arbitrum,$13.82m,13824720,8.3481,8.3481,0,,,4.10042,,,4166776.115823839,,267890762.85,0,"{""PT-USDai-18JUN2026-(ARB)"":19.82,""SOL"":9.69,""cbLTC"":11.3,""AERO"":0.04,""cbETH"":0,""weETH"":0,""cbADA"":0.91,""WETH"":0.25,""cbBTC"":3.15,""cbXRP"":48.02,""LBTC"":0,""cUSDO"":0,""cbDOGE"":6.82}"
2026-05-25,96,BUIDL,blackrock buidl,Polygon,$14.16m,14159860,3.46118,3.46118,,,,3.5365,,,14159860,,,,
2026-05-25,97,USDC,aave v3,Polygon,$9.98m,9975957,3.4446,3.4446,,,,2.84725,,,9975957,,,,
2026-05-25,98,USDC,compound v3,Base,$994.6k,994619,3.23135,3.23135,0,,,4.5608,,,994619,,,,
2026-05-25,99,BUIDL,blackrock buidl,Arbitrum,$25.52m,25519409,3.15137,3.15137,,,,3.22674,,,25519409,,,,
2026-05-25,100,USDC,aave v3,Base,$29.42m,29423928,3.1705,3.1705,,,,3.24504,,,29423928,,29940541.577421,83.28,
2026-05-25,101,USDC,Revert Lend,Base,$3.09m,3086387.032214,7.226129681922511,7.226129681922511,,,,,,,3086387.032214,,685170.287293,,
2026-05-25,102,baseUSD,Tokemak,Base,$7.53m,7530338.631319,2.940568960239154,2.940568960239154,,,,,,,7530338.631319,,,,
2026-05-25,103,ottoUSD,Tokemak,Base,$495,495.295919,3.402333692887871,3.402333692887871,,,,,,,495.295919,,,,
2026-05-25,104,40 Acres,Harvest Finance,Base,$7.77m,7774203.929526,9.82956481432038,9.82956481432038,,,,,,,7774203.929526,,,,
2026-05-25,105,USDC,AlphaGrowth,Base,$541.7k,541719.762697,6.478743536951437,6.478743536951437,,,,,,,541719.762697,,123545.200268,,
2026-05-25,106,yoVaultUSD,Yo,Base,$15.47m,15469572.745486,3.8992356755556568,3.8992356755556568,,,,,,,15469572.745486,,,,
2026-05-25,107,ymvOG-USDC,Morpho,Base,$2.13m,2134321.481709,4.4473,4.4473,,,,,,,2133734.29690365,,150105482.27,0.19,"{""cbLTC"":2.42,""cbXRP"":29.16,""LBTC"":0.01,""YFI"":0.51,""cbDOGE"":3.88,""cbBTC"":60.61,""WETH"":3.41}"
2026-05-25,108,CSBORUSDC,Morpho,Base,$518,518.165573,4.5423,4.5423,,,,,,,518.0232105116474,,0,0,"{""cbBTC"":40.84,""WETH"":59.16}"